ISO-10303-21;
HEADER;
/* Generated by software containing ST-Developer
 * from STEP Tools, Inc. (www.steptools.com) 
 */

FILE_DESCRIPTION(
/* description */ (''),
/* implementation_level */ '2;1');

FILE_NAME(
/* name */ '4.0 SPI TFT Module v2.step',
/* time_stamp */ '2025-04-25T09:51:46+02:00',
/* author */ (''),
/* organization */ (''),
/* preprocessor_version */ 'ST-DEVELOPER v20.1',
/* originating_system */ 'Autodesk Translation Framework v14.4.0.0',
/* authorisation */ '');

FILE_SCHEMA (('AUTOMOTIVE_DESIGN { 1 0 10303 214 3 1 1 }'));
ENDSEC;

DATA;
#10=MECHANICAL_DESIGN_GEOMETRIC_PRESENTATION_REPRESENTATION('',(#7719,#7720,
#7721,#7722,#7723,#7724,#7725,#7726,#7727,#7728,#7729,#7730,#7731,#7732,
#7733,#7734,#7735,#7736,#7737,#7738,#7739,#7740,#7741,#7742,#7743,#7744,
#7745,#7746,#7747,#7748,#7749,#7750,#7751,#7752,#7753,#7754,#7755,#7756,
#7757,#7758,#7759,#7760,#7761,#7762,#7763,#7764,#7765,#7766,#7767,#7768,
#7769,#7770,#7771,#7772,#7773,#7774,#7775,#7776,#7777,#7778,#7779,#7780,
#7781,#7782,#7783,#7784,#7785,#7786,#7787,#7788,#7789,#7790,#7791,#7792,
#7793,#7794,#7795,#7796,#7797,#7798,#7799,#7800,#7801,#7802,#7803,#7804,
#7805,#7806,#7807,#7808,#7809,#7810,#7811,#7812,#7813,#7814,#7815,#7816,
#7817,#7818,#7819,#7820,#7821,#7822,#7823,#7824,#7825,#7826,#7827,#7828,
#7829,#7830,#7831,#7832,#7833,#7834,#7835,#7836,#7837,#7838,#7839,#7840,
#7841,#7842,#7843,#7844,#7845,#7846,#7847,#7848,#7849,#7850,#7851,#7852,
#7853,#7854,#7855,#7856,#7857,#7858,#7859,#7860,#7861,#7862,#7863,#7864,
#7865,#7866,#7867,#7868,#7869,#7870,#7871,#7872,#7873,#7874,#7875,#7876,
#7877,#7878,#7879,#7880),#14742);
#11=CONTEXT_DEPENDENT_OVER_RIDING_STYLED_ITEM('',(#14895),#14803,#7880,
(#199));
#12=MAPPED_ITEM('',#13,#9110);
#13=REPRESENTATION_MAP(#9110,#14800);
#14=CYLINDRICAL_SURFACE('',#9034,0.600000000000005);
#15=CYLINDRICAL_SURFACE('',#9037,0.600000000000005);
#16=CYLINDRICAL_SURFACE('',#9040,0.600000000000005);
#17=CYLINDRICAL_SURFACE('',#9043,1.6);
#18=CYLINDRICAL_SURFACE('',#9046,0.600000000000005);
#19=CYLINDRICAL_SURFACE('',#9049,0.600000000000005);
#20=CYLINDRICAL_SURFACE('',#9052,1.6);
#21=CYLINDRICAL_SURFACE('',#9055,0.600000000000005);
#22=CYLINDRICAL_SURFACE('',#9058,0.600000000000005);
#23=CYLINDRICAL_SURFACE('',#9061,0.600000000000005);
#24=CYLINDRICAL_SURFACE('',#9064,1.6);
#25=CYLINDRICAL_SURFACE('',#9067,0.600000000000005);
#26=CYLINDRICAL_SURFACE('',#9070,0.600000000000005);
#27=CYLINDRICAL_SURFACE('',#9073,0.600000000000005);
#28=CYLINDRICAL_SURFACE('',#9076,0.600000000000005);
#29=CYLINDRICAL_SURFACE('',#9079,0.600000000000005);
#30=CYLINDRICAL_SURFACE('',#9082,1.6);
#31=CYLINDRICAL_SURFACE('',#9085,0.600000000000005);
#32=(
BOUNDED_SURFACE()
B_SPLINE_SURFACE(1,2,((#13165,#13166,#13167,#13168,#13169,#13170,#13171,
#13172,#13173),(#13174,#13175,#13176,#13177,#13178,#13179,#13180,#13181,
#13182)),.UNSPECIFIED.,.F.,.T.,.F.)
B_SPLINE_SURFACE_WITH_KNOTS((2,2),(3,2,2,2,3),(-0.0215916817377467,1.54464413925735),
(-3.14159265358979,-1.5707963267949,0.,1.5707963267949,3.14159265358979),
 .UNSPECIFIED.)
GEOMETRIC_REPRESENTATION_ITEM()
RATIONAL_B_SPLINE_SURFACE(((1.,0.707106781186548,1.,0.707106781186548,1.,
0.707106781186548,1.,0.707106781186548,1.),(1.,0.707106781186548,1.,0.707106781186548,
1.,0.707106781186548,1.,0.707106781186548,1.)))
REPRESENTATION_ITEM('')
SURFACE()
);
#33=(
BOUNDED_SURFACE()
B_SPLINE_SURFACE(1,2,((#13268,#13269,#13270,#13271,#13272,#13273,#13274,
#13275,#13276),(#13277,#13278,#13279,#13280,#13281,#13282,#13283,#13284,
#13285)),.UNSPECIFIED.,.F.,.T.,.F.)
B_SPLINE_SURFACE_WITH_KNOTS((2,2),(3,2,2,2,3),(-0.0215916817377468,1.54464413925735),
(-3.14159265358979,-1.5707963267949,0.,1.5707963267949,3.14159265358979),
 .UNSPECIFIED.)
GEOMETRIC_REPRESENTATION_ITEM()
RATIONAL_B_SPLINE_SURFACE(((1.,0.707106781186548,1.,0.707106781186548,1.,
0.707106781186548,1.,0.707106781186548,1.),(1.,0.707106781186548,1.,0.707106781186548,
1.,0.707106781186548,1.,0.707106781186548,1.)))
REPRESENTATION_ITEM('')
SURFACE()
);
#34=(
BOUNDED_SURFACE()
B_SPLINE_SURFACE(1,2,((#13371,#13372,#13373,#13374,#13375,#13376,#13377,
#13378,#13379),(#13380,#13381,#13382,#13383,#13384,#13385,#13386,#13387,
#13388)),.UNSPECIFIED.,.F.,.T.,.F.)
B_SPLINE_SURFACE_WITH_KNOTS((2,2),(3,2,2,2,3),(-0.0215916817377468,1.54464413925735),
(-3.14159265358979,-1.5707963267949,0.,1.5707963267949,3.14159265358979),
 .UNSPECIFIED.)
GEOMETRIC_REPRESENTATION_ITEM()
RATIONAL_B_SPLINE_SURFACE(((1.,0.707106781186548,1.,0.707106781186548,1.,
0.707106781186548,1.,0.707106781186548,1.),(1.,0.707106781186548,1.,0.707106781186548,
1.,0.707106781186548,1.,0.707106781186548,1.)))
REPRESENTATION_ITEM('')
SURFACE()
);
#35=(
BOUNDED_SURFACE()
B_SPLINE_SURFACE(1,2,((#13474,#13475,#13476,#13477,#13478,#13479,#13480,
#13481,#13482),(#13483,#13484,#13485,#13486,#13487,#13488,#13489,#13490,
#13491)),.UNSPECIFIED.,.F.,.T.,.F.)
B_SPLINE_SURFACE_WITH_KNOTS((2,2),(3,2,2,2,3),(-0.0215916817377468,1.54464413925735),
(-3.14159265358979,-1.5707963267949,0.,1.5707963267949,3.14159265358979),
 .UNSPECIFIED.)
GEOMETRIC_REPRESENTATION_ITEM()
RATIONAL_B_SPLINE_SURFACE(((1.,0.707106781186548,1.,0.707106781186548,1.,
0.707106781186548,1.,0.707106781186548,1.),(1.,0.707106781186548,1.,0.707106781186548,
1.,0.707106781186548,1.,0.707106781186548,1.)))
REPRESENTATION_ITEM('')
SURFACE()
);
#36=(
BOUNDED_SURFACE()
B_SPLINE_SURFACE(1,2,((#13577,#13578,#13579,#13580,#13581,#13582,#13583,
#13584,#13585),(#13586,#13587,#13588,#13589,#13590,#13591,#13592,#13593,
#13594)),.UNSPECIFIED.,.F.,.T.,.F.)
B_SPLINE_SURFACE_WITH_KNOTS((2,2),(3,2,2,2,3),(-0.0215916817377465,1.54464413925735),
(-3.14159265358979,-1.5707963267949,0.,1.5707963267949,3.14159265358979),
 .UNSPECIFIED.)
GEOMETRIC_REPRESENTATION_ITEM()
RATIONAL_B_SPLINE_SURFACE(((1.,0.707106781186548,1.,0.707106781186548,1.,
0.707106781186548,1.,0.707106781186548,1.),(1.,0.707106781186548,1.,0.707106781186548,
1.,0.707106781186548,1.,0.707106781186548,1.)))
REPRESENTATION_ITEM('')
SURFACE()
);
#37=(
BOUNDED_SURFACE()
B_SPLINE_SURFACE(1,2,((#13680,#13681,#13682,#13683,#13684,#13685,#13686,
#13687,#13688),(#13689,#13690,#13691,#13692,#13693,#13694,#13695,#13696,
#13697)),.UNSPECIFIED.,.F.,.T.,.F.)
B_SPLINE_SURFACE_WITH_KNOTS((2,2),(3,2,2,2,3),(-0.0215916817377465,1.54464413925735),
(-3.14159265358979,-1.5707963267949,0.,1.5707963267949,3.14159265358979),
 .UNSPECIFIED.)
GEOMETRIC_REPRESENTATION_ITEM()
RATIONAL_B_SPLINE_SURFACE(((1.,0.707106781186548,1.,0.707106781186548,1.,
0.707106781186548,1.,0.707106781186548,1.),(1.,0.707106781186548,1.,0.707106781186548,
1.,0.707106781186548,1.,0.707106781186548,1.)))
REPRESENTATION_ITEM('')
SURFACE()
);
#38=(
BOUNDED_SURFACE()
B_SPLINE_SURFACE(1,2,((#13783,#13784,#13785,#13786,#13787,#13788,#13789,
#13790,#13791),(#13792,#13793,#13794,#13795,#13796,#13797,#13798,#13799,
#13800)),.UNSPECIFIED.,.F.,.T.,.F.)
B_SPLINE_SURFACE_WITH_KNOTS((2,2),(3,2,2,2,3),(-0.0215916817377467,1.54464413925735),
(-3.14159265358979,-1.5707963267949,0.,1.5707963267949,3.14159265358979),
 .UNSPECIFIED.)
GEOMETRIC_REPRESENTATION_ITEM()
RATIONAL_B_SPLINE_SURFACE(((1.,0.707106781186548,1.,0.707106781186548,1.,
0.707106781186548,1.,0.707106781186548,1.),(1.,0.707106781186548,1.,0.707106781186548,
1.,0.707106781186548,1.,0.707106781186548,1.)))
REPRESENTATION_ITEM('')
SURFACE()
);
#39=(
BOUNDED_SURFACE()
B_SPLINE_SURFACE(1,2,((#13886,#13887,#13888,#13889,#13890,#13891,#13892,
#13893,#13894),(#13895,#13896,#13897,#13898,#13899,#13900,#13901,#13902,
#13903)),.UNSPECIFIED.,.F.,.T.,.F.)
B_SPLINE_SURFACE_WITH_KNOTS((2,2),(3,2,2,2,3),(-0.0215916817377467,1.54464413925735),
(-3.14159265358979,-1.5707963267949,0.,1.5707963267949,3.14159265358979),
 .UNSPECIFIED.)
GEOMETRIC_REPRESENTATION_ITEM()
RATIONAL_B_SPLINE_SURFACE(((1.,0.707106781186548,1.,0.707106781186548,1.,
0.707106781186548,1.,0.707106781186548,1.),(1.,0.707106781186548,1.,0.707106781186548,
1.,0.707106781186548,1.,0.707106781186548,1.)))
REPRESENTATION_ITEM('')
SURFACE()
);
#40=(
BOUNDED_SURFACE()
B_SPLINE_SURFACE(1,2,((#13989,#13990,#13991,#13992,#13993,#13994,#13995,
#13996,#13997),(#13998,#13999,#14000,#14001,#14002,#14003,#14004,#14005,
#14006)),.UNSPECIFIED.,.F.,.T.,.F.)
B_SPLINE_SURFACE_WITH_KNOTS((2,2),(3,2,2,2,3),(-0.0215916817377466,1.54464413925735),
(-3.14159265358979,-1.5707963267949,0.,1.5707963267949,3.14159265358979),
 .UNSPECIFIED.)
GEOMETRIC_REPRESENTATION_ITEM()
RATIONAL_B_SPLINE_SURFACE(((1.,0.707106781186548,1.,0.707106781186548,1.,
0.707106781186548,1.,0.707106781186548,1.),(1.,0.707106781186548,1.,0.707106781186548,
1.,0.707106781186548,1.,0.707106781186548,1.)))
REPRESENTATION_ITEM('')
SURFACE()
);
#41=(
BOUNDED_SURFACE()
B_SPLINE_SURFACE(1,2,((#14092,#14093,#14094,#14095,#14096,#14097,#14098,
#14099,#14100),(#14101,#14102,#14103,#14104,#14105,#14106,#14107,#14108,
#14109)),.UNSPECIFIED.,.F.,.T.,.F.)
B_SPLINE_SURFACE_WITH_KNOTS((2,2),(3,2,2,2,3),(-0.0215916817377465,1.54464413925735),
(-3.14159265358979,-1.5707963267949,0.,1.5707963267949,3.14159265358979),
 .UNSPECIFIED.)
GEOMETRIC_REPRESENTATION_ITEM()
RATIONAL_B_SPLINE_SURFACE(((1.,0.707106781186548,1.,0.707106781186548,1.,
0.707106781186548,1.,0.707106781186548,1.),(1.,0.707106781186548,1.,0.707106781186548,
1.,0.707106781186548,1.,0.707106781186548,1.)))
REPRESENTATION_ITEM('')
SURFACE()
);
#42=(
BOUNDED_SURFACE()
B_SPLINE_SURFACE(1,2,((#14195,#14196,#14197,#14198,#14199,#14200,#14201,
#14202,#14203),(#14204,#14205,#14206,#14207,#14208,#14209,#14210,#14211,
#14212)),.UNSPECIFIED.,.F.,.T.,.F.)
B_SPLINE_SURFACE_WITH_KNOTS((2,2),(3,2,2,2,3),(-0.0215916817377465,1.54464413925735),
(-3.14159265358979,-1.5707963267949,0.,1.5707963267949,3.14159265358979),
 .UNSPECIFIED.)
GEOMETRIC_REPRESENTATION_ITEM()
RATIONAL_B_SPLINE_SURFACE(((1.,0.707106781186548,1.,0.707106781186548,1.,
0.707106781186548,1.,0.707106781186548,1.),(1.,0.707106781186548,1.,0.707106781186548,
1.,0.707106781186548,1.,0.707106781186548,1.)))
REPRESENTATION_ITEM('')
SURFACE()
);
#43=(
BOUNDED_SURFACE()
B_SPLINE_SURFACE(1,2,((#14298,#14299,#14300,#14301,#14302,#14303,#14304,
#14305,#14306),(#14307,#14308,#14309,#14310,#14311,#14312,#14313,#14314,
#14315)),.UNSPECIFIED.,.F.,.T.,.F.)
B_SPLINE_SURFACE_WITH_KNOTS((2,2),(3,2,2,2,3),(-0.0215916817377468,1.54464413925735),
(-3.14159265358979,-1.5707963267949,0.,1.5707963267949,3.14159265358979),
 .UNSPECIFIED.)
GEOMETRIC_REPRESENTATION_ITEM()
RATIONAL_B_SPLINE_SURFACE(((1.,0.707106781186548,1.,0.707106781186548,1.,
0.707106781186548,1.,0.707106781186548,1.),(1.,0.707106781186548,1.,0.707106781186548,
1.,0.707106781186548,1.,0.707106781186548,1.)))
REPRESENTATION_ITEM('')
SURFACE()
);
#44=(
BOUNDED_SURFACE()
B_SPLINE_SURFACE(1,2,((#14401,#14402,#14403,#14404,#14405,#14406,#14407,
#14408,#14409),(#14410,#14411,#14412,#14413,#14414,#14415,#14416,#14417,
#14418)),.UNSPECIFIED.,.F.,.T.,.F.)
B_SPLINE_SURFACE_WITH_KNOTS((2,2),(3,2,2,2,3),(-0.0215916817377468,1.54464413925735),
(-3.14159265358979,-1.5707963267949,0.,1.5707963267949,3.14159265358979),
 .UNSPECIFIED.)
GEOMETRIC_REPRESENTATION_ITEM()
RATIONAL_B_SPLINE_SURFACE(((1.,0.707106781186548,1.,0.707106781186548,1.,
0.707106781186548,1.,0.707106781186548,1.),(1.,0.707106781186548,1.,0.707106781186548,
1.,0.707106781186548,1.,0.707106781186548,1.)))
REPRESENTATION_ITEM('')
SURFACE()
);
#45=(
BOUNDED_SURFACE()
B_SPLINE_SURFACE(1,2,((#14504,#14505,#14506,#14507,#14508,#14509,#14510,
#14511,#14512),(#14513,#14514,#14515,#14516,#14517,#14518,#14519,#14520,
#14521)),.UNSPECIFIED.,.F.,.T.,.F.)
B_SPLINE_SURFACE_WITH_KNOTS((2,2),(3,2,2,2,3),(-0.0215916817377468,1.54464413925735),
(-3.14159265358979,-1.5707963267949,0.,1.5707963267949,3.14159265358979),
 .UNSPECIFIED.)
GEOMETRIC_REPRESENTATION_ITEM()
RATIONAL_B_SPLINE_SURFACE(((1.,0.707106781186548,1.,0.707106781186548,1.,
0.707106781186548,1.,0.707106781186548,1.),(1.,0.707106781186548,1.,0.707106781186548,
1.,0.707106781186548,1.,0.707106781186548,1.)))
REPRESENTATION_ITEM('')
SURFACE()
);
#46=B_SPLINE_CURVE_WITH_KNOTS('',3,(#13139,#13140,#13141,#13142,#13143,
#13144,#13145,#13146,#13147,#13148),.UNSPECIFIED.,.T.,.F.,(4,1,1,1,1,1,
1,4),(0.,0.897597901025655,1.79519580205131,2.69279370307697,3.59039160410262,
4.48798950512828,5.38558740615393,6.28318530717959),.UNSPECIFIED.);
#47=B_SPLINE_CURVE_WITH_KNOTS('',3,(#13150,#13151,#13152,#13153,#13154,
#13155,#13156),.UNSPECIFIED.,.F.,.F.,(4,1,1,1,4),(-6.28318530717959,-5.38558740615393,
-4.48798950512828,-3.59039160410262,-3.27358211784511),.UNSPECIFIED.);
#48=B_SPLINE_CURVE_WITH_KNOTS('',3,(#13157,#13158,#13159,#13160,#13161,
#13162,#13163),.UNSPECIFIED.,.F.,.F.,(4,1,1,1,4),(-3.27358211784511,-2.69279370307697,
-1.79519580205131,-0.897597901025655,0.),.UNSPECIFIED.);
#49=B_SPLINE_CURVE_WITH_KNOTS('',1,(#13184,#13185),.UNSPECIFIED.,.F.,.F.,
(2,2),(-1.53828340377314,-1.47944327389057E-5),.UNSPECIFIED.);
#50=B_SPLINE_CURVE_WITH_KNOTS('',3,(#13242,#13243,#13244,#13245,#13246,
#13247,#13248,#13249,#13250,#13251),.UNSPECIFIED.,.T.,.F.,(4,1,1,1,1,1,
1,4),(0.,0.897597901025655,1.79519580205131,2.69279370307697,3.59039160410262,
4.48798950512828,5.38558740615393,6.28318530717959),.UNSPECIFIED.);
#51=B_SPLINE_CURVE_WITH_KNOTS('',3,(#13253,#13254,#13255,#13256,#13257,
#13258,#13259),.UNSPECIFIED.,.F.,.F.,(4,1,1,1,4),(-6.28318530717959,-5.38558740615393,
-4.48798950512828,-3.59039160410262,-3.27358211784515),.UNSPECIFIED.);
#52=B_SPLINE_CURVE_WITH_KNOTS('',3,(#13260,#13261,#13262,#13263,#13264,
#13265,#13266),.UNSPECIFIED.,.F.,.F.,(4,1,1,1,4),(-3.27358211784515,-2.69279370307697,
-1.79519580205131,-0.897597901025655,0.),.UNSPECIFIED.);
#53=B_SPLINE_CURVE_WITH_KNOTS('',1,(#13287,#13288),.UNSPECIFIED.,.F.,.F.,
(2,2),(-1.53828488297678,-1.47944327389161E-5),.UNSPECIFIED.);
#54=B_SPLINE_CURVE_WITH_KNOTS('',3,(#13345,#13346,#13347,#13348,#13349,
#13350,#13351,#13352,#13353,#13354),.UNSPECIFIED.,.T.,.F.,(4,1,1,1,1,1,
1,4),(0.,0.897597901025655,1.79519580205131,2.69279370307697,3.59039160410262,
4.48798950512828,5.38558740615393,6.28318530717959),.UNSPECIFIED.);
#55=B_SPLINE_CURVE_WITH_KNOTS('',3,(#13356,#13357,#13358,#13359,#13360,
#13361,#13362),.UNSPECIFIED.,.F.,.F.,(4,1,1,1,4),(-6.28318530717959,-5.38558740615393,
-4.48798950512828,-3.59039160410262,-3.27358211784514),.UNSPECIFIED.);
#56=B_SPLINE_CURVE_WITH_KNOTS('',3,(#13363,#13364,#13365,#13366,#13367,
#13368,#13369),.UNSPECIFIED.,.F.,.F.,(4,1,1,1,4),(-3.27358211784514,-2.69279370307697,
-1.79519580205131,-0.897597901025655,0.),.UNSPECIFIED.);
#57=B_SPLINE_CURVE_WITH_KNOTS('',1,(#13390,#13391),.UNSPECIFIED.,.F.,.F.,
(2,2),(-1.53828461401625,-1.47944327389127E-5),.UNSPECIFIED.);
#58=B_SPLINE_CURVE_WITH_KNOTS('',3,(#13448,#13449,#13450,#13451,#13452,
#13453,#13454,#13455,#13456,#13457),.UNSPECIFIED.,.T.,.F.,(4,1,1,1,1,1,
1,4),(0.,0.897597901025655,1.79519580205131,2.69279370307697,3.59039160410262,
4.48798950512828,5.38558740615393,6.28318530717959),.UNSPECIFIED.);
#59=B_SPLINE_CURVE_WITH_KNOTS('',3,(#13459,#13460,#13461,#13462,#13463,
#13464,#13465),.UNSPECIFIED.,.F.,.F.,(4,1,1,1,4),(-6.28318530717959,-5.38558740615393,
-4.48798950512828,-3.59039160410262,-3.27358211784513),.UNSPECIFIED.);
#60=B_SPLINE_CURVE_WITH_KNOTS('',3,(#13466,#13467,#13468,#13469,#13470,
#13471,#13472),.UNSPECIFIED.,.F.,.F.,(4,1,1,1,4),(-3.27358211784513,-2.69279370307697,
-1.79519580205131,-0.897597901025655,0.),.UNSPECIFIED.);
#61=B_SPLINE_CURVE_WITH_KNOTS('',1,(#13493,#13494),.UNSPECIFIED.,.F.,.F.,
(2,2),(-1.53828433340892,-1.47944327389231E-5),.UNSPECIFIED.);
#62=B_SPLINE_CURVE_WITH_KNOTS('',3,(#13551,#13552,#13553,#13554,#13555,
#13556,#13557,#13558,#13559,#13560),.UNSPECIFIED.,.T.,.F.,(4,1,1,1,1,1,
1,4),(0.,0.897597901025655,1.79519580205131,2.69279370307697,3.59039160410262,
4.48798950512828,5.38558740615393,6.28318530717959),.UNSPECIFIED.);
#63=B_SPLINE_CURVE_WITH_KNOTS('',3,(#13562,#13563,#13564,#13565,#13566,
#13567,#13568),.UNSPECIFIED.,.F.,.F.,(4,1,1,1,4),(-6.28318530717959,-5.38558740615393,
-4.48798950512828,-3.59039160410262,-3.27358211784512),.UNSPECIFIED.);
#64=B_SPLINE_CURVE_WITH_KNOTS('',3,(#13569,#13570,#13571,#13572,#13573,
#13574,#13575),.UNSPECIFIED.,.F.,.F.,(4,1,1,1,4),(-3.27358211784512,-2.69279370307697,
-1.79519580205131,-0.897597901025655,0.),.UNSPECIFIED.);
#65=B_SPLINE_CURVE_WITH_KNOTS('',1,(#13596,#13597),.UNSPECIFIED.,.F.,.F.,
(2,2),(-1.53828404067019,-1.47944327385206E-5),.UNSPECIFIED.);
#66=B_SPLINE_CURVE_WITH_KNOTS('',3,(#13654,#13655,#13656,#13657,#13658,
#13659,#13660,#13661,#13662,#13663),.UNSPECIFIED.,.T.,.F.,(4,1,1,1,1,1,
1,4),(0.,0.897597901025655,1.79519580205131,2.69279370307697,3.59039160410262,
4.48798950512828,5.38558740615393,6.28318530717959),.UNSPECIFIED.);
#67=B_SPLINE_CURVE_WITH_KNOTS('',3,(#13665,#13666,#13667,#13668,#13669,
#13670,#13671),.UNSPECIFIED.,.F.,.F.,(4,1,1,1,4),(-6.28318530717959,-5.38558740615393,
-4.48798950512828,-3.59039160410262,-3.27358211784512),.UNSPECIFIED.);
#68=B_SPLINE_CURVE_WITH_KNOTS('',3,(#13672,#13673,#13674,#13675,#13676,
#13677,#13678),.UNSPECIFIED.,.F.,.F.,(4,1,1,1,4),(-3.27358211784512,-2.69279370307697,
-1.79519580205131,-0.897597901025655,0.),.UNSPECIFIED.);
#69=B_SPLINE_CURVE_WITH_KNOTS('',1,(#13699,#13700),.UNSPECIFIED.,.F.,.F.,
(2,2),(-1.53828373529075,-1.47944327385241E-5),.UNSPECIFIED.);
#70=B_SPLINE_CURVE_WITH_KNOTS('',3,(#13757,#13758,#13759,#13760,#13761,
#13762,#13763,#13764,#13765,#13766),.UNSPECIFIED.,.T.,.F.,(4,1,1,1,1,1,
1,4),(0.,0.897597901025655,1.79519580205131,2.69279370307697,3.59039160410262,
4.48798950512828,5.38558740615393,6.28318530717959),.UNSPECIFIED.);
#71=B_SPLINE_CURVE_WITH_KNOTS('',3,(#13768,#13769,#13770,#13771,#13772,
#13773,#13774),.UNSPECIFIED.,.F.,.F.,(4,1,1,1,4),(-6.28318530717959,-5.38558740615393,
-4.48798950512828,-3.59039160410262,-3.27358211784512),.UNSPECIFIED.);
#72=B_SPLINE_CURVE_WITH_KNOTS('',3,(#13775,#13776,#13777,#13778,#13779,
#13780,#13781),.UNSPECIFIED.,.F.,.F.,(4,1,1,1,4),(-3.27358211784512,-2.69279370307697,
-1.79519580205131,-0.897597901025655,0.),.UNSPECIFIED.);
#73=B_SPLINE_CURVE_WITH_KNOTS('',1,(#13802,#13803),.UNSPECIFIED.,.F.,.F.,
(2,2),(-1.53828341673482,-1.47944327389127E-5),.UNSPECIFIED.);
#74=B_SPLINE_CURVE_WITH_KNOTS('',3,(#13860,#13861,#13862,#13863,#13864,
#13865,#13866,#13867,#13868,#13869),.UNSPECIFIED.,.T.,.F.,(4,1,1,1,1,1,
1,4),(0.,0.897597901025655,1.79519580205131,2.69279370307697,3.59039160410262,
4.48798950512828,5.38558740615393,6.28318530717959),.UNSPECIFIED.);
#75=B_SPLINE_CURVE_WITH_KNOTS('',3,(#13871,#13872,#13873,#13874,#13875,
#13876,#13877),.UNSPECIFIED.,.F.,.F.,(4,1,1,1,4),(-6.28318530717959,-5.38558740615393,
-4.48798950512828,-3.59039160410262,-3.27358211784512),.UNSPECIFIED.);
#76=B_SPLINE_CURVE_WITH_KNOTS('',3,(#13878,#13879,#13880,#13881,#13882,
#13883,#13884),.UNSPECIFIED.,.F.,.F.,(4,1,1,1,4),(-3.27358211784512,-2.69279370307697,
-1.79519580205131,-0.897597901025655,0.),.UNSPECIFIED.);
#77=B_SPLINE_CURVE_WITH_KNOTS('',1,(#13905,#13906),.UNSPECIFIED.,.F.,.F.,
(2,2),(-1.53828280129509,-1.47944327388259E-5),.UNSPECIFIED.);
#78=B_SPLINE_CURVE_WITH_KNOTS('',3,(#13963,#13964,#13965,#13966,#13967,
#13968,#13969,#13970,#13971,#13972),.UNSPECIFIED.,.T.,.F.,(4,1,1,1,1,1,
1,4),(0.,0.897597901025655,1.79519580205131,2.69279370307697,3.59039160410262,
4.48798950512828,5.38558740615393,6.28318530717959),.UNSPECIFIED.);
#79=B_SPLINE_CURVE_WITH_KNOTS('',3,(#13974,#13975,#13976,#13977,#13978,
#13979,#13980),.UNSPECIFIED.,.F.,.F.,(4,1,1,1,4),(-6.28318530717959,-5.38558740615393,
-4.48798950512828,-3.59039160410262,-3.27358211784512),.UNSPECIFIED.);
#80=B_SPLINE_CURVE_WITH_KNOTS('',3,(#13981,#13982,#13983,#13984,#13985,
#13986,#13987),.UNSPECIFIED.,.F.,.F.,(4,1,1,1,4),(-3.27358211784512,-2.69279370307697,
-1.79519580205131,-0.897597901025655,0.),.UNSPECIFIED.);
#81=B_SPLINE_CURVE_WITH_KNOTS('',1,(#14008,#14009),.UNSPECIFIED.,.F.,.F.,
(2,2),(-1.53828280279204,-1.47944327389682E-5),.UNSPECIFIED.);
#82=B_SPLINE_CURVE_WITH_KNOTS('',3,(#14066,#14067,#14068,#14069,#14070,
#14071,#14072,#14073,#14074,#14075),.UNSPECIFIED.,.T.,.F.,(4,1,1,1,1,1,
1,4),(0.,0.897597901025655,1.79519580205131,2.69279370307697,3.59039160410262,
4.48798950512828,5.38558740615393,6.28318530717959),.UNSPECIFIED.);
#83=B_SPLINE_CURVE_WITH_KNOTS('',3,(#14077,#14078,#14079,#14080,#14081,
#14082,#14083),.UNSPECIFIED.,.F.,.F.,(4,1,1,1,4),(-6.28318530717959,-5.38558740615393,
-4.48798950512828,-3.59039160410262,-3.27358211784512),.UNSPECIFIED.);
#84=B_SPLINE_CURVE_WITH_KNOTS('',3,(#14084,#14085,#14086,#14087,#14088,
#14089,#14090),.UNSPECIFIED.,.F.,.F.,(4,1,1,1,4),(-3.27358211784512,-2.69279370307697,
-1.79519580205131,-0.897597901025655,0.),.UNSPECIFIED.);
#85=B_SPLINE_CURVE_WITH_KNOTS('',1,(#14111,#14112),.UNSPECIFIED.,.F.,.F.,
(2,2),(-1.53828372286507,-1.47944327385206E-5),.UNSPECIFIED.);
#86=B_SPLINE_CURVE_WITH_KNOTS('',3,(#14169,#14170,#14171,#14172,#14173,
#14174,#14175,#14176,#14177,#14178),.UNSPECIFIED.,.T.,.F.,(4,1,1,1,1,1,
1,4),(0.,0.897597901025655,1.79519580205131,2.69279370307697,3.59039160410262,
4.48798950512828,5.38558740615393,6.28318530717959),.UNSPECIFIED.);
#87=B_SPLINE_CURVE_WITH_KNOTS('',3,(#14180,#14181,#14182,#14183,#14184,
#14185,#14186),.UNSPECIFIED.,.F.,.F.,(4,1,1,1,4),(-6.28318530717959,-5.38558740615393,
-4.48798950512828,-3.59039160410262,-3.27358211784512),.UNSPECIFIED.);
#88=B_SPLINE_CURVE_WITH_KNOTS('',3,(#14187,#14188,#14189,#14190,#14191,
#14192,#14193),.UNSPECIFIED.,.F.,.F.,(4,1,1,1,4),(-3.27358211784512,-2.69279370307697,
-1.79519580205131,-0.897597901025655,0.),.UNSPECIFIED.);
#89=B_SPLINE_CURVE_WITH_KNOTS('',1,(#14214,#14215),.UNSPECIFIED.,.F.,.F.,
(2,2),(-1.53828402875862,-1.47944327385276E-5),.UNSPECIFIED.);
#90=B_SPLINE_CURVE_WITH_KNOTS('',3,(#14272,#14273,#14274,#14275,#14276,
#14277,#14278,#14279,#14280,#14281),.UNSPECIFIED.,.T.,.F.,(4,1,1,1,1,1,
1,4),(0.,0.897597901025655,1.79519580205131,2.69279370307697,3.59039160410262,
4.48798950512828,5.38558740615393,6.28318530717959),.UNSPECIFIED.);
#91=B_SPLINE_CURVE_WITH_KNOTS('',3,(#14283,#14284,#14285,#14286,#14287,
#14288,#14289),.UNSPECIFIED.,.F.,.F.,(4,1,1,1,4),(-6.28318530717959,-5.38558740615393,
-4.48798950512828,-3.59039160410262,-3.27358211784513),.UNSPECIFIED.);
#92=B_SPLINE_CURVE_WITH_KNOTS('',3,(#14290,#14291,#14292,#14293,#14294,
#14295,#14296),.UNSPECIFIED.,.F.,.F.,(4,1,1,1,4),(-3.27358211784513,-2.69279370307697,
-1.79519580205131,-0.897597901025655,0.),.UNSPECIFIED.);
#93=B_SPLINE_CURVE_WITH_KNOTS('',1,(#14317,#14318),.UNSPECIFIED.,.F.,.F.,
(2,2),(-1.53828432199065,-1.47944327389161E-5),.UNSPECIFIED.);
#94=B_SPLINE_CURVE_WITH_KNOTS('',3,(#14375,#14376,#14377,#14378,#14379,
#14380,#14381,#14382,#14383,#14384),.UNSPECIFIED.,.T.,.F.,(4,1,1,1,1,1,
1,4),(0.,0.897597901025655,1.79519580205131,2.69279370307697,3.59039160410262,
4.48798950512828,5.38558740615393,6.28318530717959),.UNSPECIFIED.);
#95=B_SPLINE_CURVE_WITH_KNOTS('',3,(#14386,#14387,#14388,#14389,#14390,
#14391,#14392),.UNSPECIFIED.,.F.,.F.,(4,1,1,1,4),(-6.28318530717959,-5.38558740615393,
-4.48798950512828,-3.59039160410262,-3.27358211784513),.UNSPECIFIED.);
#96=B_SPLINE_CURVE_WITH_KNOTS('',3,(#14393,#14394,#14395,#14396,#14397,
#14398,#14399),.UNSPECIFIED.,.F.,.F.,(4,1,1,1,4),(-3.27358211784513,-2.69279370307697,
-1.79519580205131,-0.897597901025655,0.),.UNSPECIFIED.);
#97=B_SPLINE_CURVE_WITH_KNOTS('',1,(#14420,#14421),.UNSPECIFIED.,.F.,.F.,
(2,2),(-1.5382846030715,-1.47944327389161E-5),.UNSPECIFIED.);
#98=B_SPLINE_CURVE_WITH_KNOTS('',3,(#14478,#14479,#14480,#14481,#14482,
#14483,#14484,#14485,#14486,#14487),.UNSPECIFIED.,.T.,.F.,(4,1,1,1,1,1,
1,4),(0.,0.897597901025655,1.79519580205131,2.69279370307697,3.59039160410262,
4.48798950512828,5.38558740615393,6.28318530717959),.UNSPECIFIED.);
#99=B_SPLINE_CURVE_WITH_KNOTS('',3,(#14489,#14490,#14491,#14492,#14493,
#14494,#14495),.UNSPECIFIED.,.F.,.F.,(4,1,1,1,4),(-6.28318530717959,-5.38558740615393,
-4.48798950512828,-3.59039160410262,-3.27358211784513),.UNSPECIFIED.);
#100=B_SPLINE_CURVE_WITH_KNOTS('',3,(#14496,#14497,#14498,#14499,#14500,
#14501,#14502),.UNSPECIFIED.,.F.,.F.,(4,1,1,1,4),(-3.27358211784513,-2.69279370307697,
-1.79519580205131,-0.897597901025655,0.),.UNSPECIFIED.);
#101=B_SPLINE_CURVE_WITH_KNOTS('',1,(#14523,#14524),.UNSPECIFIED.,.F.,.F.,
(2,2),(-1.5382848724867,-1.47944327389161E-5),.UNSPECIFIED.);
#102=CIRCLE('',#8958,0.100000000000004);
#103=CIRCLE('',#8960,0.600000000000005);
#104=CIRCLE('',#8963,0.100000000000004);
#105=CIRCLE('',#8965,0.600000000000005);
#106=CIRCLE('',#8968,0.100000000000004);
#107=CIRCLE('',#8970,0.600000000000005);
#108=CIRCLE('',#8973,0.100000000000004);
#109=CIRCLE('',#8975,0.600000000000005);
#110=CIRCLE('',#8978,0.100000000000004);
#111=CIRCLE('',#8980,0.600000000000005);
#112=CIRCLE('',#8983,0.100000000000004);
#113=CIRCLE('',#8985,0.600000000000005);
#114=CIRCLE('',#8988,0.100000000000004);
#115=CIRCLE('',#8990,0.600000000000005);
#116=CIRCLE('',#8993,0.100000000000004);
#117=CIRCLE('',#8995,0.600000000000005);
#118=CIRCLE('',#8998,0.0999999999999948);
#119=CIRCLE('',#9000,0.600000000000005);
#120=CIRCLE('',#9003,0.0999999999999948);
#121=CIRCLE('',#9005,0.600000000000005);
#122=CIRCLE('',#9008,0.0999999999999948);
#123=CIRCLE('',#9010,0.600000000000005);
#124=CIRCLE('',#9013,0.100000000000004);
#125=CIRCLE('',#9015,0.600000000000005);
#126=CIRCLE('',#9018,0.0999999999999949);
#127=CIRCLE('',#9020,0.600000000000005);
#128=CIRCLE('',#9023,0.0999999999999948);
#129=CIRCLE('',#9025,0.600000000000005);
#130=CIRCLE('',#9035,0.600000000000005);
#131=CIRCLE('',#9036,0.600000000000005);
#132=CIRCLE('',#9038,0.600000000000005);
#133=CIRCLE('',#9039,0.600000000000005);
#134=CIRCLE('',#9041,0.600000000000005);
#135=CIRCLE('',#9042,0.600000000000005);
#136=CIRCLE('',#9044,1.6);
#137=CIRCLE('',#9045,1.6);
#138=CIRCLE('',#9047,0.600000000000005);
#139=CIRCLE('',#9048,0.600000000000005);
#140=CIRCLE('',#9050,0.600000000000005);
#141=CIRCLE('',#9051,0.600000000000005);
#142=CIRCLE('',#9053,1.6);
#143=CIRCLE('',#9054,1.6);
#144=CIRCLE('',#9056,0.600000000000005);
#145=CIRCLE('',#9057,0.600000000000005);
#146=CIRCLE('',#9059,0.600000000000005);
#147=CIRCLE('',#9060,0.600000000000005);
#148=CIRCLE('',#9062,0.600000000000005);
#149=CIRCLE('',#9063,0.600000000000005);
#150=CIRCLE('',#9065,1.6);
#151=CIRCLE('',#9066,1.6);
#152=CIRCLE('',#9068,0.600000000000005);
#153=CIRCLE('',#9069,0.600000000000005);
#154=CIRCLE('',#9071,0.600000000000005);
#155=CIRCLE('',#9072,0.600000000000005);
#156=CIRCLE('',#9074,0.600000000000005);
#157=CIRCLE('',#9075,0.600000000000005);
#158=CIRCLE('',#9077,0.600000000000005);
#159=CIRCLE('',#9078,0.600000000000005);
#160=CIRCLE('',#9080,0.600000000000005);
#161=CIRCLE('',#9081,0.600000000000005);
#162=CIRCLE('',#9083,1.6);
#163=CIRCLE('',#9084,1.6);
#164=CIRCLE('',#9086,0.600000000000005);
#165=CIRCLE('',#9087,0.600000000000005);
#166=B_SPLINE_SURFACE_WITH_KNOTS('',3,3,((#13086,#13087,#13088,#13089,#13090,
#13091,#13092,#13093,#13094,#13095),(#13096,#13097,#13098,#13099,#13100,
#13101,#13102,#13103,#13104,#13105),(#13106,#13107,#13108,#13109,#13110,
#13111,#13112,#13113,#13114,#13115),(#13116,#13117,#13118,#13119,#13120,
#13121,#13122,#13123,#13124,#13125),(#13126,#13127,#13128,#13129,#13130,
#13131,#13132,#13133,#13134,#13135)),.UNSPECIFIED.,.F.,.T.,.F.,(4,1,4),
(4,1,1,1,1,1,1,4),(0.,0.571428571428571,1.),(0.,0.897597901025655,1.79519580205131,
2.69279370307697,3.59039160410262,4.48798950512828,5.38558740615393,6.28318530717959),
 .UNSPECIFIED.);
#167=B_SPLINE_SURFACE_WITH_KNOTS('',3,3,((#13189,#13190,#13191,#13192,#13193,
#13194,#13195,#13196,#13197,#13198),(#13199,#13200,#13201,#13202,#13203,
#13204,#13205,#13206,#13207,#13208),(#13209,#13210,#13211,#13212,#13213,
#13214,#13215,#13216,#13217,#13218),(#13219,#13220,#13221,#13222,#13223,
#13224,#13225,#13226,#13227,#13228),(#13229,#13230,#13231,#13232,#13233,
#13234,#13235,#13236,#13237,#13238)),.UNSPECIFIED.,.F.,.T.,.F.,(4,1,4),
(4,1,1,1,1,1,1,4),(0.,0.571428571428571,1.),(0.,0.897597901025655,1.79519580205131,
2.69279370307697,3.59039160410262,4.48798950512828,5.38558740615393,6.28318530717959),
 .UNSPECIFIED.);
#168=B_SPLINE_SURFACE_WITH_KNOTS('',3,3,((#13292,#13293,#13294,#13295,#13296,
#13297,#13298,#13299,#13300,#13301),(#13302,#13303,#13304,#13305,#13306,
#13307,#13308,#13309,#13310,#13311),(#13312,#13313,#13314,#13315,#13316,
#13317,#13318,#13319,#13320,#13321),(#13322,#13323,#13324,#13325,#13326,
#13327,#13328,#13329,#13330,#13331),(#13332,#13333,#13334,#13335,#13336,
#13337,#13338,#13339,#13340,#13341)),.UNSPECIFIED.,.F.,.T.,.F.,(4,1,4),
(4,1,1,1,1,1,1,4),(0.,0.571428571428571,1.),(0.,0.897597901025655,1.79519580205131,
2.69279370307697,3.59039160410262,4.48798950512828,5.38558740615393,6.28318530717959),
 .UNSPECIFIED.);
#169=B_SPLINE_SURFACE_WITH_KNOTS('',3,3,((#13395,#13396,#13397,#13398,#13399,
#13400,#13401,#13402,#13403,#13404),(#13405,#13406,#13407,#13408,#13409,
#13410,#13411,#13412,#13413,#13414),(#13415,#13416,#13417,#13418,#13419,
#13420,#13421,#13422,#13423,#13424),(#13425,#13426,#13427,#13428,#13429,
#13430,#13431,#13432,#13433,#13434),(#13435,#13436,#13437,#13438,#13439,
#13440,#13441,#13442,#13443,#13444)),.UNSPECIFIED.,.F.,.T.,.F.,(4,1,4),
(4,1,1,1,1,1,1,4),(0.,0.571428571428571,1.),(0.,0.897597901025655,1.79519580205131,
2.69279370307697,3.59039160410262,4.48798950512828,5.38558740615393,6.28318530717959),
 .UNSPECIFIED.);
#170=B_SPLINE_SURFACE_WITH_KNOTS('',3,3,((#13498,#13499,#13500,#13501,#13502,
#13503,#13504,#13505,#13506,#13507),(#13508,#13509,#13510,#13511,#13512,
#13513,#13514,#13515,#13516,#13517),(#13518,#13519,#13520,#13521,#13522,
#13523,#13524,#13525,#13526,#13527),(#13528,#13529,#13530,#13531,#13532,
#13533,#13534,#13535,#13536,#13537),(#13538,#13539,#13540,#13541,#13542,
#13543,#13544,#13545,#13546,#13547)),.UNSPECIFIED.,.F.,.T.,.F.,(4,1,4),
(4,1,1,1,1,1,1,4),(0.,0.571428571428571,1.),(0.,0.897597901025655,1.79519580205131,
2.69279370307697,3.59039160410262,4.48798950512828,5.38558740615393,6.28318530717959),
 .UNSPECIFIED.);
#171=B_SPLINE_SURFACE_WITH_KNOTS('',3,3,((#13601,#13602,#13603,#13604,#13605,
#13606,#13607,#13608,#13609,#13610),(#13611,#13612,#13613,#13614,#13615,
#13616,#13617,#13618,#13619,#13620),(#13621,#13622,#13623,#13624,#13625,
#13626,#13627,#13628,#13629,#13630),(#13631,#13632,#13633,#13634,#13635,
#13636,#13637,#13638,#13639,#13640),(#13641,#13642,#13643,#13644,#13645,
#13646,#13647,#13648,#13649,#13650)),.UNSPECIFIED.,.F.,.T.,.F.,(4,1,4),
(4,1,1,1,1,1,1,4),(0.,0.571428571428571,1.),(0.,0.897597901025655,1.79519580205131,
2.69279370307697,3.59039160410262,4.48798950512828,5.38558740615393,6.28318530717959),
 .UNSPECIFIED.);
#172=B_SPLINE_SURFACE_WITH_KNOTS('',3,3,((#13704,#13705,#13706,#13707,#13708,
#13709,#13710,#13711,#13712,#13713),(#13714,#13715,#13716,#13717,#13718,
#13719,#13720,#13721,#13722,#13723),(#13724,#13725,#13726,#13727,#13728,
#13729,#13730,#13731,#13732,#13733),(#13734,#13735,#13736,#13737,#13738,
#13739,#13740,#13741,#13742,#13743),(#13744,#13745,#13746,#13747,#13748,
#13749,#13750,#13751,#13752,#13753)),.UNSPECIFIED.,.F.,.T.,.F.,(4,1,4),
(4,1,1,1,1,1,1,4),(0.,0.571428571428571,1.),(0.,0.897597901025655,1.79519580205131,
2.69279370307697,3.59039160410262,4.48798950512828,5.38558740615393,6.28318530717959),
 .UNSPECIFIED.);
#173=B_SPLINE_SURFACE_WITH_KNOTS('',3,3,((#13807,#13808,#13809,#13810,#13811,
#13812,#13813,#13814,#13815,#13816),(#13817,#13818,#13819,#13820,#13821,
#13822,#13823,#13824,#13825,#13826),(#13827,#13828,#13829,#13830,#13831,
#13832,#13833,#13834,#13835,#13836),(#13837,#13838,#13839,#13840,#13841,
#13842,#13843,#13844,#13845,#13846),(#13847,#13848,#13849,#13850,#13851,
#13852,#13853,#13854,#13855,#13856)),.UNSPECIFIED.,.F.,.T.,.F.,(4,1,4),
(4,1,1,1,1,1,1,4),(0.,0.571428571428571,1.),(0.,0.897597901025655,1.79519580205131,
2.69279370307697,3.59039160410262,4.48798950512828,5.38558740615393,6.28318530717959),
 .UNSPECIFIED.);
#174=B_SPLINE_SURFACE_WITH_KNOTS('',3,3,((#13910,#13911,#13912,#13913,#13914,
#13915,#13916,#13917,#13918,#13919),(#13920,#13921,#13922,#13923,#13924,
#13925,#13926,#13927,#13928,#13929),(#13930,#13931,#13932,#13933,#13934,
#13935,#13936,#13937,#13938,#13939),(#13940,#13941,#13942,#13943,#13944,
#13945,#13946,#13947,#13948,#13949),(#13950,#13951,#13952,#13953,#13954,
#13955,#13956,#13957,#13958,#13959)),.UNSPECIFIED.,.F.,.T.,.F.,(4,1,4),
(4,1,1,1,1,1,1,4),(0.,0.571428571428571,1.),(0.,0.897597901025655,1.79519580205131,
2.69279370307697,3.59039160410262,4.48798950512828,5.38558740615393,6.28318530717959),
 .UNSPECIFIED.);
#175=B_SPLINE_SURFACE_WITH_KNOTS('',3,3,((#14013,#14014,#14015,#14016,#14017,
#14018,#14019,#14020,#14021,#14022),(#14023,#14024,#14025,#14026,#14027,
#14028,#14029,#14030,#14031,#14032),(#14033,#14034,#14035,#14036,#14037,
#14038,#14039,#14040,#14041,#14042),(#14043,#14044,#14045,#14046,#14047,
#14048,#14049,#14050,#14051,#14052),(#14053,#14054,#14055,#14056,#14057,
#14058,#14059,#14060,#14061,#14062)),.UNSPECIFIED.,.F.,.T.,.F.,(4,1,4),
(4,1,1,1,1,1,1,4),(0.,0.571428571428571,1.),(0.,0.897597901025655,1.79519580205131,
2.69279370307697,3.59039160410262,4.48798950512828,5.38558740615393,6.28318530717959),
 .UNSPECIFIED.);
#176=B_SPLINE_SURFACE_WITH_KNOTS('',3,3,((#14116,#14117,#14118,#14119,#14120,
#14121,#14122,#14123,#14124,#14125),(#14126,#14127,#14128,#14129,#14130,
#14131,#14132,#14133,#14134,#14135),(#14136,#14137,#14138,#14139,#14140,
#14141,#14142,#14143,#14144,#14145),(#14146,#14147,#14148,#14149,#14150,
#14151,#14152,#14153,#14154,#14155),(#14156,#14157,#14158,#14159,#14160,
#14161,#14162,#14163,#14164,#14165)),.UNSPECIFIED.,.F.,.T.,.F.,(4,1,4),
(4,1,1,1,1,1,1,4),(0.,0.571428571428571,1.),(0.,0.897597901025655,1.79519580205131,
2.69279370307697,3.59039160410262,4.48798950512828,5.38558740615393,6.28318530717959),
 .UNSPECIFIED.);
#177=B_SPLINE_SURFACE_WITH_KNOTS('',3,3,((#14219,#14220,#14221,#14222,#14223,
#14224,#14225,#14226,#14227,#14228),(#14229,#14230,#14231,#14232,#14233,
#14234,#14235,#14236,#14237,#14238),(#14239,#14240,#14241,#14242,#14243,
#14244,#14245,#14246,#14247,#14248),(#14249,#14250,#14251,#14252,#14253,
#14254,#14255,#14256,#14257,#14258),(#14259,#14260,#14261,#14262,#14263,
#14264,#14265,#14266,#14267,#14268)),.UNSPECIFIED.,.F.,.T.,.F.,(4,1,4),
(4,1,1,1,1,1,1,4),(0.,0.571428571428571,1.),(0.,0.897597901025655,1.79519580205131,
2.69279370307697,3.59039160410262,4.48798950512828,5.38558740615393,6.28318530717959),
 .UNSPECIFIED.);
#178=B_SPLINE_SURFACE_WITH_KNOTS('',3,3,((#14322,#14323,#14324,#14325,#14326,
#14327,#14328,#14329,#14330,#14331),(#14332,#14333,#14334,#14335,#14336,
#14337,#14338,#14339,#14340,#14341),(#14342,#14343,#14344,#14345,#14346,
#14347,#14348,#14349,#14350,#14351),(#14352,#14353,#14354,#14355,#14356,
#14357,#14358,#14359,#14360,#14361),(#14362,#14363,#14364,#14365,#14366,
#14367,#14368,#14369,#14370,#14371)),.UNSPECIFIED.,.F.,.T.,.F.,(4,1,4),
(4,1,1,1,1,1,1,4),(0.,0.571428571428571,1.),(0.,0.897597901025655,1.79519580205131,
2.69279370307697,3.59039160410262,4.48798950512828,5.38558740615393,6.28318530717959),
 .UNSPECIFIED.);
#179=B_SPLINE_SURFACE_WITH_KNOTS('',3,3,((#14425,#14426,#14427,#14428,#14429,
#14430,#14431,#14432,#14433,#14434),(#14435,#14436,#14437,#14438,#14439,
#14440,#14441,#14442,#14443,#14444),(#14445,#14446,#14447,#14448,#14449,
#14450,#14451,#14452,#14453,#14454),(#14455,#14456,#14457,#14458,#14459,
#14460,#14461,#14462,#14463,#14464),(#14465,#14466,#14467,#14468,#14469,
#14470,#14471,#14472,#14473,#14474)),.UNSPECIFIED.,.F.,.T.,.F.,(4,1,4),
(4,1,1,1,1,1,1,4),(0.,0.571428571428571,1.),(0.,0.897597901025655,1.79519580205131,
2.69279370307697,3.59039160410262,4.48798950512828,5.38558740615393,6.28318530717959),
 .UNSPECIFIED.);
#180=ITEM_DEFINED_TRANSFORMATION($,$,#8559,#8956);
#181=ITEM_DEFINED_TRANSFORMATION($,$,#8558,#9094);
#182=ITEM_DEFINED_TRANSFORMATION($,$,#8957,#9095);
#183=ITEM_DEFINED_TRANSFORMATION($,$,#8962,#9096);
#184=ITEM_DEFINED_TRANSFORMATION($,$,#8967,#9097);
#185=ITEM_DEFINED_TRANSFORMATION($,$,#8972,#9098);
#186=ITEM_DEFINED_TRANSFORMATION($,$,#8977,#9099);
#187=ITEM_DEFINED_TRANSFORMATION($,$,#8982,#9100);
#188=ITEM_DEFINED_TRANSFORMATION($,$,#8987,#9101);
#189=ITEM_DEFINED_TRANSFORMATION($,$,#8992,#9102);
#190=ITEM_DEFINED_TRANSFORMATION($,$,#8997,#9103);
#191=ITEM_DEFINED_TRANSFORMATION($,$,#9002,#9104);
#192=ITEM_DEFINED_TRANSFORMATION($,$,#9007,#9105);
#193=ITEM_DEFINED_TRANSFORMATION($,$,#9012,#9106);
#194=ITEM_DEFINED_TRANSFORMATION($,$,#9017,#9107);
#195=ITEM_DEFINED_TRANSFORMATION($,$,#9022,#9108);
#196=ITEM_DEFINED_TRANSFORMATION($,$,#9027,#9109);
#197=(
REPRESENTATION_RELATIONSHIP($,$,#14802,#14801)
REPRESENTATION_RELATIONSHIP_WITH_TRANSFORMATION(#180)
SHAPE_REPRESENTATION_RELATIONSHIP()
);
#198=(
REPRESENTATION_RELATIONSHIP($,$,#14801,#14800)
REPRESENTATION_RELATIONSHIP_WITH_TRANSFORMATION(#181)
SHAPE_REPRESENTATION_RELATIONSHIP()
);
#199=(
REPRESENTATION_RELATIONSHIP($,$,#14803,#14800)
REPRESENTATION_RELATIONSHIP_WITH_TRANSFORMATION(#182)
SHAPE_REPRESENTATION_RELATIONSHIP()
);
#200=(
REPRESENTATION_RELATIONSHIP($,$,#14804,#14800)
REPRESENTATION_RELATIONSHIP_WITH_TRANSFORMATION(#183)
SHAPE_REPRESENTATION_RELATIONSHIP()
);
#201=(
REPRESENTATION_RELATIONSHIP($,$,#14805,#14800)
REPRESENTATION_RELATIONSHIP_WITH_TRANSFORMATION(#184)
SHAPE_REPRESENTATION_RELATIONSHIP()
);
#202=(
REPRESENTATION_RELATIONSHIP($,$,#14806,#14800)
REPRESENTATION_RELATIONSHIP_WITH_TRANSFORMATION(#185)
SHAPE_REPRESENTATION_RELATIONSHIP()
);
#203=(
REPRESENTATION_RELATIONSHIP($,$,#14807,#14800)
REPRESENTATION_RELATIONSHIP_WITH_TRANSFORMATION(#186)
SHAPE_REPRESENTATION_RELATIONSHIP()
);
#204=(
REPRESENTATION_RELATIONSHIP($,$,#14808,#14800)
REPRESENTATION_RELATIONSHIP_WITH_TRANSFORMATION(#187)
SHAPE_REPRESENTATION_RELATIONSHIP()
);
#205=(
REPRESENTATION_RELATIONSHIP($,$,#14809,#14800)
REPRESENTATION_RELATIONSHIP_WITH_TRANSFORMATION(#188)
SHAPE_REPRESENTATION_RELATIONSHIP()
);
#206=(
REPRESENTATION_RELATIONSHIP($,$,#14810,#14800)
REPRESENTATION_RELATIONSHIP_WITH_TRANSFORMATION(#189)
SHAPE_REPRESENTATION_RELATIONSHIP()
);
#207=(
REPRESENTATION_RELATIONSHIP($,$,#14811,#14800)
REPRESENTATION_RELATIONSHIP_WITH_TRANSFORMATION(#190)
SHAPE_REPRESENTATION_RELATIONSHIP()
);
#208=(
REPRESENTATION_RELATIONSHIP($,$,#14812,#14800)
REPRESENTATION_RELATIONSHIP_WITH_TRANSFORMATION(#191)
SHAPE_REPRESENTATION_RELATIONSHIP()
);
#209=(
REPRESENTATION_RELATIONSHIP($,$,#14813,#14800)
REPRESENTATION_RELATIONSHIP_WITH_TRANSFORMATION(#192)
SHAPE_REPRESENTATION_RELATIONSHIP()
);
#210=(
REPRESENTATION_RELATIONSHIP($,$,#14814,#14800)
REPRESENTATION_RELATIONSHIP_WITH_TRANSFORMATION(#193)
SHAPE_REPRESENTATION_RELATIONSHIP()
);
#211=(
REPRESENTATION_RELATIONSHIP($,$,#14815,#14800)
REPRESENTATION_RELATIONSHIP_WITH_TRANSFORMATION(#194)
SHAPE_REPRESENTATION_RELATIONSHIP()
);
#212=(
REPRESENTATION_RELATIONSHIP($,$,#14816,#14800)
REPRESENTATION_RELATIONSHIP_WITH_TRANSFORMATION(#195)
SHAPE_REPRESENTATION_RELATIONSHIP()
);
#213=(
REPRESENTATION_RELATIONSHIP($,$,#14817,#14800)
REPRESENTATION_RELATIONSHIP_WITH_TRANSFORMATION(#196)
SHAPE_REPRESENTATION_RELATIONSHIP()
);
#214=CONTEXT_DEPENDENT_SHAPE_REPRESENTATION(#197,#14768);
#215=CONTEXT_DEPENDENT_SHAPE_REPRESENTATION(#198,#14784);
#216=CONTEXT_DEPENDENT_SHAPE_REPRESENTATION(#199,#14785);
#217=CONTEXT_DEPENDENT_SHAPE_REPRESENTATION(#200,#14786);
#218=CONTEXT_DEPENDENT_SHAPE_REPRESENTATION(#201,#14787);
#219=CONTEXT_DEPENDENT_SHAPE_REPRESENTATION(#202,#14788);
#220=CONTEXT_DEPENDENT_SHAPE_REPRESENTATION(#203,#14789);
#221=CONTEXT_DEPENDENT_SHAPE_REPRESENTATION(#204,#14790);
#222=CONTEXT_DEPENDENT_SHAPE_REPRESENTATION(#205,#14791);
#223=CONTEXT_DEPENDENT_SHAPE_REPRESENTATION(#206,#14792);
#224=CONTEXT_DEPENDENT_SHAPE_REPRESENTATION(#207,#14793);
#225=CONTEXT_DEPENDENT_SHAPE_REPRESENTATION(#208,#14794);
#226=CONTEXT_DEPENDENT_SHAPE_REPRESENTATION(#209,#14795);
#227=CONTEXT_DEPENDENT_SHAPE_REPRESENTATION(#210,#14796);
#228=CONTEXT_DEPENDENT_SHAPE_REPRESENTATION(#211,#14797);
#229=CONTEXT_DEPENDENT_SHAPE_REPRESENTATION(#212,#14798);
#230=CONTEXT_DEPENDENT_SHAPE_REPRESENTATION(#213,#14799);
#231=NEXT_ASSEMBLY_USAGE_OCCURRENCE('14-Pin Header - Male - 2.54mm:1',
'14-Pin Header - Male - 2.54mm:1','14-Pin Header - Male - 2.54mm:1',#14820,
#14821,'14-Pin Header - Male - 2.54mm:1');
#232=NEXT_ASSEMBLY_USAGE_OCCURRENCE(
'14-Pin Header - Male - 2.54mm v1:1',
'14-Pin Header - Male - 2.54mm v1:1',
'14-Pin Header - Male - 2.54mm v1:1',#14819,#14820,
'14-Pin Header - Male - 2.54mm v1:1');
#233=NEXT_ASSEMBLY_USAGE_OCCURRENCE('Sn60Pb40:1','Sn60Pb40:1',
'Sn60Pb40:1',#14819,#14822,'Sn60Pb40:1');
#234=NEXT_ASSEMBLY_USAGE_OCCURRENCE('Sn60Pb40 (1):1','Sn60Pb40 (1):1',
'Sn60Pb40 (1):1',#14819,#14823,'Sn60Pb40 (1):1');
#235=NEXT_ASSEMBLY_USAGE_OCCURRENCE('Sn60Pb40 (2):1','Sn60Pb40 (2):1',
'Sn60Pb40 (2):1',#14819,#14824,'Sn60Pb40 (2):1');
#236=NEXT_ASSEMBLY_USAGE_OCCURRENCE('Sn60Pb40 (3):1','Sn60Pb40 (3):1',
'Sn60Pb40 (3):1',#14819,#14825,'Sn60Pb40 (3):1');
#237=NEXT_ASSEMBLY_USAGE_OCCURRENCE('Sn60Pb40 (4):1','Sn60Pb40 (4):1',
'Sn60Pb40 (4):1',#14819,#14826,'Sn60Pb40 (4):1');
#238=NEXT_ASSEMBLY_USAGE_OCCURRENCE('Sn60Pb40 (5):1','Sn60Pb40 (5):1',
'Sn60Pb40 (5):1',#14819,#14827,'Sn60Pb40 (5):1');
#239=NEXT_ASSEMBLY_USAGE_OCCURRENCE('Sn60Pb40 (6):1','Sn60Pb40 (6):1',
'Sn60Pb40 (6):1',#14819,#14828,'Sn60Pb40 (6):1');
#240=NEXT_ASSEMBLY_USAGE_OCCURRENCE('Sn60Pb40 (7):1','Sn60Pb40 (7):1',
'Sn60Pb40 (7):1',#14819,#14829,'Sn60Pb40 (7):1');
#241=NEXT_ASSEMBLY_USAGE_OCCURRENCE('Sn60Pb40 (8):1','Sn60Pb40 (8):1',
'Sn60Pb40 (8):1',#14819,#14830,'Sn60Pb40 (8):1');
#242=NEXT_ASSEMBLY_USAGE_OCCURRENCE('Sn60Pb40 (9):1','Sn60Pb40 (9):1',
'Sn60Pb40 (9):1',#14819,#14831,'Sn60Pb40 (9):1');
#243=NEXT_ASSEMBLY_USAGE_OCCURRENCE('Sn60Pb40 (10):1','Sn60Pb40 (10):1',
'Sn60Pb40 (10):1',#14819,#14832,'Sn60Pb40 (10):1');
#244=NEXT_ASSEMBLY_USAGE_OCCURRENCE('Sn60Pb40 (11):1','Sn60Pb40 (11):1',
'Sn60Pb40 (11):1',#14819,#14833,'Sn60Pb40 (11):1');
#245=NEXT_ASSEMBLY_USAGE_OCCURRENCE('Sn60Pb40 (12):1','Sn60Pb40 (12):1',
'Sn60Pb40 (12):1',#14819,#14834,'Sn60Pb40 (12):1');
#246=NEXT_ASSEMBLY_USAGE_OCCURRENCE('Sn60Pb40 (13):1','Sn60Pb40 (13):1',
'Sn60Pb40 (13):1',#14819,#14835,'Sn60Pb40 (13):1');
#247=NEXT_ASSEMBLY_USAGE_OCCURRENCE('Screen 4.0":1','Screen 4.0":1',
'Screen 4.0":1',#14819,#14836,'Screen 4.0":1');
#248=SHAPE_REPRESENTATION_RELATIONSHIP('SRR','None',#14802,#265);
#249=SHAPE_REPRESENTATION_RELATIONSHIP('SRR','None',#14803,#266);
#250=SHAPE_REPRESENTATION_RELATIONSHIP('SRR','None',#14804,#267);
#251=SHAPE_REPRESENTATION_RELATIONSHIP('SRR','None',#14805,#268);
#252=SHAPE_REPRESENTATION_RELATIONSHIP('SRR','None',#14806,#269);
#253=SHAPE_REPRESENTATION_RELATIONSHIP('SRR','None',#14807,#270);
#254=SHAPE_REPRESENTATION_RELATIONSHIP('SRR','None',#14808,#271);
#255=SHAPE_REPRESENTATION_RELATIONSHIP('SRR','None',#14809,#272);
#256=SHAPE_REPRESENTATION_RELATIONSHIP('SRR','None',#14810,#273);
#257=SHAPE_REPRESENTATION_RELATIONSHIP('SRR','None',#14811,#274);
#258=SHAPE_REPRESENTATION_RELATIONSHIP('SRR','None',#14812,#275);
#259=SHAPE_REPRESENTATION_RELATIONSHIP('SRR','None',#14813,#276);
#260=SHAPE_REPRESENTATION_RELATIONSHIP('SRR','None',#14814,#277);
#261=SHAPE_REPRESENTATION_RELATIONSHIP('SRR','None',#14815,#278);
#262=SHAPE_REPRESENTATION_RELATIONSHIP('SRR','None',#14816,#279);
#263=SHAPE_REPRESENTATION_RELATIONSHIP('SRR','None',#14817,#280);
#264=SHAPE_REPRESENTATION_RELATIONSHIP('SRR','None',#14800,#281);
#265=ADVANCED_BREP_SHAPE_REPRESENTATION('',(#282),#14726);
#266=ADVANCED_BREP_SHAPE_REPRESENTATION('',(#283),#14727);
#267=ADVANCED_BREP_SHAPE_REPRESENTATION('',(#284),#14728);
#268=ADVANCED_BREP_SHAPE_REPRESENTATION('',(#285),#14729);
#269=ADVANCED_BREP_SHAPE_REPRESENTATION('',(#286),#14730);
#270=ADVANCED_BREP_SHAPE_REPRESENTATION('',(#287),#14731);
#271=ADVANCED_BREP_SHAPE_REPRESENTATION('',(#288),#14732);
#272=ADVANCED_BREP_SHAPE_REPRESENTATION('',(#289),#14733);
#273=ADVANCED_BREP_SHAPE_REPRESENTATION('',(#290),#14734);
#274=ADVANCED_BREP_SHAPE_REPRESENTATION('',(#291),#14735);
#275=ADVANCED_BREP_SHAPE_REPRESENTATION('',(#292),#14736);
#276=ADVANCED_BREP_SHAPE_REPRESENTATION('',(#293),#14737);
#277=ADVANCED_BREP_SHAPE_REPRESENTATION('',(#294),#14738);
#278=ADVANCED_BREP_SHAPE_REPRESENTATION('',(#295),#14739);
#279=ADVANCED_BREP_SHAPE_REPRESENTATION('',(#296),#14740);
#280=ADVANCED_BREP_SHAPE_REPRESENTATION('',(#297),#14741);
#281=ADVANCED_BREP_SHAPE_REPRESENTATION('',(#298),#14724);
#282=MANIFOLD_SOLID_BREP('Corps1',#8363);
#283=MANIFOLD_SOLID_BREP('Corps1',#8364);
#284=MANIFOLD_SOLID_BREP('Corps1',#8365);
#285=MANIFOLD_SOLID_BREP('Corps1',#8366);
#286=MANIFOLD_SOLID_BREP('Corps1',#8367);
#287=MANIFOLD_SOLID_BREP('Corps1',#8368);
#288=MANIFOLD_SOLID_BREP('Corps1',#8369);
#289=MANIFOLD_SOLID_BREP('Corps1',#8370);
#290=MANIFOLD_SOLID_BREP('Corps1',#8371);
#291=MANIFOLD_SOLID_BREP('Corps1',#8372);
#292=MANIFOLD_SOLID_BREP('Corps1',#8373);
#293=MANIFOLD_SOLID_BREP('Corps1',#8374);
#294=MANIFOLD_SOLID_BREP('Corps1',#8375);
#295=MANIFOLD_SOLID_BREP('Corps1',#8376);
#296=MANIFOLD_SOLID_BREP('Corps1',#8377);
#297=MANIFOLD_SOLID_BREP('Corps1',#8378);
#298=MANIFOLD_SOLID_BREP('Corps1',#8379);
#299=FACE_BOUND('',#867,.T.);
#300=FACE_BOUND('',#870,.T.);
#301=FACE_BOUND('',#871,.T.);
#302=FACE_BOUND('',#872,.T.);
#303=FACE_BOUND('',#873,.T.);
#304=FACE_BOUND('',#874,.T.);
#305=FACE_BOUND('',#875,.T.);
#306=FACE_BOUND('',#876,.T.);
#307=FACE_BOUND('',#877,.T.);
#308=FACE_BOUND('',#878,.T.);
#309=FACE_BOUND('',#879,.T.);
#310=FACE_BOUND('',#880,.T.);
#311=FACE_BOUND('',#881,.T.);
#312=FACE_BOUND('',#882,.T.);
#313=FACE_BOUND('',#883,.T.);
#314=FACE_BOUND('',#887,.T.);
#315=FACE_BOUND('',#896,.T.);
#316=FACE_BOUND('',#905,.T.);
#317=FACE_BOUND('',#914,.T.);
#318=FACE_BOUND('',#923,.T.);
#319=FACE_BOUND('',#932,.T.);
#320=FACE_BOUND('',#941,.T.);
#321=FACE_BOUND('',#950,.T.);
#322=FACE_BOUND('',#959,.T.);
#323=FACE_BOUND('',#968,.T.);
#324=FACE_BOUND('',#977,.T.);
#325=FACE_BOUND('',#986,.T.);
#326=FACE_BOUND('',#995,.T.);
#327=FACE_BOUND('',#1354,.T.);
#328=FACE_BOUND('',#1355,.T.);
#329=FACE_BOUND('',#1356,.T.);
#330=FACE_BOUND('',#1357,.T.);
#331=FACE_BOUND('',#1358,.T.);
#332=FACE_BOUND('',#1359,.T.);
#333=FACE_BOUND('',#1360,.T.);
#334=FACE_BOUND('',#1361,.T.);
#335=FACE_BOUND('',#1362,.T.);
#336=FACE_BOUND('',#1363,.T.);
#337=FACE_BOUND('',#1364,.T.);
#338=FACE_BOUND('',#1365,.T.);
#339=FACE_BOUND('',#1366,.T.);
#340=FACE_BOUND('',#1367,.T.);
#341=FACE_BOUND('',#1368,.T.);
#342=FACE_BOUND('',#1369,.T.);
#343=FACE_BOUND('',#1370,.T.);
#344=FACE_BOUND('',#1371,.T.);
#345=FACE_BOUND('',#1373,.T.);
#346=FACE_BOUND('',#1374,.T.);
#347=FACE_BOUND('',#1375,.T.);
#348=FACE_BOUND('',#1376,.T.);
#349=FACE_BOUND('',#1377,.T.);
#350=FACE_BOUND('',#1378,.T.);
#351=FACE_BOUND('',#1379,.T.);
#352=FACE_BOUND('',#1380,.T.);
#353=FACE_BOUND('',#1381,.T.);
#354=FACE_BOUND('',#1382,.T.);
#355=FACE_BOUND('',#1383,.T.);
#356=FACE_BOUND('',#1384,.T.);
#357=FACE_BOUND('',#1385,.T.);
#358=FACE_BOUND('',#1386,.T.);
#359=FACE_BOUND('',#1387,.T.);
#360=FACE_BOUND('',#1388,.T.);
#361=FACE_BOUND('',#1389,.T.);
#362=FACE_BOUND('',#1390,.T.);
#363=FACE_OUTER_BOUND('',#845,.T.);
#364=FACE_OUTER_BOUND('',#846,.T.);
#365=FACE_OUTER_BOUND('',#847,.T.);
#366=FACE_OUTER_BOUND('',#848,.T.);
#367=FACE_OUTER_BOUND('',#849,.T.);
#368=FACE_OUTER_BOUND('',#850,.T.);
#369=FACE_OUTER_BOUND('',#851,.T.);
#370=FACE_OUTER_BOUND('',#852,.T.);
#371=FACE_OUTER_BOUND('',#853,.T.);
#372=FACE_OUTER_BOUND('',#854,.T.);
#373=FACE_OUTER_BOUND('',#855,.T.);
#374=FACE_OUTER_BOUND('',#856,.T.);
#375=FACE_OUTER_BOUND('',#857,.T.);
#376=FACE_OUTER_BOUND('',#858,.T.);
#377=FACE_OUTER_BOUND('',#859,.T.);
#378=FACE_OUTER_BOUND('',#860,.T.);
#379=FACE_OUTER_BOUND('',#861,.T.);
#380=FACE_OUTER_BOUND('',#862,.T.);
#381=FACE_OUTER_BOUND('',#863,.T.);
#382=FACE_OUTER_BOUND('',#864,.T.);
#383=FACE_OUTER_BOUND('',#865,.T.);
#384=FACE_OUTER_BOUND('',#866,.T.);
#385=FACE_OUTER_BOUND('',#868,.T.);
#386=FACE_OUTER_BOUND('',#869,.T.);
#387=FACE_OUTER_BOUND('',#884,.T.);
#388=FACE_OUTER_BOUND('',#885,.T.);
#389=FACE_OUTER_BOUND('',#886,.T.);
#390=FACE_OUTER_BOUND('',#888,.T.);
#391=FACE_OUTER_BOUND('',#889,.T.);
#392=FACE_OUTER_BOUND('',#890,.T.);
#393=FACE_OUTER_BOUND('',#891,.T.);
#394=FACE_OUTER_BOUND('',#892,.T.);
#395=FACE_OUTER_BOUND('',#893,.T.);
#396=FACE_OUTER_BOUND('',#894,.T.);
#397=FACE_OUTER_BOUND('',#895,.T.);
#398=FACE_OUTER_BOUND('',#897,.T.);
#399=FACE_OUTER_BOUND('',#898,.T.);
#400=FACE_OUTER_BOUND('',#899,.T.);
#401=FACE_OUTER_BOUND('',#900,.T.);
#402=FACE_OUTER_BOUND('',#901,.T.);
#403=FACE_OUTER_BOUND('',#902,.T.);
#404=FACE_OUTER_BOUND('',#903,.T.);
#405=FACE_OUTER_BOUND('',#904,.T.);
#406=FACE_OUTER_BOUND('',#906,.T.);
#407=FACE_OUTER_BOUND('',#907,.T.);
#408=FACE_OUTER_BOUND('',#908,.T.);
#409=FACE_OUTER_BOUND('',#909,.T.);
#410=FACE_OUTER_BOUND('',#910,.T.);
#411=FACE_OUTER_BOUND('',#911,.T.);
#412=FACE_OUTER_BOUND('',#912,.T.);
#413=FACE_OUTER_BOUND('',#913,.T.);
#414=FACE_OUTER_BOUND('',#915,.T.);
#415=FACE_OUTER_BOUND('',#916,.T.);
#416=FACE_OUTER_BOUND('',#917,.T.);
#417=FACE_OUTER_BOUND('',#918,.T.);
#418=FACE_OUTER_BOUND('',#919,.T.);
#419=FACE_OUTER_BOUND('',#920,.T.);
#420=FACE_OUTER_BOUND('',#921,.T.);
#421=FACE_OUTER_BOUND('',#922,.T.);
#422=FACE_OUTER_BOUND('',#924,.T.);
#423=FACE_OUTER_BOUND('',#925,.T.);
#424=FACE_OUTER_BOUND('',#926,.T.);
#425=FACE_OUTER_BOUND('',#927,.T.);
#426=FACE_OUTER_BOUND('',#928,.T.);
#427=FACE_OUTER_BOUND('',#929,.T.);
#428=FACE_OUTER_BOUND('',#930,.T.);
#429=FACE_OUTER_BOUND('',#931,.T.);
#430=FACE_OUTER_BOUND('',#933,.T.);
#431=FACE_OUTER_BOUND('',#934,.T.);
#432=FACE_OUTER_BOUND('',#935,.T.);
#433=FACE_OUTER_BOUND('',#936,.T.);
#434=FACE_OUTER_BOUND('',#937,.T.);
#435=FACE_OUTER_BOUND('',#938,.T.);
#436=FACE_OUTER_BOUND('',#939,.T.);
#437=FACE_OUTER_BOUND('',#940,.T.);
#438=FACE_OUTER_BOUND('',#942,.T.);
#439=FACE_OUTER_BOUND('',#943,.T.);
#440=FACE_OUTER_BOUND('',#944,.T.);
#441=FACE_OUTER_BOUND('',#945,.T.);
#442=FACE_OUTER_BOUND('',#946,.T.);
#443=FACE_OUTER_BOUND('',#947,.T.);
#444=FACE_OUTER_BOUND('',#948,.T.);
#445=FACE_OUTER_BOUND('',#949,.T.);
#446=FACE_OUTER_BOUND('',#951,.T.);
#447=FACE_OUTER_BOUND('',#952,.T.);
#448=FACE_OUTER_BOUND('',#953,.T.);
#449=FACE_OUTER_BOUND('',#954,.T.);
#450=FACE_OUTER_BOUND('',#955,.T.);
#451=FACE_OUTER_BOUND('',#956,.T.);
#452=FACE_OUTER_BOUND('',#957,.T.);
#453=FACE_OUTER_BOUND('',#958,.T.);
#454=FACE_OUTER_BOUND('',#960,.T.);
#455=FACE_OUTER_BOUND('',#961,.T.);
#456=FACE_OUTER_BOUND('',#962,.T.);
#457=FACE_OUTER_BOUND('',#963,.T.);
#458=FACE_OUTER_BOUND('',#964,.T.);
#459=FACE_OUTER_BOUND('',#965,.T.);
#460=FACE_OUTER_BOUND('',#966,.T.);
#461=FACE_OUTER_BOUND('',#967,.T.);
#462=FACE_OUTER_BOUND('',#969,.T.);
#463=FACE_OUTER_BOUND('',#970,.T.);
#464=FACE_OUTER_BOUND('',#971,.T.);
#465=FACE_OUTER_BOUND('',#972,.T.);
#466=FACE_OUTER_BOUND('',#973,.T.);
#467=FACE_OUTER_BOUND('',#974,.T.);
#468=FACE_OUTER_BOUND('',#975,.T.);
#469=FACE_OUTER_BOUND('',#976,.T.);
#470=FACE_OUTER_BOUND('',#978,.T.);
#471=FACE_OUTER_BOUND('',#979,.T.);
#472=FACE_OUTER_BOUND('',#980,.T.);
#473=FACE_OUTER_BOUND('',#981,.T.);
#474=FACE_OUTER_BOUND('',#982,.T.);
#475=FACE_OUTER_BOUND('',#983,.T.);
#476=FACE_OUTER_BOUND('',#984,.T.);
#477=FACE_OUTER_BOUND('',#985,.T.);
#478=FACE_OUTER_BOUND('',#987,.T.);
#479=FACE_OUTER_BOUND('',#988,.T.);
#480=FACE_OUTER_BOUND('',#989,.T.);
#481=FACE_OUTER_BOUND('',#990,.T.);
#482=FACE_OUTER_BOUND('',#991,.T.);
#483=FACE_OUTER_BOUND('',#992,.T.);
#484=FACE_OUTER_BOUND('',#993,.T.);
#485=FACE_OUTER_BOUND('',#994,.T.);
#486=FACE_OUTER_BOUND('',#996,.T.);
#487=FACE_OUTER_BOUND('',#997,.T.);
#488=FACE_OUTER_BOUND('',#998,.T.);
#489=FACE_OUTER_BOUND('',#999,.T.);
#490=FACE_OUTER_BOUND('',#1000,.T.);
#491=FACE_OUTER_BOUND('',#1001,.T.);
#492=FACE_OUTER_BOUND('',#1002,.T.);
#493=FACE_OUTER_BOUND('',#1003,.T.);
#494=FACE_OUTER_BOUND('',#1004,.T.);
#495=FACE_OUTER_BOUND('',#1005,.T.);
#496=FACE_OUTER_BOUND('',#1006,.T.);
#497=FACE_OUTER_BOUND('',#1007,.T.);
#498=FACE_OUTER_BOUND('',#1008,.T.);
#499=FACE_OUTER_BOUND('',#1009,.T.);
#500=FACE_OUTER_BOUND('',#1010,.T.);
#501=FACE_OUTER_BOUND('',#1011,.T.);
#502=FACE_OUTER_BOUND('',#1012,.T.);
#503=FACE_OUTER_BOUND('',#1013,.T.);
#504=FACE_OUTER_BOUND('',#1014,.T.);
#505=FACE_OUTER_BOUND('',#1015,.T.);
#506=FACE_OUTER_BOUND('',#1016,.T.);
#507=FACE_OUTER_BOUND('',#1017,.T.);
#508=FACE_OUTER_BOUND('',#1018,.T.);
#509=FACE_OUTER_BOUND('',#1019,.T.);
#510=FACE_OUTER_BOUND('',#1020,.T.);
#511=FACE_OUTER_BOUND('',#1021,.T.);
#512=FACE_OUTER_BOUND('',#1022,.T.);
#513=FACE_OUTER_BOUND('',#1023,.T.);
#514=FACE_OUTER_BOUND('',#1024,.T.);
#515=FACE_OUTER_BOUND('',#1025,.T.);
#516=FACE_OUTER_BOUND('',#1026,.T.);
#517=FACE_OUTER_BOUND('',#1027,.T.);
#518=FACE_OUTER_BOUND('',#1028,.T.);
#519=FACE_OUTER_BOUND('',#1029,.T.);
#520=FACE_OUTER_BOUND('',#1030,.T.);
#521=FACE_OUTER_BOUND('',#1031,.T.);
#522=FACE_OUTER_BOUND('',#1032,.T.);
#523=FACE_OUTER_BOUND('',#1033,.T.);
#524=FACE_OUTER_BOUND('',#1034,.T.);
#525=FACE_OUTER_BOUND('',#1035,.T.);
#526=FACE_OUTER_BOUND('',#1036,.T.);
#527=FACE_OUTER_BOUND('',#1037,.T.);
#528=FACE_OUTER_BOUND('',#1038,.T.);
#529=FACE_OUTER_BOUND('',#1039,.T.);
#530=FACE_OUTER_BOUND('',#1040,.T.);
#531=FACE_OUTER_BOUND('',#1041,.T.);
#532=FACE_OUTER_BOUND('',#1042,.T.);
#533=FACE_OUTER_BOUND('',#1043,.T.);
#534=FACE_OUTER_BOUND('',#1044,.T.);
#535=FACE_OUTER_BOUND('',#1045,.T.);
#536=FACE_OUTER_BOUND('',#1046,.T.);
#537=FACE_OUTER_BOUND('',#1047,.T.);
#538=FACE_OUTER_BOUND('',#1048,.T.);
#539=FACE_OUTER_BOUND('',#1049,.T.);
#540=FACE_OUTER_BOUND('',#1050,.T.);
#541=FACE_OUTER_BOUND('',#1051,.T.);
#542=FACE_OUTER_BOUND('',#1052,.T.);
#543=FACE_OUTER_BOUND('',#1053,.T.);
#544=FACE_OUTER_BOUND('',#1054,.T.);
#545=FACE_OUTER_BOUND('',#1055,.T.);
#546=FACE_OUTER_BOUND('',#1056,.T.);
#547=FACE_OUTER_BOUND('',#1057,.T.);
#548=FACE_OUTER_BOUND('',#1058,.T.);
#549=FACE_OUTER_BOUND('',#1059,.T.);
#550=FACE_OUTER_BOUND('',#1060,.T.);
#551=FACE_OUTER_BOUND('',#1061,.T.);
#552=FACE_OUTER_BOUND('',#1062,.T.);
#553=FACE_OUTER_BOUND('',#1063,.T.);
#554=FACE_OUTER_BOUND('',#1064,.T.);
#555=FACE_OUTER_BOUND('',#1065,.T.);
#556=FACE_OUTER_BOUND('',#1066,.T.);
#557=FACE_OUTER_BOUND('',#1067,.T.);
#558=FACE_OUTER_BOUND('',#1068,.T.);
#559=FACE_OUTER_BOUND('',#1069,.T.);
#560=FACE_OUTER_BOUND('',#1070,.T.);
#561=FACE_OUTER_BOUND('',#1071,.T.);
#562=FACE_OUTER_BOUND('',#1072,.T.);
#563=FACE_OUTER_BOUND('',#1073,.T.);
#564=FACE_OUTER_BOUND('',#1074,.T.);
#565=FACE_OUTER_BOUND('',#1075,.T.);
#566=FACE_OUTER_BOUND('',#1076,.T.);
#567=FACE_OUTER_BOUND('',#1077,.T.);
#568=FACE_OUTER_BOUND('',#1078,.T.);
#569=FACE_OUTER_BOUND('',#1079,.T.);
#570=FACE_OUTER_BOUND('',#1080,.T.);
#571=FACE_OUTER_BOUND('',#1081,.T.);
#572=FACE_OUTER_BOUND('',#1082,.T.);
#573=FACE_OUTER_BOUND('',#1083,.T.);
#574=FACE_OUTER_BOUND('',#1084,.T.);
#575=FACE_OUTER_BOUND('',#1085,.T.);
#576=FACE_OUTER_BOUND('',#1086,.T.);
#577=FACE_OUTER_BOUND('',#1087,.T.);
#578=FACE_OUTER_BOUND('',#1088,.T.);
#579=FACE_OUTER_BOUND('',#1089,.T.);
#580=FACE_OUTER_BOUND('',#1090,.T.);
#581=FACE_OUTER_BOUND('',#1091,.T.);
#582=FACE_OUTER_BOUND('',#1092,.T.);
#583=FACE_OUTER_BOUND('',#1093,.T.);
#584=FACE_OUTER_BOUND('',#1094,.T.);
#585=FACE_OUTER_BOUND('',#1095,.T.);
#586=FACE_OUTER_BOUND('',#1096,.T.);
#587=FACE_OUTER_BOUND('',#1097,.T.);
#588=FACE_OUTER_BOUND('',#1098,.T.);
#589=FACE_OUTER_BOUND('',#1099,.T.);
#590=FACE_OUTER_BOUND('',#1100,.T.);
#591=FACE_OUTER_BOUND('',#1101,.T.);
#592=FACE_OUTER_BOUND('',#1102,.T.);
#593=FACE_OUTER_BOUND('',#1103,.T.);
#594=FACE_OUTER_BOUND('',#1104,.T.);
#595=FACE_OUTER_BOUND('',#1105,.T.);
#596=FACE_OUTER_BOUND('',#1106,.T.);
#597=FACE_OUTER_BOUND('',#1107,.T.);
#598=FACE_OUTER_BOUND('',#1108,.T.);
#599=FACE_OUTER_BOUND('',#1109,.T.);
#600=FACE_OUTER_BOUND('',#1110,.T.);
#601=FACE_OUTER_BOUND('',#1111,.T.);
#602=FACE_OUTER_BOUND('',#1112,.T.);
#603=FACE_OUTER_BOUND('',#1113,.T.);
#604=FACE_OUTER_BOUND('',#1114,.T.);
#605=FACE_OUTER_BOUND('',#1115,.T.);
#606=FACE_OUTER_BOUND('',#1116,.T.);
#607=FACE_OUTER_BOUND('',#1117,.T.);
#608=FACE_OUTER_BOUND('',#1118,.T.);
#609=FACE_OUTER_BOUND('',#1119,.T.);
#610=FACE_OUTER_BOUND('',#1120,.T.);
#611=FACE_OUTER_BOUND('',#1121,.T.);
#612=FACE_OUTER_BOUND('',#1122,.T.);
#613=FACE_OUTER_BOUND('',#1123,.T.);
#614=FACE_OUTER_BOUND('',#1124,.T.);
#615=FACE_OUTER_BOUND('',#1125,.T.);
#616=FACE_OUTER_BOUND('',#1126,.T.);
#617=FACE_OUTER_BOUND('',#1127,.T.);
#618=FACE_OUTER_BOUND('',#1128,.T.);
#619=FACE_OUTER_BOUND('',#1129,.T.);
#620=FACE_OUTER_BOUND('',#1130,.T.);
#621=FACE_OUTER_BOUND('',#1131,.T.);
#622=FACE_OUTER_BOUND('',#1132,.T.);
#623=FACE_OUTER_BOUND('',#1133,.T.);
#624=FACE_OUTER_BOUND('',#1134,.T.);
#625=FACE_OUTER_BOUND('',#1135,.T.);
#626=FACE_OUTER_BOUND('',#1136,.T.);
#627=FACE_OUTER_BOUND('',#1137,.T.);
#628=FACE_OUTER_BOUND('',#1138,.T.);
#629=FACE_OUTER_BOUND('',#1139,.T.);
#630=FACE_OUTER_BOUND('',#1140,.T.);
#631=FACE_OUTER_BOUND('',#1141,.T.);
#632=FACE_OUTER_BOUND('',#1142,.T.);
#633=FACE_OUTER_BOUND('',#1143,.T.);
#634=FACE_OUTER_BOUND('',#1144,.T.);
#635=FACE_OUTER_BOUND('',#1145,.T.);
#636=FACE_OUTER_BOUND('',#1146,.T.);
#637=FACE_OUTER_BOUND('',#1147,.T.);
#638=FACE_OUTER_BOUND('',#1148,.T.);
#639=FACE_OUTER_BOUND('',#1149,.T.);
#640=FACE_OUTER_BOUND('',#1150,.T.);
#641=FACE_OUTER_BOUND('',#1151,.T.);
#642=FACE_OUTER_BOUND('',#1152,.T.);
#643=FACE_OUTER_BOUND('',#1153,.T.);
#644=FACE_OUTER_BOUND('',#1154,.T.);
#645=FACE_OUTER_BOUND('',#1155,.T.);
#646=FACE_OUTER_BOUND('',#1156,.T.);
#647=FACE_OUTER_BOUND('',#1157,.T.);
#648=FACE_OUTER_BOUND('',#1158,.T.);
#649=FACE_OUTER_BOUND('',#1159,.T.);
#650=FACE_OUTER_BOUND('',#1160,.T.);
#651=FACE_OUTER_BOUND('',#1161,.T.);
#652=FACE_OUTER_BOUND('',#1162,.T.);
#653=FACE_OUTER_BOUND('',#1163,.T.);
#654=FACE_OUTER_BOUND('',#1164,.T.);
#655=FACE_OUTER_BOUND('',#1165,.T.);
#656=FACE_OUTER_BOUND('',#1166,.T.);
#657=FACE_OUTER_BOUND('',#1167,.T.);
#658=FACE_OUTER_BOUND('',#1168,.T.);
#659=FACE_OUTER_BOUND('',#1169,.T.);
#660=FACE_OUTER_BOUND('',#1170,.T.);
#661=FACE_OUTER_BOUND('',#1171,.T.);
#662=FACE_OUTER_BOUND('',#1172,.T.);
#663=FACE_OUTER_BOUND('',#1173,.T.);
#664=FACE_OUTER_BOUND('',#1174,.T.);
#665=FACE_OUTER_BOUND('',#1175,.T.);
#666=FACE_OUTER_BOUND('',#1176,.T.);
#667=FACE_OUTER_BOUND('',#1177,.T.);
#668=FACE_OUTER_BOUND('',#1178,.T.);
#669=FACE_OUTER_BOUND('',#1179,.T.);
#670=FACE_OUTER_BOUND('',#1180,.T.);
#671=FACE_OUTER_BOUND('',#1181,.T.);
#672=FACE_OUTER_BOUND('',#1182,.T.);
#673=FACE_OUTER_BOUND('',#1183,.T.);
#674=FACE_OUTER_BOUND('',#1184,.T.);
#675=FACE_OUTER_BOUND('',#1185,.T.);
#676=FACE_OUTER_BOUND('',#1186,.T.);
#677=FACE_OUTER_BOUND('',#1187,.T.);
#678=FACE_OUTER_BOUND('',#1188,.T.);
#679=FACE_OUTER_BOUND('',#1189,.T.);
#680=FACE_OUTER_BOUND('',#1190,.T.);
#681=FACE_OUTER_BOUND('',#1191,.T.);
#682=FACE_OUTER_BOUND('',#1192,.T.);
#683=FACE_OUTER_BOUND('',#1193,.T.);
#684=FACE_OUTER_BOUND('',#1194,.T.);
#685=FACE_OUTER_BOUND('',#1195,.T.);
#686=FACE_OUTER_BOUND('',#1196,.T.);
#687=FACE_OUTER_BOUND('',#1197,.T.);
#688=FACE_OUTER_BOUND('',#1198,.T.);
#689=FACE_OUTER_BOUND('',#1199,.T.);
#690=FACE_OUTER_BOUND('',#1200,.T.);
#691=FACE_OUTER_BOUND('',#1201,.T.);
#692=FACE_OUTER_BOUND('',#1202,.T.);
#693=FACE_OUTER_BOUND('',#1203,.T.);
#694=FACE_OUTER_BOUND('',#1204,.T.);
#695=FACE_OUTER_BOUND('',#1205,.T.);
#696=FACE_OUTER_BOUND('',#1206,.T.);
#697=FACE_OUTER_BOUND('',#1207,.T.);
#698=FACE_OUTER_BOUND('',#1208,.T.);
#699=FACE_OUTER_BOUND('',#1209,.T.);
#700=FACE_OUTER_BOUND('',#1210,.T.);
#701=FACE_OUTER_BOUND('',#1211,.T.);
#702=FACE_OUTER_BOUND('',#1212,.T.);
#703=FACE_OUTER_BOUND('',#1213,.T.);
#704=FACE_OUTER_BOUND('',#1214,.T.);
#705=FACE_OUTER_BOUND('',#1215,.T.);
#706=FACE_OUTER_BOUND('',#1216,.T.);
#707=FACE_OUTER_BOUND('',#1217,.T.);
#708=FACE_OUTER_BOUND('',#1218,.T.);
#709=FACE_OUTER_BOUND('',#1219,.T.);
#710=FACE_OUTER_BOUND('',#1220,.T.);
#711=FACE_OUTER_BOUND('',#1221,.T.);
#712=FACE_OUTER_BOUND('',#1222,.T.);
#713=FACE_OUTER_BOUND('',#1223,.T.);
#714=FACE_OUTER_BOUND('',#1224,.T.);
#715=FACE_OUTER_BOUND('',#1225,.T.);
#716=FACE_OUTER_BOUND('',#1226,.T.);
#717=FACE_OUTER_BOUND('',#1227,.T.);
#718=FACE_OUTER_BOUND('',#1228,.T.);
#719=FACE_OUTER_BOUND('',#1229,.T.);
#720=FACE_OUTER_BOUND('',#1230,.T.);
#721=FACE_OUTER_BOUND('',#1231,.T.);
#722=FACE_OUTER_BOUND('',#1232,.T.);
#723=FACE_OUTER_BOUND('',#1233,.T.);
#724=FACE_OUTER_BOUND('',#1234,.T.);
#725=FACE_OUTER_BOUND('',#1235,.T.);
#726=FACE_OUTER_BOUND('',#1236,.T.);
#727=FACE_OUTER_BOUND('',#1237,.T.);
#728=FACE_OUTER_BOUND('',#1238,.T.);
#729=FACE_OUTER_BOUND('',#1239,.T.);
#730=FACE_OUTER_BOUND('',#1240,.T.);
#731=FACE_OUTER_BOUND('',#1241,.T.);
#732=FACE_OUTER_BOUND('',#1242,.T.);
#733=FACE_OUTER_BOUND('',#1243,.T.);
#734=FACE_OUTER_BOUND('',#1244,.T.);
#735=FACE_OUTER_BOUND('',#1245,.T.);
#736=FACE_OUTER_BOUND('',#1246,.T.);
#737=FACE_OUTER_BOUND('',#1247,.T.);
#738=FACE_OUTER_BOUND('',#1248,.T.);
#739=FACE_OUTER_BOUND('',#1249,.T.);
#740=FACE_OUTER_BOUND('',#1250,.T.);
#741=FACE_OUTER_BOUND('',#1251,.T.);
#742=FACE_OUTER_BOUND('',#1252,.T.);
#743=FACE_OUTER_BOUND('',#1253,.T.);
#744=FACE_OUTER_BOUND('',#1254,.T.);
#745=FACE_OUTER_BOUND('',#1255,.T.);
#746=FACE_OUTER_BOUND('',#1256,.T.);
#747=FACE_OUTER_BOUND('',#1257,.T.);
#748=FACE_OUTER_BOUND('',#1258,.T.);
#749=FACE_OUTER_BOUND('',#1259,.T.);
#750=FACE_OUTER_BOUND('',#1260,.T.);
#751=FACE_OUTER_BOUND('',#1261,.T.);
#752=FACE_OUTER_BOUND('',#1262,.T.);
#753=FACE_OUTER_BOUND('',#1263,.T.);
#754=FACE_OUTER_BOUND('',#1264,.T.);
#755=FACE_OUTER_BOUND('',#1265,.T.);
#756=FACE_OUTER_BOUND('',#1266,.T.);
#757=FACE_OUTER_BOUND('',#1267,.T.);
#758=FACE_OUTER_BOUND('',#1268,.T.);
#759=FACE_OUTER_BOUND('',#1269,.T.);
#760=FACE_OUTER_BOUND('',#1270,.T.);
#761=FACE_OUTER_BOUND('',#1271,.T.);
#762=FACE_OUTER_BOUND('',#1272,.T.);
#763=FACE_OUTER_BOUND('',#1273,.T.);
#764=FACE_OUTER_BOUND('',#1274,.T.);
#765=FACE_OUTER_BOUND('',#1275,.T.);
#766=FACE_OUTER_BOUND('',#1276,.T.);
#767=FACE_OUTER_BOUND('',#1277,.T.);
#768=FACE_OUTER_BOUND('',#1278,.T.);
#769=FACE_OUTER_BOUND('',#1279,.T.);
#770=FACE_OUTER_BOUND('',#1280,.T.);
#771=FACE_OUTER_BOUND('',#1281,.T.);
#772=FACE_OUTER_BOUND('',#1282,.T.);
#773=FACE_OUTER_BOUND('',#1283,.T.);
#774=FACE_OUTER_BOUND('',#1284,.T.);
#775=FACE_OUTER_BOUND('',#1285,.T.);
#776=FACE_OUTER_BOUND('',#1286,.T.);
#777=FACE_OUTER_BOUND('',#1287,.T.);
#778=FACE_OUTER_BOUND('',#1288,.T.);
#779=FACE_OUTER_BOUND('',#1289,.T.);
#780=FACE_OUTER_BOUND('',#1290,.T.);
#781=FACE_OUTER_BOUND('',#1291,.T.);
#782=FACE_OUTER_BOUND('',#1292,.T.);
#783=FACE_OUTER_BOUND('',#1293,.T.);
#784=FACE_OUTER_BOUND('',#1294,.T.);
#785=FACE_OUTER_BOUND('',#1295,.T.);
#786=FACE_OUTER_BOUND('',#1296,.T.);
#787=FACE_OUTER_BOUND('',#1297,.T.);
#788=FACE_OUTER_BOUND('',#1298,.T.);
#789=FACE_OUTER_BOUND('',#1299,.T.);
#790=FACE_OUTER_BOUND('',#1300,.T.);
#791=FACE_OUTER_BOUND('',#1301,.T.);
#792=FACE_OUTER_BOUND('',#1302,.T.);
#793=FACE_OUTER_BOUND('',#1303,.T.);
#794=FACE_OUTER_BOUND('',#1304,.T.);
#795=FACE_OUTER_BOUND('',#1305,.T.);
#796=FACE_OUTER_BOUND('',#1306,.T.);
#797=FACE_OUTER_BOUND('',#1307,.T.);
#798=FACE_OUTER_BOUND('',#1308,.T.);
#799=FACE_OUTER_BOUND('',#1309,.T.);
#800=FACE_OUTER_BOUND('',#1310,.T.);
#801=FACE_OUTER_BOUND('',#1311,.T.);
#802=FACE_OUTER_BOUND('',#1312,.T.);
#803=FACE_OUTER_BOUND('',#1313,.T.);
#804=FACE_OUTER_BOUND('',#1314,.T.);
#805=FACE_OUTER_BOUND('',#1315,.T.);
#806=FACE_OUTER_BOUND('',#1316,.T.);
#807=FACE_OUTER_BOUND('',#1317,.T.);
#808=FACE_OUTER_BOUND('',#1318,.T.);
#809=FACE_OUTER_BOUND('',#1319,.T.);
#810=FACE_OUTER_BOUND('',#1320,.T.);
#811=FACE_OUTER_BOUND('',#1321,.T.);
#812=FACE_OUTER_BOUND('',#1322,.T.);
#813=FACE_OUTER_BOUND('',#1323,.T.);
#814=FACE_OUTER_BOUND('',#1324,.T.);
#815=FACE_OUTER_BOUND('',#1325,.T.);
#816=FACE_OUTER_BOUND('',#1326,.T.);
#817=FACE_OUTER_BOUND('',#1327,.T.);
#818=FACE_OUTER_BOUND('',#1328,.T.);
#819=FACE_OUTER_BOUND('',#1329,.T.);
#820=FACE_OUTER_BOUND('',#1330,.T.);
#821=FACE_OUTER_BOUND('',#1331,.T.);
#822=FACE_OUTER_BOUND('',#1332,.T.);
#823=FACE_OUTER_BOUND('',#1333,.T.);
#824=FACE_OUTER_BOUND('',#1334,.T.);
#825=FACE_OUTER_BOUND('',#1335,.T.);
#826=FACE_OUTER_BOUND('',#1336,.T.);
#827=FACE_OUTER_BOUND('',#1337,.T.);
#828=FACE_OUTER_BOUND('',#1338,.T.);
#829=FACE_OUTER_BOUND('',#1339,.T.);
#830=FACE_OUTER_BOUND('',#1340,.T.);
#831=FACE_OUTER_BOUND('',#1341,.T.);
#832=FACE_OUTER_BOUND('',#1342,.T.);
#833=FACE_OUTER_BOUND('',#1343,.T.);
#834=FACE_OUTER_BOUND('',#1344,.T.);
#835=FACE_OUTER_BOUND('',#1345,.T.);
#836=FACE_OUTER_BOUND('',#1346,.T.);
#837=FACE_OUTER_BOUND('',#1347,.T.);
#838=FACE_OUTER_BOUND('',#1348,.T.);
#839=FACE_OUTER_BOUND('',#1349,.T.);
#840=FACE_OUTER_BOUND('',#1350,.T.);
#841=FACE_OUTER_BOUND('',#1351,.T.);
#842=FACE_OUTER_BOUND('',#1352,.T.);
#843=FACE_OUTER_BOUND('',#1353,.T.);
#844=FACE_OUTER_BOUND('',#1372,.T.);
#845=EDGE_LOOP('',(#5099,#5100,#5101,#5102));
#846=EDGE_LOOP('',(#5103,#5104,#5105,#5106));
#847=EDGE_LOOP('',(#5107,#5108,#5109,#5110));
#848=EDGE_LOOP('',(#5111,#5112,#5113,#5114,#5115,#5116));
#849=EDGE_LOOP('',(#5117,#5118,#5119,#5120,#5121,#5122));
#850=EDGE_LOOP('',(#5123,#5124,#5125,#5126,#5127,#5128));
#851=EDGE_LOOP('',(#5129,#5130,#5131,#5132,#5133,#5134));
#852=EDGE_LOOP('',(#5135,#5136,#5137,#5138,#5139,#5140));
#853=EDGE_LOOP('',(#5141,#5142,#5143,#5144,#5145,#5146));
#854=EDGE_LOOP('',(#5147,#5148,#5149,#5150,#5151,#5152));
#855=EDGE_LOOP('',(#5153,#5154,#5155,#5156,#5157,#5158));
#856=EDGE_LOOP('',(#5159,#5160,#5161,#5162,#5163,#5164));
#857=EDGE_LOOP('',(#5165,#5166,#5167,#5168,#5169,#5170));
#858=EDGE_LOOP('',(#5171,#5172,#5173,#5174,#5175,#5176));
#859=EDGE_LOOP('',(#5177,#5178,#5179,#5180,#5181,#5182));
#860=EDGE_LOOP('',(#5183,#5184,#5185,#5186,#5187,#5188));
#861=EDGE_LOOP('',(#5189,#5190,#5191,#5192));
#862=EDGE_LOOP('',(#5193,#5194,#5195,#5196,#5197));
#863=EDGE_LOOP('',(#5198,#5199,#5200,#5201));
#864=EDGE_LOOP('',(#5202,#5203,#5204,#5205,#5206));
#865=EDGE_LOOP('',(#5207,#5208,#5209,#5210));
#866=EDGE_LOOP('',(#5211,#5212,#5213,#5214));
#867=EDGE_LOOP('',(#5215,#5216,#5217,#5218));
#868=EDGE_LOOP('',(#5219,#5220,#5221,#5222));
#869=EDGE_LOOP('',(#5223,#5224,#5225,#5226,#5227,#5228,#5229,#5230,#5231,
#5232,#5233,#5234,#5235,#5236,#5237,#5238,#5239,#5240,#5241,#5242,#5243,
#5244,#5245,#5246,#5247,#5248,#5249,#5250,#5251,#5252,#5253,#5254,#5255,
#5256,#5257,#5258,#5259,#5260,#5261,#5262,#5263,#5264,#5265,#5266,#5267,
#5268,#5269,#5270,#5271,#5272,#5273,#5274,#5275,#5276,#5277,#5278,#5279,
#5280,#5281,#5282,#5283,#5284,#5285,#5286,#5287,#5288,#5289,#5290,#5291,
#5292,#5293,#5294,#5295,#5296,#5297,#5298,#5299,#5300,#5301,#5302,#5303,
#5304,#5305,#5306,#5307,#5308));
#870=EDGE_LOOP('',(#5309,#5310,#5311,#5312));
#871=EDGE_LOOP('',(#5313,#5314,#5315,#5316));
#872=EDGE_LOOP('',(#5317,#5318,#5319,#5320));
#873=EDGE_LOOP('',(#5321,#5322,#5323,#5324));
#874=EDGE_LOOP('',(#5325,#5326,#5327,#5328));
#875=EDGE_LOOP('',(#5329,#5330,#5331,#5332));
#876=EDGE_LOOP('',(#5333,#5334,#5335,#5336));
#877=EDGE_LOOP('',(#5337,#5338,#5339,#5340));
#878=EDGE_LOOP('',(#5341,#5342,#5343,#5344));
#879=EDGE_LOOP('',(#5345,#5346,#5347,#5348));
#880=EDGE_LOOP('',(#5349,#5350,#5351,#5352));
#881=EDGE_LOOP('',(#5353,#5354,#5355,#5356));
#882=EDGE_LOOP('',(#5357,#5358,#5359,#5360));
#883=EDGE_LOOP('',(#5361,#5362,#5363,#5364));
#884=EDGE_LOOP('',(#5365,#5366,#5367,#5368,#5369));
#885=EDGE_LOOP('',(#5370,#5371,#5372,#5373));
#886=EDGE_LOOP('',(#5374,#5375,#5376,#5377));
#887=EDGE_LOOP('',(#5378,#5379,#5380,#5381));
#888=EDGE_LOOP('',(#5382,#5383,#5384,#5385));
#889=EDGE_LOOP('',(#5386,#5387,#5388,#5389,#5390));
#890=EDGE_LOOP('',(#5391,#5392,#5393,#5394));
#891=EDGE_LOOP('',(#5395,#5396,#5397,#5398,#5399));
#892=EDGE_LOOP('',(#5400,#5401,#5402,#5403));
#893=EDGE_LOOP('',(#5404,#5405,#5406,#5407,#5408));
#894=EDGE_LOOP('',(#5409,#5410,#5411,#5412));
#895=EDGE_LOOP('',(#5413,#5414,#5415,#5416));
#896=EDGE_LOOP('',(#5417,#5418,#5419,#5420));
#897=EDGE_LOOP('',(#5421,#5422,#5423,#5424));
#898=EDGE_LOOP('',(#5425,#5426,#5427,#5428,#5429));
#899=EDGE_LOOP('',(#5430,#5431,#5432,#5433));
#900=EDGE_LOOP('',(#5434,#5435,#5436,#5437,#5438));
#901=EDGE_LOOP('',(#5439,#5440,#5441,#5442));
#902=EDGE_LOOP('',(#5443,#5444,#5445,#5446,#5447));
#903=EDGE_LOOP('',(#5448,#5449,#5450,#5451));
#904=EDGE_LOOP('',(#5452,#5453,#5454,#5455));
#905=EDGE_LOOP('',(#5456,#5457,#5458,#5459));
#906=EDGE_LOOP('',(#5460,#5461,#5462,#5463));
#907=EDGE_LOOP('',(#5464,#5465,#5466,#5467,#5468));
#908=EDGE_LOOP('',(#5469,#5470,#5471,#5472));
#909=EDGE_LOOP('',(#5473,#5474,#5475,#5476,#5477));
#910=EDGE_LOOP('',(#5478,#5479,#5480,#5481));
#911=EDGE_LOOP('',(#5482,#5483,#5484,#5485,#5486));
#912=EDGE_LOOP('',(#5487,#5488,#5489,#5490));
#913=EDGE_LOOP('',(#5491,#5492,#5493,#5494));
#914=EDGE_LOOP('',(#5495,#5496,#5497,#5498));
#915=EDGE_LOOP('',(#5499,#5500,#5501,#5502));
#916=EDGE_LOOP('',(#5503,#5504,#5505,#5506,#5507));
#917=EDGE_LOOP('',(#5508,#5509,#5510,#5511));
#918=EDGE_LOOP('',(#5512,#5513,#5514,#5515,#5516));
#919=EDGE_LOOP('',(#5517,#5518,#5519,#5520));
#920=EDGE_LOOP('',(#5521,#5522,#5523,#5524,#5525));
#921=EDGE_LOOP('',(#5526,#5527,#5528,#5529));
#922=EDGE_LOOP('',(#5530,#5531,#5532,#5533));
#923=EDGE_LOOP('',(#5534,#5535,#5536,#5537));
#924=EDGE_LOOP('',(#5538,#5539,#5540,#5541));
#925=EDGE_LOOP('',(#5542,#5543,#5544,#5545,#5546));
#926=EDGE_LOOP('',(#5547,#5548,#5549,#5550));
#927=EDGE_LOOP('',(#5551,#5552,#5553,#5554,#5555));
#928=EDGE_LOOP('',(#5556,#5557,#5558,#5559));
#929=EDGE_LOOP('',(#5560,#5561,#5562,#5563,#5564));
#930=EDGE_LOOP('',(#5565,#5566,#5567,#5568));
#931=EDGE_LOOP('',(#5569,#5570,#5571,#5572));
#932=EDGE_LOOP('',(#5573,#5574,#5575,#5576));
#933=EDGE_LOOP('',(#5577,#5578,#5579,#5580));
#934=EDGE_LOOP('',(#5581,#5582,#5583,#5584,#5585));
#935=EDGE_LOOP('',(#5586,#5587,#5588,#5589));
#936=EDGE_LOOP('',(#5590,#5591,#5592,#5593,#5594));
#937=EDGE_LOOP('',(#5595,#5596,#5597,#5598));
#938=EDGE_LOOP('',(#5599,#5600,#5601,#5602,#5603));
#939=EDGE_LOOP('',(#5604,#5605,#5606,#5607));
#940=EDGE_LOOP('',(#5608,#5609,#5610,#5611));
#941=EDGE_LOOP('',(#5612,#5613,#5614,#5615));
#942=EDGE_LOOP('',(#5616,#5617,#5618,#5619));
#943=EDGE_LOOP('',(#5620,#5621,#5622,#5623,#5624));
#944=EDGE_LOOP('',(#5625,#5626,#5627,#5628));
#945=EDGE_LOOP('',(#5629,#5630,#5631,#5632,#5633));
#946=EDGE_LOOP('',(#5634,#5635,#5636,#5637));
#947=EDGE_LOOP('',(#5638,#5639,#5640,#5641,#5642));
#948=EDGE_LOOP('',(#5643,#5644,#5645,#5646));
#949=EDGE_LOOP('',(#5647,#5648,#5649,#5650));
#950=EDGE_LOOP('',(#5651,#5652,#5653,#5654));
#951=EDGE_LOOP('',(#5655,#5656,#5657,#5658));
#952=EDGE_LOOP('',(#5659,#5660,#5661,#5662,#5663));
#953=EDGE_LOOP('',(#5664,#5665,#5666,#5667));
#954=EDGE_LOOP('',(#5668,#5669,#5670,#5671,#5672));
#955=EDGE_LOOP('',(#5673,#5674,#5675,#5676));
#956=EDGE_LOOP('',(#5677,#5678,#5679,#5680,#5681));
#957=EDGE_LOOP('',(#5682,#5683,#5684,#5685));
#958=EDGE_LOOP('',(#5686,#5687,#5688,#5689));
#959=EDGE_LOOP('',(#5690,#5691,#5692,#5693));
#960=EDGE_LOOP('',(#5694,#5695,#5696,#5697));
#961=EDGE_LOOP('',(#5698,#5699,#5700,#5701,#5702));
#962=EDGE_LOOP('',(#5703,#5704,#5705,#5706));
#963=EDGE_LOOP('',(#5707,#5708,#5709,#5710,#5711));
#964=EDGE_LOOP('',(#5712,#5713,#5714,#5715));
#965=EDGE_LOOP('',(#5716,#5717,#5718,#5719,#5720));
#966=EDGE_LOOP('',(#5721,#5722,#5723,#5724));
#967=EDGE_LOOP('',(#5725,#5726,#5727,#5728));
#968=EDGE_LOOP('',(#5729,#5730,#5731,#5732));
#969=EDGE_LOOP('',(#5733,#5734,#5735,#5736));
#970=EDGE_LOOP('',(#5737,#5738,#5739,#5740,#5741));
#971=EDGE_LOOP('',(#5742,#5743,#5744,#5745));
#972=EDGE_LOOP('',(#5746,#5747,#5748,#5749,#5750));
#973=EDGE_LOOP('',(#5751,#5752,#5753,#5754));
#974=EDGE_LOOP('',(#5755,#5756,#5757,#5758,#5759));
#975=EDGE_LOOP('',(#5760,#5761,#5762,#5763));
#976=EDGE_LOOP('',(#5764,#5765,#5766,#5767));
#977=EDGE_LOOP('',(#5768,#5769,#5770,#5771));
#978=EDGE_LOOP('',(#5772,#5773,#5774,#5775));
#979=EDGE_LOOP('',(#5776,#5777,#5778,#5779,#5780));
#980=EDGE_LOOP('',(#5781,#5782,#5783,#5784));
#981=EDGE_LOOP('',(#5785,#5786,#5787,#5788,#5789));
#982=EDGE_LOOP('',(#5790,#5791,#5792,#5793));
#983=EDGE_LOOP('',(#5794,#5795,#5796,#5797,#5798));
#984=EDGE_LOOP('',(#5799,#5800,#5801,#5802));
#985=EDGE_LOOP('',(#5803,#5804,#5805,#5806));
#986=EDGE_LOOP('',(#5807,#5808,#5809,#5810));
#987=EDGE_LOOP('',(#5811,#5812,#5813,#5814));
#988=EDGE_LOOP('',(#5815,#5816,#5817,#5818,#5819));
#989=EDGE_LOOP('',(#5820,#5821,#5822,#5823));
#990=EDGE_LOOP('',(#5824,#5825,#5826,#5827,#5828));
#991=EDGE_LOOP('',(#5829,#5830,#5831,#5832));
#992=EDGE_LOOP('',(#5833,#5834,#5835,#5836,#5837));
#993=EDGE_LOOP('',(#5838,#5839,#5840,#5841));
#994=EDGE_LOOP('',(#5842,#5843,#5844,#5845));
#995=EDGE_LOOP('',(#5846,#5847,#5848,#5849));
#996=EDGE_LOOP('',(#5850,#5851,#5852,#5853));
#997=EDGE_LOOP('',(#5854,#5855,#5856,#5857,#5858));
#998=EDGE_LOOP('',(#5859,#5860,#5861,#5862));
#999=EDGE_LOOP('',(#5863,#5864,#5865,#5866,#5867));
#1000=EDGE_LOOP('',(#5868,#5869,#5870,#5871));
#1001=EDGE_LOOP('',(#5872,#5873,#5874,#5875,#5876));
#1002=EDGE_LOOP('',(#5877,#5878,#5879,#5880));
#1003=EDGE_LOOP('',(#5881,#5882,#5883,#5884,#5885));
#1004=EDGE_LOOP('',(#5886,#5887,#5888,#5889,#5890));
#1005=EDGE_LOOP('',(#5891,#5892,#5893,#5894));
#1006=EDGE_LOOP('',(#5895,#5896,#5897,#5898));
#1007=EDGE_LOOP('',(#5899,#5900,#5901,#5902));
#1008=EDGE_LOOP('',(#5903,#5904,#5905,#5906));
#1009=EDGE_LOOP('',(#5907,#5908,#5909,#5910));
#1010=EDGE_LOOP('',(#5911,#5912,#5913,#5914));
#1011=EDGE_LOOP('',(#5915,#5916,#5917,#5918));
#1012=EDGE_LOOP('',(#5919,#5920,#5921,#5922));
#1013=EDGE_LOOP('',(#5923,#5924,#5925,#5926));
#1014=EDGE_LOOP('',(#5927,#5928,#5929,#5930));
#1015=EDGE_LOOP('',(#5931,#5932,#5933,#5934));
#1016=EDGE_LOOP('',(#5935,#5936,#5937,#5938));
#1017=EDGE_LOOP('',(#5939,#5940,#5941,#5942));
#1018=EDGE_LOOP('',(#5943,#5944,#5945,#5946));
#1019=EDGE_LOOP('',(#5947,#5948,#5949,#5950));
#1020=EDGE_LOOP('',(#5951,#5952,#5953,#5954));
#1021=EDGE_LOOP('',(#5955,#5956,#5957,#5958));
#1022=EDGE_LOOP('',(#5959,#5960,#5961,#5962));
#1023=EDGE_LOOP('',(#5963,#5964,#5965,#5966,#5967));
#1024=EDGE_LOOP('',(#5968,#5969,#5970,#5971));
#1025=EDGE_LOOP('',(#5972,#5973,#5974,#5975));
#1026=EDGE_LOOP('',(#5976,#5977,#5978,#5979));
#1027=EDGE_LOOP('',(#5980,#5981,#5982,#5983));
#1028=EDGE_LOOP('',(#5984,#5985,#5986,#5987));
#1029=EDGE_LOOP('',(#5988,#5989,#5990,#5991));
#1030=EDGE_LOOP('',(#5992,#5993,#5994,#5995));
#1031=EDGE_LOOP('',(#5996,#5997,#5998,#5999));
#1032=EDGE_LOOP('',(#6000,#6001,#6002,#6003));
#1033=EDGE_LOOP('',(#6004,#6005,#6006,#6007));
#1034=EDGE_LOOP('',(#6008,#6009,#6010,#6011));
#1035=EDGE_LOOP('',(#6012,#6013,#6014,#6015));
#1036=EDGE_LOOP('',(#6016,#6017,#6018,#6019));
#1037=EDGE_LOOP('',(#6020,#6021,#6022,#6023));
#1038=EDGE_LOOP('',(#6024,#6025,#6026,#6027));
#1039=EDGE_LOOP('',(#6028,#6029,#6030,#6031));
#1040=EDGE_LOOP('',(#6032,#6033,#6034,#6035));
#1041=EDGE_LOOP('',(#6036,#6037,#6038,#6039));
#1042=EDGE_LOOP('',(#6040,#6041,#6042,#6043,#6044));
#1043=EDGE_LOOP('',(#6045,#6046,#6047,#6048));
#1044=EDGE_LOOP('',(#6049,#6050,#6051,#6052));
#1045=EDGE_LOOP('',(#6053,#6054,#6055,#6056));
#1046=EDGE_LOOP('',(#6057,#6058,#6059,#6060));
#1047=EDGE_LOOP('',(#6061,#6062,#6063,#6064));
#1048=EDGE_LOOP('',(#6065,#6066,#6067,#6068));
#1049=EDGE_LOOP('',(#6069,#6070,#6071,#6072));
#1050=EDGE_LOOP('',(#6073,#6074,#6075,#6076));
#1051=EDGE_LOOP('',(#6077,#6078,#6079,#6080));
#1052=EDGE_LOOP('',(#6081,#6082,#6083,#6084));
#1053=EDGE_LOOP('',(#6085,#6086,#6087,#6088));
#1054=EDGE_LOOP('',(#6089,#6090,#6091,#6092));
#1055=EDGE_LOOP('',(#6093,#6094,#6095,#6096));
#1056=EDGE_LOOP('',(#6097,#6098,#6099,#6100));
#1057=EDGE_LOOP('',(#6101,#6102,#6103,#6104));
#1058=EDGE_LOOP('',(#6105,#6106,#6107,#6108));
#1059=EDGE_LOOP('',(#6109,#6110,#6111,#6112));
#1060=EDGE_LOOP('',(#6113,#6114,#6115,#6116));
#1061=EDGE_LOOP('',(#6117,#6118,#6119,#6120,#6121));
#1062=EDGE_LOOP('',(#6122,#6123,#6124,#6125));
#1063=EDGE_LOOP('',(#6126,#6127,#6128,#6129));
#1064=EDGE_LOOP('',(#6130,#6131,#6132,#6133));
#1065=EDGE_LOOP('',(#6134,#6135,#6136,#6137));
#1066=EDGE_LOOP('',(#6138,#6139,#6140,#6141));
#1067=EDGE_LOOP('',(#6142,#6143,#6144,#6145));
#1068=EDGE_LOOP('',(#6146,#6147,#6148,#6149));
#1069=EDGE_LOOP('',(#6150,#6151,#6152,#6153));
#1070=EDGE_LOOP('',(#6154,#6155,#6156,#6157));
#1071=EDGE_LOOP('',(#6158,#6159,#6160,#6161));
#1072=EDGE_LOOP('',(#6162,#6163,#6164,#6165));
#1073=EDGE_LOOP('',(#6166,#6167,#6168,#6169));
#1074=EDGE_LOOP('',(#6170,#6171,#6172,#6173));
#1075=EDGE_LOOP('',(#6174,#6175,#6176,#6177));
#1076=EDGE_LOOP('',(#6178,#6179,#6180,#6181));
#1077=EDGE_LOOP('',(#6182,#6183,#6184,#6185));
#1078=EDGE_LOOP('',(#6186,#6187,#6188,#6189));
#1079=EDGE_LOOP('',(#6190,#6191,#6192,#6193));
#1080=EDGE_LOOP('',(#6194,#6195,#6196,#6197,#6198));
#1081=EDGE_LOOP('',(#6199,#6200,#6201,#6202));
#1082=EDGE_LOOP('',(#6203,#6204,#6205,#6206));
#1083=EDGE_LOOP('',(#6207,#6208,#6209,#6210));
#1084=EDGE_LOOP('',(#6211,#6212,#6213,#6214));
#1085=EDGE_LOOP('',(#6215,#6216,#6217,#6218));
#1086=EDGE_LOOP('',(#6219,#6220,#6221,#6222));
#1087=EDGE_LOOP('',(#6223,#6224,#6225,#6226));
#1088=EDGE_LOOP('',(#6227,#6228,#6229,#6230));
#1089=EDGE_LOOP('',(#6231,#6232,#6233,#6234));
#1090=EDGE_LOOP('',(#6235,#6236,#6237,#6238));
#1091=EDGE_LOOP('',(#6239,#6240,#6241,#6242));
#1092=EDGE_LOOP('',(#6243,#6244,#6245,#6246));
#1093=EDGE_LOOP('',(#6247,#6248,#6249,#6250));
#1094=EDGE_LOOP('',(#6251,#6252,#6253,#6254));
#1095=EDGE_LOOP('',(#6255,#6256,#6257,#6258));
#1096=EDGE_LOOP('',(#6259,#6260,#6261,#6262));
#1097=EDGE_LOOP('',(#6263,#6264,#6265,#6266));
#1098=EDGE_LOOP('',(#6267,#6268,#6269,#6270));
#1099=EDGE_LOOP('',(#6271,#6272,#6273,#6274,#6275));
#1100=EDGE_LOOP('',(#6276,#6277,#6278,#6279));
#1101=EDGE_LOOP('',(#6280,#6281,#6282,#6283));
#1102=EDGE_LOOP('',(#6284,#6285,#6286,#6287));
#1103=EDGE_LOOP('',(#6288,#6289,#6290,#6291));
#1104=EDGE_LOOP('',(#6292,#6293,#6294,#6295));
#1105=EDGE_LOOP('',(#6296,#6297,#6298,#6299));
#1106=EDGE_LOOP('',(#6300,#6301,#6302,#6303));
#1107=EDGE_LOOP('',(#6304,#6305,#6306,#6307));
#1108=EDGE_LOOP('',(#6308,#6309,#6310,#6311));
#1109=EDGE_LOOP('',(#6312,#6313,#6314,#6315));
#1110=EDGE_LOOP('',(#6316,#6317,#6318,#6319));
#1111=EDGE_LOOP('',(#6320,#6321,#6322,#6323));
#1112=EDGE_LOOP('',(#6324,#6325,#6326,#6327));
#1113=EDGE_LOOP('',(#6328,#6329,#6330,#6331));
#1114=EDGE_LOOP('',(#6332,#6333,#6334,#6335));
#1115=EDGE_LOOP('',(#6336,#6337,#6338,#6339));
#1116=EDGE_LOOP('',(#6340,#6341,#6342,#6343));
#1117=EDGE_LOOP('',(#6344,#6345,#6346,#6347));
#1118=EDGE_LOOP('',(#6348,#6349,#6350,#6351,#6352));
#1119=EDGE_LOOP('',(#6353,#6354,#6355,#6356));
#1120=EDGE_LOOP('',(#6357,#6358,#6359,#6360));
#1121=EDGE_LOOP('',(#6361,#6362,#6363,#6364));
#1122=EDGE_LOOP('',(#6365,#6366,#6367,#6368));
#1123=EDGE_LOOP('',(#6369,#6370,#6371,#6372));
#1124=EDGE_LOOP('',(#6373,#6374,#6375,#6376));
#1125=EDGE_LOOP('',(#6377,#6378,#6379,#6380));
#1126=EDGE_LOOP('',(#6381,#6382,#6383,#6384));
#1127=EDGE_LOOP('',(#6385,#6386,#6387,#6388));
#1128=EDGE_LOOP('',(#6389,#6390,#6391,#6392));
#1129=EDGE_LOOP('',(#6393,#6394,#6395,#6396));
#1130=EDGE_LOOP('',(#6397,#6398,#6399,#6400));
#1131=EDGE_LOOP('',(#6401,#6402,#6403,#6404));
#1132=EDGE_LOOP('',(#6405,#6406,#6407,#6408));
#1133=EDGE_LOOP('',(#6409,#6410,#6411,#6412));
#1134=EDGE_LOOP('',(#6413,#6414,#6415,#6416));
#1135=EDGE_LOOP('',(#6417,#6418,#6419,#6420));
#1136=EDGE_LOOP('',(#6421,#6422,#6423,#6424));
#1137=EDGE_LOOP('',(#6425,#6426,#6427,#6428,#6429));
#1138=EDGE_LOOP('',(#6430,#6431,#6432,#6433));
#1139=EDGE_LOOP('',(#6434,#6435,#6436,#6437));
#1140=EDGE_LOOP('',(#6438,#6439,#6440,#6441));
#1141=EDGE_LOOP('',(#6442,#6443,#6444,#6445));
#1142=EDGE_LOOP('',(#6446,#6447,#6448,#6449));
#1143=EDGE_LOOP('',(#6450,#6451,#6452,#6453));
#1144=EDGE_LOOP('',(#6454,#6455,#6456,#6457));
#1145=EDGE_LOOP('',(#6458,#6459,#6460,#6461));
#1146=EDGE_LOOP('',(#6462,#6463,#6464,#6465));
#1147=EDGE_LOOP('',(#6466,#6467,#6468,#6469));
#1148=EDGE_LOOP('',(#6470,#6471,#6472,#6473));
#1149=EDGE_LOOP('',(#6474,#6475,#6476,#6477));
#1150=EDGE_LOOP('',(#6478,#6479,#6480,#6481));
#1151=EDGE_LOOP('',(#6482,#6483,#6484,#6485));
#1152=EDGE_LOOP('',(#6486,#6487,#6488,#6489));
#1153=EDGE_LOOP('',(#6490,#6491,#6492,#6493));
#1154=EDGE_LOOP('',(#6494,#6495,#6496,#6497));
#1155=EDGE_LOOP('',(#6498,#6499,#6500,#6501));
#1156=EDGE_LOOP('',(#6502,#6503,#6504,#6505,#6506));
#1157=EDGE_LOOP('',(#6507,#6508,#6509,#6510));
#1158=EDGE_LOOP('',(#6511,#6512,#6513,#6514));
#1159=EDGE_LOOP('',(#6515,#6516,#6517,#6518));
#1160=EDGE_LOOP('',(#6519,#6520,#6521,#6522));
#1161=EDGE_LOOP('',(#6523,#6524,#6525,#6526));
#1162=EDGE_LOOP('',(#6527,#6528,#6529,#6530));
#1163=EDGE_LOOP('',(#6531,#6532,#6533,#6534));
#1164=EDGE_LOOP('',(#6535,#6536,#6537,#6538));
#1165=EDGE_LOOP('',(#6539,#6540,#6541,#6542));
#1166=EDGE_LOOP('',(#6543,#6544,#6545,#6546));
#1167=EDGE_LOOP('',(#6547,#6548,#6549,#6550));
#1168=EDGE_LOOP('',(#6551,#6552,#6553,#6554));
#1169=EDGE_LOOP('',(#6555,#6556,#6557,#6558));
#1170=EDGE_LOOP('',(#6559,#6560,#6561,#6562));
#1171=EDGE_LOOP('',(#6563,#6564,#6565,#6566));
#1172=EDGE_LOOP('',(#6567,#6568,#6569,#6570));
#1173=EDGE_LOOP('',(#6571,#6572,#6573,#6574));
#1174=EDGE_LOOP('',(#6575,#6576,#6577,#6578));
#1175=EDGE_LOOP('',(#6579,#6580,#6581,#6582,#6583));
#1176=EDGE_LOOP('',(#6584,#6585,#6586,#6587));
#1177=EDGE_LOOP('',(#6588,#6589,#6590,#6591));
#1178=EDGE_LOOP('',(#6592,#6593,#6594,#6595));
#1179=EDGE_LOOP('',(#6596,#6597,#6598,#6599));
#1180=EDGE_LOOP('',(#6600,#6601,#6602,#6603));
#1181=EDGE_LOOP('',(#6604,#6605,#6606,#6607));
#1182=EDGE_LOOP('',(#6608,#6609,#6610,#6611));
#1183=EDGE_LOOP('',(#6612,#6613,#6614,#6615));
#1184=EDGE_LOOP('',(#6616,#6617,#6618,#6619));
#1185=EDGE_LOOP('',(#6620,#6621,#6622,#6623));
#1186=EDGE_LOOP('',(#6624,#6625,#6626,#6627));
#1187=EDGE_LOOP('',(#6628,#6629,#6630,#6631));
#1188=EDGE_LOOP('',(#6632,#6633,#6634,#6635));
#1189=EDGE_LOOP('',(#6636,#6637,#6638,#6639));
#1190=EDGE_LOOP('',(#6640,#6641,#6642,#6643));
#1191=EDGE_LOOP('',(#6644,#6645,#6646,#6647));
#1192=EDGE_LOOP('',(#6648,#6649,#6650,#6651));
#1193=EDGE_LOOP('',(#6652,#6653,#6654,#6655));
#1194=EDGE_LOOP('',(#6656,#6657,#6658,#6659,#6660));
#1195=EDGE_LOOP('',(#6661,#6662,#6663,#6664));
#1196=EDGE_LOOP('',(#6665,#6666,#6667,#6668));
#1197=EDGE_LOOP('',(#6669,#6670,#6671,#6672));
#1198=EDGE_LOOP('',(#6673,#6674,#6675,#6676));
#1199=EDGE_LOOP('',(#6677,#6678,#6679,#6680));
#1200=EDGE_LOOP('',(#6681,#6682,#6683,#6684));
#1201=EDGE_LOOP('',(#6685,#6686,#6687,#6688));
#1202=EDGE_LOOP('',(#6689,#6690,#6691,#6692));
#1203=EDGE_LOOP('',(#6693,#6694,#6695,#6696));
#1204=EDGE_LOOP('',(#6697,#6698,#6699,#6700));
#1205=EDGE_LOOP('',(#6701,#6702,#6703,#6704));
#1206=EDGE_LOOP('',(#6705,#6706,#6707,#6708));
#1207=EDGE_LOOP('',(#6709,#6710,#6711,#6712));
#1208=EDGE_LOOP('',(#6713,#6714,#6715,#6716));
#1209=EDGE_LOOP('',(#6717,#6718,#6719,#6720));
#1210=EDGE_LOOP('',(#6721,#6722,#6723,#6724));
#1211=EDGE_LOOP('',(#6725,#6726,#6727,#6728));
#1212=EDGE_LOOP('',(#6729,#6730,#6731,#6732));
#1213=EDGE_LOOP('',(#6733,#6734,#6735,#6736,#6737));
#1214=EDGE_LOOP('',(#6738,#6739,#6740,#6741));
#1215=EDGE_LOOP('',(#6742,#6743,#6744,#6745));
#1216=EDGE_LOOP('',(#6746,#6747,#6748,#6749));
#1217=EDGE_LOOP('',(#6750,#6751,#6752,#6753));
#1218=EDGE_LOOP('',(#6754,#6755,#6756,#6757));
#1219=EDGE_LOOP('',(#6758,#6759,#6760,#6761));
#1220=EDGE_LOOP('',(#6762,#6763,#6764,#6765));
#1221=EDGE_LOOP('',(#6766,#6767,#6768,#6769));
#1222=EDGE_LOOP('',(#6770,#6771,#6772,#6773));
#1223=EDGE_LOOP('',(#6774,#6775,#6776,#6777));
#1224=EDGE_LOOP('',(#6778,#6779,#6780,#6781));
#1225=EDGE_LOOP('',(#6782,#6783,#6784,#6785));
#1226=EDGE_LOOP('',(#6786,#6787,#6788,#6789));
#1227=EDGE_LOOP('',(#6790,#6791,#6792,#6793));
#1228=EDGE_LOOP('',(#6794,#6795,#6796,#6797));
#1229=EDGE_LOOP('',(#6798,#6799,#6800,#6801));
#1230=EDGE_LOOP('',(#6802,#6803,#6804,#6805));
#1231=EDGE_LOOP('',(#6806,#6807,#6808,#6809));
#1232=EDGE_LOOP('',(#6810,#6811,#6812,#6813,#6814));
#1233=EDGE_LOOP('',(#6815,#6816,#6817,#6818));
#1234=EDGE_LOOP('',(#6819,#6820,#6821,#6822));
#1235=EDGE_LOOP('',(#6823,#6824,#6825,#6826));
#1236=EDGE_LOOP('',(#6827,#6828,#6829,#6830));
#1237=EDGE_LOOP('',(#6831,#6832,#6833,#6834));
#1238=EDGE_LOOP('',(#6835,#6836,#6837,#6838));
#1239=EDGE_LOOP('',(#6839,#6840,#6841,#6842));
#1240=EDGE_LOOP('',(#6843,#6844,#6845,#6846));
#1241=EDGE_LOOP('',(#6847,#6848,#6849,#6850));
#1242=EDGE_LOOP('',(#6851,#6852,#6853,#6854));
#1243=EDGE_LOOP('',(#6855,#6856,#6857,#6858));
#1244=EDGE_LOOP('',(#6859,#6860,#6861,#6862));
#1245=EDGE_LOOP('',(#6863,#6864,#6865,#6866));
#1246=EDGE_LOOP('',(#6867,#6868,#6869,#6870));
#1247=EDGE_LOOP('',(#6871,#6872,#6873,#6874));
#1248=EDGE_LOOP('',(#6875,#6876,#6877,#6878));
#1249=EDGE_LOOP('',(#6879,#6880,#6881,#6882));
#1250=EDGE_LOOP('',(#6883,#6884,#6885,#6886));
#1251=EDGE_LOOP('',(#6887,#6888,#6889,#6890));
#1252=EDGE_LOOP('',(#6891,#6892,#6893,#6894));
#1253=EDGE_LOOP('',(#6895,#6896,#6897,#6898));
#1254=EDGE_LOOP('',(#6899,#6900,#6901,#6902));
#1255=EDGE_LOOP('',(#6903,#6904,#6905,#6906));
#1256=EDGE_LOOP('',(#6907,#6908,#6909,#6910));
#1257=EDGE_LOOP('',(#6911,#6912,#6913,#6914));
#1258=EDGE_LOOP('',(#6915,#6916,#6917,#6918));
#1259=EDGE_LOOP('',(#6919,#6920,#6921,#6922));
#1260=EDGE_LOOP('',(#6923,#6924,#6925,#6926));
#1261=EDGE_LOOP('',(#6927,#6928,#6929,#6930));
#1262=EDGE_LOOP('',(#6931,#6932,#6933,#6934));
#1263=EDGE_LOOP('',(#6935,#6936,#6937,#6938));
#1264=EDGE_LOOP('',(#6939,#6940,#6941,#6942));
#1265=EDGE_LOOP('',(#6943,#6944,#6945,#6946));
#1266=EDGE_LOOP('',(#6947,#6948,#6949,#6950));
#1267=EDGE_LOOP('',(#6951,#6952,#6953,#6954));
#1268=EDGE_LOOP('',(#6955,#6956,#6957,#6958));
#1269=EDGE_LOOP('',(#6959,#6960,#6961,#6962,#6963));
#1270=EDGE_LOOP('',(#6964));
#1271=EDGE_LOOP('',(#6965,#6966,#6967,#6968,#6969));
#1272=EDGE_LOOP('',(#6970));
#1273=EDGE_LOOP('',(#6971,#6972,#6973,#6974,#6975));
#1274=EDGE_LOOP('',(#6976));
#1275=EDGE_LOOP('',(#6977,#6978,#6979,#6980,#6981));
#1276=EDGE_LOOP('',(#6982));
#1277=EDGE_LOOP('',(#6983,#6984,#6985,#6986,#6987));
#1278=EDGE_LOOP('',(#6988));
#1279=EDGE_LOOP('',(#6989,#6990,#6991,#6992,#6993));
#1280=EDGE_LOOP('',(#6994));
#1281=EDGE_LOOP('',(#6995,#6996,#6997,#6998,#6999));
#1282=EDGE_LOOP('',(#7000));
#1283=EDGE_LOOP('',(#7001,#7002,#7003,#7004,#7005));
#1284=EDGE_LOOP('',(#7006));
#1285=EDGE_LOOP('',(#7007,#7008,#7009,#7010,#7011));
#1286=EDGE_LOOP('',(#7012));
#1287=EDGE_LOOP('',(#7013,#7014,#7015,#7016,#7017));
#1288=EDGE_LOOP('',(#7018));
#1289=EDGE_LOOP('',(#7019,#7020,#7021,#7022,#7023));
#1290=EDGE_LOOP('',(#7024));
#1291=EDGE_LOOP('',(#7025,#7026,#7027,#7028,#7029));
#1292=EDGE_LOOP('',(#7030));
#1293=EDGE_LOOP('',(#7031,#7032,#7033,#7034,#7035));
#1294=EDGE_LOOP('',(#7036));
#1295=EDGE_LOOP('',(#7037,#7038,#7039,#7040,#7041));
#1296=EDGE_LOOP('',(#7042));
#1297=EDGE_LOOP('',(#7043,#7044,#7045,#7046,#7047));
#1298=EDGE_LOOP('',(#7048));
#1299=EDGE_LOOP('',(#7049,#7050,#7051,#7052,#7053));
#1300=EDGE_LOOP('',(#7054));
#1301=EDGE_LOOP('',(#7055,#7056,#7057,#7058,#7059));
#1302=EDGE_LOOP('',(#7060));
#1303=EDGE_LOOP('',(#7061,#7062,#7063,#7064,#7065));
#1304=EDGE_LOOP('',(#7066));
#1305=EDGE_LOOP('',(#7067,#7068,#7069,#7070,#7071));
#1306=EDGE_LOOP('',(#7072));
#1307=EDGE_LOOP('',(#7073,#7074,#7075,#7076,#7077));
#1308=EDGE_LOOP('',(#7078));
#1309=EDGE_LOOP('',(#7079,#7080,#7081,#7082,#7083));
#1310=EDGE_LOOP('',(#7084));
#1311=EDGE_LOOP('',(#7085,#7086,#7087,#7088,#7089));
#1312=EDGE_LOOP('',(#7090));
#1313=EDGE_LOOP('',(#7091,#7092,#7093,#7094,#7095));
#1314=EDGE_LOOP('',(#7096));
#1315=EDGE_LOOP('',(#7097,#7098,#7099,#7100,#7101));
#1316=EDGE_LOOP('',(#7102));
#1317=EDGE_LOOP('',(#7103,#7104,#7105,#7106,#7107));
#1318=EDGE_LOOP('',(#7108));
#1319=EDGE_LOOP('',(#7109,#7110,#7111,#7112,#7113));
#1320=EDGE_LOOP('',(#7114));
#1321=EDGE_LOOP('',(#7115,#7116,#7117,#7118,#7119));
#1322=EDGE_LOOP('',(#7120));
#1323=EDGE_LOOP('',(#7121,#7122,#7123,#7124,#7125));
#1324=EDGE_LOOP('',(#7126));
#1325=EDGE_LOOP('',(#7127,#7128,#7129,#7130));
#1326=EDGE_LOOP('',(#7131,#7132,#7133,#7134));
#1327=EDGE_LOOP('',(#7135,#7136,#7137,#7138));
#1328=EDGE_LOOP('',(#7139,#7140,#7141,#7142));
#1329=EDGE_LOOP('',(#7143,#7144,#7145,#7146));
#1330=EDGE_LOOP('',(#7147,#7148,#7149,#7150));
#1331=EDGE_LOOP('',(#7151,#7152,#7153,#7154));
#1332=EDGE_LOOP('',(#7155,#7156,#7157,#7158));
#1333=EDGE_LOOP('',(#7159,#7160,#7161,#7162));
#1334=EDGE_LOOP('',(#7163,#7164,#7165,#7166));
#1335=EDGE_LOOP('',(#7167,#7168,#7169,#7170));
#1336=EDGE_LOOP('',(#7171,#7172,#7173,#7174));
#1337=EDGE_LOOP('',(#7175,#7176,#7177,#7178));
#1338=EDGE_LOOP('',(#7179,#7180,#7181,#7182));
#1339=EDGE_LOOP('',(#7183,#7184,#7185,#7186));
#1340=EDGE_LOOP('',(#7187,#7188,#7189,#7190));
#1341=EDGE_LOOP('',(#7191,#7192,#7193,#7194));
#1342=EDGE_LOOP('',(#7195,#7196,#7197,#7198));
#1343=EDGE_LOOP('',(#7199,#7200,#7201,#7202));
#1344=EDGE_LOOP('',(#7203,#7204,#7205,#7206));
#1345=EDGE_LOOP('',(#7207,#7208,#7209,#7210));
#1346=EDGE_LOOP('',(#7211,#7212,#7213,#7214));
#1347=EDGE_LOOP('',(#7215,#7216,#7217,#7218));
#1348=EDGE_LOOP('',(#7219,#7220,#7221,#7222));
#1349=EDGE_LOOP('',(#7223,#7224,#7225,#7226));
#1350=EDGE_LOOP('',(#7227,#7228,#7229,#7230));
#1351=EDGE_LOOP('',(#7231,#7232,#7233,#7234));
#1352=EDGE_LOOP('',(#7235,#7236,#7237,#7238));
#1353=EDGE_LOOP('',(#7239,#7240,#7241,#7242));
#1354=EDGE_LOOP('',(#7243));
#1355=EDGE_LOOP('',(#7244));
#1356=EDGE_LOOP('',(#7245));
#1357=EDGE_LOOP('',(#7246));
#1358=EDGE_LOOP('',(#7247));
#1359=EDGE_LOOP('',(#7248));
#1360=EDGE_LOOP('',(#7249));
#1361=EDGE_LOOP('',(#7250));
#1362=EDGE_LOOP('',(#7251));
#1363=EDGE_LOOP('',(#7252));
#1364=EDGE_LOOP('',(#7253));
#1365=EDGE_LOOP('',(#7254));
#1366=EDGE_LOOP('',(#7255));
#1367=EDGE_LOOP('',(#7256));
#1368=EDGE_LOOP('',(#7257));
#1369=EDGE_LOOP('',(#7258));
#1370=EDGE_LOOP('',(#7259));
#1371=EDGE_LOOP('',(#7260));
#1372=EDGE_LOOP('',(#7261,#7262,#7263,#7264));
#1373=EDGE_LOOP('',(#7265));
#1374=EDGE_LOOP('',(#7266));
#1375=EDGE_LOOP('',(#7267));
#1376=EDGE_LOOP('',(#7268));
#1377=EDGE_LOOP('',(#7269));
#1378=EDGE_LOOP('',(#7270));
#1379=EDGE_LOOP('',(#7271));
#1380=EDGE_LOOP('',(#7272));
#1381=EDGE_LOOP('',(#7273));
#1382=EDGE_LOOP('',(#7274));
#1383=EDGE_LOOP('',(#7275));
#1384=EDGE_LOOP('',(#7276));
#1385=EDGE_LOOP('',(#7277));
#1386=EDGE_LOOP('',(#7278));
#1387=EDGE_LOOP('',(#7279));
#1388=EDGE_LOOP('',(#7280));
#1389=EDGE_LOOP('',(#7281));
#1390=EDGE_LOOP('',(#7282));
#1391=LINE('',#11197,#2363);
#1392=LINE('',#11199,#2364);
#1393=LINE('',#11201,#2365);
#1394=LINE('',#11202,#2366);
#1395=LINE('',#11205,#2367);
#1396=LINE('',#11207,#2368);
#1397=LINE('',#11208,#2369);
#1398=LINE('',#11212,#2370);
#1399=LINE('',#11214,#2371);
#1400=LINE('',#11216,#2372);
#1401=LINE('',#11217,#2373);
#1402=LINE('',#11221,#2374);
#1403=LINE('',#11223,#2375);
#1404=LINE('',#11225,#2376);
#1405=LINE('',#11227,#2377);
#1406=LINE('',#11229,#2378);
#1407=LINE('',#11230,#2379);
#1408=LINE('',#11234,#2380);
#1409=LINE('',#11236,#2381);
#1410=LINE('',#11238,#2382);
#1411=LINE('',#11240,#2383);
#1412=LINE('',#11242,#2384);
#1413=LINE('',#11243,#2385);
#1414=LINE('',#11247,#2386);
#1415=LINE('',#11249,#2387);
#1416=LINE('',#11251,#2388);
#1417=LINE('',#11253,#2389);
#1418=LINE('',#11255,#2390);
#1419=LINE('',#11256,#2391);
#1420=LINE('',#11260,#2392);
#1421=LINE('',#11262,#2393);
#1422=LINE('',#11264,#2394);
#1423=LINE('',#11266,#2395);
#1424=LINE('',#11268,#2396);
#1425=LINE('',#11269,#2397);
#1426=LINE('',#11273,#2398);
#1427=LINE('',#11275,#2399);
#1428=LINE('',#11277,#2400);
#1429=LINE('',#11279,#2401);
#1430=LINE('',#11281,#2402);
#1431=LINE('',#11282,#2403);
#1432=LINE('',#11286,#2404);
#1433=LINE('',#11288,#2405);
#1434=LINE('',#11290,#2406);
#1435=LINE('',#11292,#2407);
#1436=LINE('',#11294,#2408);
#1437=LINE('',#11295,#2409);
#1438=LINE('',#11299,#2410);
#1439=LINE('',#11301,#2411);
#1440=LINE('',#11303,#2412);
#1441=LINE('',#11305,#2413);
#1442=LINE('',#11307,#2414);
#1443=LINE('',#11308,#2415);
#1444=LINE('',#11312,#2416);
#1445=LINE('',#11314,#2417);
#1446=LINE('',#11316,#2418);
#1447=LINE('',#11318,#2419);
#1448=LINE('',#11320,#2420);
#1449=LINE('',#11321,#2421);
#1450=LINE('',#11325,#2422);
#1451=LINE('',#11327,#2423);
#1452=LINE('',#11329,#2424);
#1453=LINE('',#11331,#2425);
#1454=LINE('',#11333,#2426);
#1455=LINE('',#11334,#2427);
#1456=LINE('',#11338,#2428);
#1457=LINE('',#11340,#2429);
#1458=LINE('',#11342,#2430);
#1459=LINE('',#11344,#2431);
#1460=LINE('',#11346,#2432);
#1461=LINE('',#11347,#2433);
#1462=LINE('',#11351,#2434);
#1463=LINE('',#11353,#2435);
#1464=LINE('',#11355,#2436);
#1465=LINE('',#11357,#2437);
#1466=LINE('',#11359,#2438);
#1467=LINE('',#11360,#2439);
#1468=LINE('',#11364,#2440);
#1469=LINE('',#11366,#2441);
#1470=LINE('',#11368,#2442);
#1471=LINE('',#11370,#2443);
#1472=LINE('',#11372,#2444);
#1473=LINE('',#11373,#2445);
#1474=LINE('',#11377,#2446);
#1475=LINE('',#11379,#2447);
#1476=LINE('',#11381,#2448);
#1477=LINE('',#11383,#2449);
#1478=LINE('',#11385,#2450);
#1479=LINE('',#11386,#2451);
#1480=LINE('',#11389,#2452);
#1481=LINE('',#11391,#2453);
#1482=LINE('',#11392,#2454);
#1483=LINE('',#11395,#2455);
#1484=LINE('',#11397,#2456);
#1485=LINE('',#11398,#2457);
#1486=LINE('',#11401,#2458);
#1487=LINE('',#11402,#2459);
#1488=LINE('',#11405,#2460);
#1489=LINE('',#11406,#2461);
#1490=LINE('',#11409,#2462);
#1491=LINE('',#11411,#2463);
#1492=LINE('',#11412,#2464);
#1493=LINE('',#11415,#2465);
#1494=LINE('',#11416,#2466);
#1495=LINE('',#11419,#2467);
#1496=LINE('',#11421,#2468);
#1497=LINE('',#11423,#2469);
#1498=LINE('',#11424,#2470);
#1499=LINE('',#11427,#2471);
#1500=LINE('',#11428,#2472);
#1501=LINE('',#11431,#2473);
#1502=LINE('',#11433,#2474);
#1503=LINE('',#11435,#2475);
#1504=LINE('',#11437,#2476);
#1505=LINE('',#11439,#2477);
#1506=LINE('',#11441,#2478);
#1507=LINE('',#11443,#2479);
#1508=LINE('',#11445,#2480);
#1509=LINE('',#11447,#2481);
#1510=LINE('',#11449,#2482);
#1511=LINE('',#11451,#2483);
#1512=LINE('',#11453,#2484);
#1513=LINE('',#11455,#2485);
#1514=LINE('',#11457,#2486);
#1515=LINE('',#11459,#2487);
#1516=LINE('',#11461,#2488);
#1517=LINE('',#11463,#2489);
#1518=LINE('',#11465,#2490);
#1519=LINE('',#11467,#2491);
#1520=LINE('',#11469,#2492);
#1521=LINE('',#11471,#2493);
#1522=LINE('',#11473,#2494);
#1523=LINE('',#11475,#2495);
#1524=LINE('',#11477,#2496);
#1525=LINE('',#11479,#2497);
#1526=LINE('',#11481,#2498);
#1527=LINE('',#11483,#2499);
#1528=LINE('',#11485,#2500);
#1529=LINE('',#11487,#2501);
#1530=LINE('',#11489,#2502);
#1531=LINE('',#11491,#2503);
#1532=LINE('',#11493,#2504);
#1533=LINE('',#11495,#2505);
#1534=LINE('',#11497,#2506);
#1535=LINE('',#11499,#2507);
#1536=LINE('',#11501,#2508);
#1537=LINE('',#11503,#2509);
#1538=LINE('',#11505,#2510);
#1539=LINE('',#11507,#2511);
#1540=LINE('',#11508,#2512);
#1541=LINE('',#11510,#2513);
#1542=LINE('',#11512,#2514);
#1543=LINE('',#11514,#2515);
#1544=LINE('',#11516,#2516);
#1545=LINE('',#11518,#2517);
#1546=LINE('',#11520,#2518);
#1547=LINE('',#11522,#2519);
#1548=LINE('',#11524,#2520);
#1549=LINE('',#11526,#2521);
#1550=LINE('',#11528,#2522);
#1551=LINE('',#11530,#2523);
#1552=LINE('',#11532,#2524);
#1553=LINE('',#11534,#2525);
#1554=LINE('',#11536,#2526);
#1555=LINE('',#11538,#2527);
#1556=LINE('',#11540,#2528);
#1557=LINE('',#11542,#2529);
#1558=LINE('',#11544,#2530);
#1559=LINE('',#11546,#2531);
#1560=LINE('',#11548,#2532);
#1561=LINE('',#11550,#2533);
#1562=LINE('',#11552,#2534);
#1563=LINE('',#11554,#2535);
#1564=LINE('',#11556,#2536);
#1565=LINE('',#11558,#2537);
#1566=LINE('',#11560,#2538);
#1567=LINE('',#11562,#2539);
#1568=LINE('',#11564,#2540);
#1569=LINE('',#11566,#2541);
#1570=LINE('',#11568,#2542);
#1571=LINE('',#11570,#2543);
#1572=LINE('',#11572,#2544);
#1573=LINE('',#11574,#2545);
#1574=LINE('',#11576,#2546);
#1575=LINE('',#11578,#2547);
#1576=LINE('',#11580,#2548);
#1577=LINE('',#11582,#2549);
#1578=LINE('',#11584,#2550);
#1579=LINE('',#11586,#2551);
#1580=LINE('',#11587,#2552);
#1581=LINE('',#11590,#2553);
#1582=LINE('',#11592,#2554);
#1583=LINE('',#11594,#2555);
#1584=LINE('',#11595,#2556);
#1585=LINE('',#11598,#2557);
#1586=LINE('',#11600,#2558);
#1587=LINE('',#11602,#2559);
#1588=LINE('',#11603,#2560);
#1589=LINE('',#11606,#2561);
#1590=LINE('',#11608,#2562);
#1591=LINE('',#11610,#2563);
#1592=LINE('',#11611,#2564);
#1593=LINE('',#11614,#2565);
#1594=LINE('',#11616,#2566);
#1595=LINE('',#11618,#2567);
#1596=LINE('',#11619,#2568);
#1597=LINE('',#11622,#2569);
#1598=LINE('',#11624,#2570);
#1599=LINE('',#11626,#2571);
#1600=LINE('',#11627,#2572);
#1601=LINE('',#11630,#2573);
#1602=LINE('',#11632,#2574);
#1603=LINE('',#11634,#2575);
#1604=LINE('',#11635,#2576);
#1605=LINE('',#11638,#2577);
#1606=LINE('',#11640,#2578);
#1607=LINE('',#11642,#2579);
#1608=LINE('',#11643,#2580);
#1609=LINE('',#11646,#2581);
#1610=LINE('',#11648,#2582);
#1611=LINE('',#11650,#2583);
#1612=LINE('',#11651,#2584);
#1613=LINE('',#11654,#2585);
#1614=LINE('',#11656,#2586);
#1615=LINE('',#11658,#2587);
#1616=LINE('',#11659,#2588);
#1617=LINE('',#11662,#2589);
#1618=LINE('',#11664,#2590);
#1619=LINE('',#11666,#2591);
#1620=LINE('',#11667,#2592);
#1621=LINE('',#11670,#2593);
#1622=LINE('',#11672,#2594);
#1623=LINE('',#11674,#2595);
#1624=LINE('',#11675,#2596);
#1625=LINE('',#11678,#2597);
#1626=LINE('',#11680,#2598);
#1627=LINE('',#11682,#2599);
#1628=LINE('',#11683,#2600);
#1629=LINE('',#11686,#2601);
#1630=LINE('',#11688,#2602);
#1631=LINE('',#11690,#2603);
#1632=LINE('',#11691,#2604);
#1633=LINE('',#11694,#2605);
#1634=LINE('',#11696,#2606);
#1635=LINE('',#11698,#2607);
#1636=LINE('',#11699,#2608);
#1637=LINE('',#11702,#2609);
#1638=LINE('',#11703,#2610);
#1639=LINE('',#11706,#2611);
#1640=LINE('',#11707,#2612);
#1641=LINE('',#11710,#2613);
#1642=LINE('',#11712,#2614);
#1643=LINE('',#11713,#2615);
#1644=LINE('',#11716,#2616);
#1645=LINE('',#11718,#2617);
#1646=LINE('',#11720,#2618);
#1647=LINE('',#11721,#2619);
#1648=LINE('',#11723,#2620);
#1649=LINE('',#11724,#2621);
#1650=LINE('',#11726,#2622);
#1651=LINE('',#11727,#2623);
#1652=LINE('',#11729,#2624);
#1653=LINE('',#11731,#2625);
#1654=LINE('',#11732,#2626);
#1655=LINE('',#11736,#2627);
#1656=LINE('',#11737,#2628);
#1657=LINE('',#11740,#2629);
#1658=LINE('',#11741,#2630);
#1659=LINE('',#11744,#2631);
#1660=LINE('',#11746,#2632);
#1661=LINE('',#11747,#2633);
#1662=LINE('',#11750,#2634);
#1663=LINE('',#11752,#2635);
#1664=LINE('',#11754,#2636);
#1665=LINE('',#11755,#2637);
#1666=LINE('',#11757,#2638);
#1667=LINE('',#11758,#2639);
#1668=LINE('',#11760,#2640);
#1669=LINE('',#11761,#2641);
#1670=LINE('',#11763,#2642);
#1671=LINE('',#11765,#2643);
#1672=LINE('',#11766,#2644);
#1673=LINE('',#11770,#2645);
#1674=LINE('',#11771,#2646);
#1675=LINE('',#11774,#2647);
#1676=LINE('',#11775,#2648);
#1677=LINE('',#11778,#2649);
#1678=LINE('',#11780,#2650);
#1679=LINE('',#11781,#2651);
#1680=LINE('',#11784,#2652);
#1681=LINE('',#11786,#2653);
#1682=LINE('',#11788,#2654);
#1683=LINE('',#11789,#2655);
#1684=LINE('',#11791,#2656);
#1685=LINE('',#11792,#2657);
#1686=LINE('',#11794,#2658);
#1687=LINE('',#11795,#2659);
#1688=LINE('',#11797,#2660);
#1689=LINE('',#11799,#2661);
#1690=LINE('',#11800,#2662);
#1691=LINE('',#11804,#2663);
#1692=LINE('',#11805,#2664);
#1693=LINE('',#11808,#2665);
#1694=LINE('',#11809,#2666);
#1695=LINE('',#11812,#2667);
#1696=LINE('',#11814,#2668);
#1697=LINE('',#11815,#2669);
#1698=LINE('',#11818,#2670);
#1699=LINE('',#11820,#2671);
#1700=LINE('',#11822,#2672);
#1701=LINE('',#11823,#2673);
#1702=LINE('',#11825,#2674);
#1703=LINE('',#11826,#2675);
#1704=LINE('',#11828,#2676);
#1705=LINE('',#11829,#2677);
#1706=LINE('',#11831,#2678);
#1707=LINE('',#11833,#2679);
#1708=LINE('',#11834,#2680);
#1709=LINE('',#11838,#2681);
#1710=LINE('',#11839,#2682);
#1711=LINE('',#11842,#2683);
#1712=LINE('',#11843,#2684);
#1713=LINE('',#11846,#2685);
#1714=LINE('',#11848,#2686);
#1715=LINE('',#11849,#2687);
#1716=LINE('',#11852,#2688);
#1717=LINE('',#11854,#2689);
#1718=LINE('',#11856,#2690);
#1719=LINE('',#11857,#2691);
#1720=LINE('',#11859,#2692);
#1721=LINE('',#11860,#2693);
#1722=LINE('',#11862,#2694);
#1723=LINE('',#11863,#2695);
#1724=LINE('',#11865,#2696);
#1725=LINE('',#11867,#2697);
#1726=LINE('',#11868,#2698);
#1727=LINE('',#11872,#2699);
#1728=LINE('',#11873,#2700);
#1729=LINE('',#11876,#2701);
#1730=LINE('',#11877,#2702);
#1731=LINE('',#11880,#2703);
#1732=LINE('',#11882,#2704);
#1733=LINE('',#11883,#2705);
#1734=LINE('',#11886,#2706);
#1735=LINE('',#11888,#2707);
#1736=LINE('',#11890,#2708);
#1737=LINE('',#11891,#2709);
#1738=LINE('',#11893,#2710);
#1739=LINE('',#11894,#2711);
#1740=LINE('',#11896,#2712);
#1741=LINE('',#11897,#2713);
#1742=LINE('',#11899,#2714);
#1743=LINE('',#11901,#2715);
#1744=LINE('',#11902,#2716);
#1745=LINE('',#11906,#2717);
#1746=LINE('',#11907,#2718);
#1747=LINE('',#11910,#2719);
#1748=LINE('',#11911,#2720);
#1749=LINE('',#11914,#2721);
#1750=LINE('',#11916,#2722);
#1751=LINE('',#11917,#2723);
#1752=LINE('',#11920,#2724);
#1753=LINE('',#11922,#2725);
#1754=LINE('',#11924,#2726);
#1755=LINE('',#11925,#2727);
#1756=LINE('',#11927,#2728);
#1757=LINE('',#11928,#2729);
#1758=LINE('',#11930,#2730);
#1759=LINE('',#11931,#2731);
#1760=LINE('',#11933,#2732);
#1761=LINE('',#11935,#2733);
#1762=LINE('',#11936,#2734);
#1763=LINE('',#11940,#2735);
#1764=LINE('',#11941,#2736);
#1765=LINE('',#11944,#2737);
#1766=LINE('',#11945,#2738);
#1767=LINE('',#11948,#2739);
#1768=LINE('',#11950,#2740);
#1769=LINE('',#11951,#2741);
#1770=LINE('',#11954,#2742);
#1771=LINE('',#11956,#2743);
#1772=LINE('',#11958,#2744);
#1773=LINE('',#11959,#2745);
#1774=LINE('',#11961,#2746);
#1775=LINE('',#11962,#2747);
#1776=LINE('',#11964,#2748);
#1777=LINE('',#11965,#2749);
#1778=LINE('',#11967,#2750);
#1779=LINE('',#11969,#2751);
#1780=LINE('',#11970,#2752);
#1781=LINE('',#11974,#2753);
#1782=LINE('',#11975,#2754);
#1783=LINE('',#11978,#2755);
#1784=LINE('',#11979,#2756);
#1785=LINE('',#11982,#2757);
#1786=LINE('',#11984,#2758);
#1787=LINE('',#11985,#2759);
#1788=LINE('',#11988,#2760);
#1789=LINE('',#11990,#2761);
#1790=LINE('',#11992,#2762);
#1791=LINE('',#11993,#2763);
#1792=LINE('',#11995,#2764);
#1793=LINE('',#11996,#2765);
#1794=LINE('',#11998,#2766);
#1795=LINE('',#11999,#2767);
#1796=LINE('',#12001,#2768);
#1797=LINE('',#12003,#2769);
#1798=LINE('',#12004,#2770);
#1799=LINE('',#12008,#2771);
#1800=LINE('',#12009,#2772);
#1801=LINE('',#12012,#2773);
#1802=LINE('',#12013,#2774);
#1803=LINE('',#12016,#2775);
#1804=LINE('',#12018,#2776);
#1805=LINE('',#12019,#2777);
#1806=LINE('',#12022,#2778);
#1807=LINE('',#12024,#2779);
#1808=LINE('',#12026,#2780);
#1809=LINE('',#12027,#2781);
#1810=LINE('',#12029,#2782);
#1811=LINE('',#12030,#2783);
#1812=LINE('',#12032,#2784);
#1813=LINE('',#12033,#2785);
#1814=LINE('',#12035,#2786);
#1815=LINE('',#12037,#2787);
#1816=LINE('',#12038,#2788);
#1817=LINE('',#12042,#2789);
#1818=LINE('',#12043,#2790);
#1819=LINE('',#12046,#2791);
#1820=LINE('',#12047,#2792);
#1821=LINE('',#12050,#2793);
#1822=LINE('',#12052,#2794);
#1823=LINE('',#12053,#2795);
#1824=LINE('',#12056,#2796);
#1825=LINE('',#12058,#2797);
#1826=LINE('',#12060,#2798);
#1827=LINE('',#12061,#2799);
#1828=LINE('',#12063,#2800);
#1829=LINE('',#12064,#2801);
#1830=LINE('',#12066,#2802);
#1831=LINE('',#12067,#2803);
#1832=LINE('',#12069,#2804);
#1833=LINE('',#12071,#2805);
#1834=LINE('',#12072,#2806);
#1835=LINE('',#12076,#2807);
#1836=LINE('',#12077,#2808);
#1837=LINE('',#12080,#2809);
#1838=LINE('',#12081,#2810);
#1839=LINE('',#12084,#2811);
#1840=LINE('',#12086,#2812);
#1841=LINE('',#12087,#2813);
#1842=LINE('',#12090,#2814);
#1843=LINE('',#12092,#2815);
#1844=LINE('',#12094,#2816);
#1845=LINE('',#12095,#2817);
#1846=LINE('',#12097,#2818);
#1847=LINE('',#12098,#2819);
#1848=LINE('',#12100,#2820);
#1849=LINE('',#12101,#2821);
#1850=LINE('',#12103,#2822);
#1851=LINE('',#12105,#2823);
#1852=LINE('',#12106,#2824);
#1853=LINE('',#12110,#2825);
#1854=LINE('',#12111,#2826);
#1855=LINE('',#12114,#2827);
#1856=LINE('',#12115,#2828);
#1857=LINE('',#12118,#2829);
#1858=LINE('',#12120,#2830);
#1859=LINE('',#12121,#2831);
#1860=LINE('',#12124,#2832);
#1861=LINE('',#12126,#2833);
#1862=LINE('',#12128,#2834);
#1863=LINE('',#12129,#2835);
#1864=LINE('',#12131,#2836);
#1865=LINE('',#12132,#2837);
#1866=LINE('',#12134,#2838);
#1867=LINE('',#12135,#2839);
#1868=LINE('',#12137,#2840);
#1869=LINE('',#12139,#2841);
#1870=LINE('',#12140,#2842);
#1871=LINE('',#12143,#2843);
#1872=LINE('',#12145,#2844);
#1873=LINE('',#12151,#2845);
#1874=LINE('',#12152,#2846);
#1875=LINE('',#12153,#2847);
#1876=LINE('',#12157,#2848);
#1877=LINE('',#12158,#2849);
#1878=LINE('',#12159,#2850);
#1879=LINE('',#12162,#2851);
#1880=LINE('',#12164,#2852);
#1881=LINE('',#12165,#2853);
#1882=LINE('',#12168,#2854);
#1883=LINE('',#12170,#2855);
#1884=LINE('',#12171,#2856);
#1885=LINE('',#12173,#2857);
#1886=LINE('',#12176,#2858);
#1887=LINE('',#12177,#2859);
#1888=LINE('',#12180,#2860);
#1889=LINE('',#12181,#2861);
#1890=LINE('',#12184,#2862);
#1891=LINE('',#12185,#2863);
#1892=LINE('',#12188,#2864);
#1893=LINE('',#12189,#2865);
#1894=LINE('',#12191,#2866);
#1895=LINE('',#12193,#2867);
#1896=LINE('',#12196,#2868);
#1897=LINE('',#12199,#2869);
#1898=LINE('',#12201,#2870);
#1899=LINE('',#12202,#2871);
#1900=LINE('',#12205,#2872);
#1901=LINE('',#12206,#2873);
#1902=LINE('',#12209,#2874);
#1903=LINE('',#12210,#2875);
#1904=LINE('',#12212,#2876);
#1905=LINE('',#12218,#2877);
#1906=LINE('',#12219,#2878);
#1907=LINE('',#12220,#2879);
#1908=LINE('',#12224,#2880);
#1909=LINE('',#12225,#2881);
#1910=LINE('',#12226,#2882);
#1911=LINE('',#12229,#2883);
#1912=LINE('',#12231,#2884);
#1913=LINE('',#12232,#2885);
#1914=LINE('',#12235,#2886);
#1915=LINE('',#12237,#2887);
#1916=LINE('',#12238,#2888);
#1917=LINE('',#12240,#2889);
#1918=LINE('',#12243,#2890);
#1919=LINE('',#12244,#2891);
#1920=LINE('',#12247,#2892);
#1921=LINE('',#12248,#2893);
#1922=LINE('',#12251,#2894);
#1923=LINE('',#12252,#2895);
#1924=LINE('',#12255,#2896);
#1925=LINE('',#12256,#2897);
#1926=LINE('',#12258,#2898);
#1927=LINE('',#12260,#2899);
#1928=LINE('',#12263,#2900);
#1929=LINE('',#12266,#2901);
#1930=LINE('',#12268,#2902);
#1931=LINE('',#12269,#2903);
#1932=LINE('',#12272,#2904);
#1933=LINE('',#12273,#2905);
#1934=LINE('',#12276,#2906);
#1935=LINE('',#12277,#2907);
#1936=LINE('',#12279,#2908);
#1937=LINE('',#12285,#2909);
#1938=LINE('',#12286,#2910);
#1939=LINE('',#12287,#2911);
#1940=LINE('',#12291,#2912);
#1941=LINE('',#12292,#2913);
#1942=LINE('',#12293,#2914);
#1943=LINE('',#12296,#2915);
#1944=LINE('',#12298,#2916);
#1945=LINE('',#12299,#2917);
#1946=LINE('',#12302,#2918);
#1947=LINE('',#12304,#2919);
#1948=LINE('',#12305,#2920);
#1949=LINE('',#12307,#2921);
#1950=LINE('',#12310,#2922);
#1951=LINE('',#12311,#2923);
#1952=LINE('',#12314,#2924);
#1953=LINE('',#12315,#2925);
#1954=LINE('',#12318,#2926);
#1955=LINE('',#12319,#2927);
#1956=LINE('',#12322,#2928);
#1957=LINE('',#12323,#2929);
#1958=LINE('',#12325,#2930);
#1959=LINE('',#12327,#2931);
#1960=LINE('',#12330,#2932);
#1961=LINE('',#12333,#2933);
#1962=LINE('',#12335,#2934);
#1963=LINE('',#12336,#2935);
#1964=LINE('',#12339,#2936);
#1965=LINE('',#12340,#2937);
#1966=LINE('',#12343,#2938);
#1967=LINE('',#12344,#2939);
#1968=LINE('',#12346,#2940);
#1969=LINE('',#12352,#2941);
#1970=LINE('',#12353,#2942);
#1971=LINE('',#12354,#2943);
#1972=LINE('',#12358,#2944);
#1973=LINE('',#12359,#2945);
#1974=LINE('',#12360,#2946);
#1975=LINE('',#12363,#2947);
#1976=LINE('',#12365,#2948);
#1977=LINE('',#12366,#2949);
#1978=LINE('',#12369,#2950);
#1979=LINE('',#12371,#2951);
#1980=LINE('',#12372,#2952);
#1981=LINE('',#12374,#2953);
#1982=LINE('',#12377,#2954);
#1983=LINE('',#12378,#2955);
#1984=LINE('',#12381,#2956);
#1985=LINE('',#12382,#2957);
#1986=LINE('',#12385,#2958);
#1987=LINE('',#12386,#2959);
#1988=LINE('',#12389,#2960);
#1989=LINE('',#12390,#2961);
#1990=LINE('',#12392,#2962);
#1991=LINE('',#12394,#2963);
#1992=LINE('',#12397,#2964);
#1993=LINE('',#12400,#2965);
#1994=LINE('',#12402,#2966);
#1995=LINE('',#12403,#2967);
#1996=LINE('',#12406,#2968);
#1997=LINE('',#12407,#2969);
#1998=LINE('',#12410,#2970);
#1999=LINE('',#12411,#2971);
#2000=LINE('',#12413,#2972);
#2001=LINE('',#12419,#2973);
#2002=LINE('',#12420,#2974);
#2003=LINE('',#12421,#2975);
#2004=LINE('',#12425,#2976);
#2005=LINE('',#12426,#2977);
#2006=LINE('',#12427,#2978);
#2007=LINE('',#12430,#2979);
#2008=LINE('',#12432,#2980);
#2009=LINE('',#12433,#2981);
#2010=LINE('',#12436,#2982);
#2011=LINE('',#12438,#2983);
#2012=LINE('',#12439,#2984);
#2013=LINE('',#12441,#2985);
#2014=LINE('',#12444,#2986);
#2015=LINE('',#12445,#2987);
#2016=LINE('',#12448,#2988);
#2017=LINE('',#12449,#2989);
#2018=LINE('',#12452,#2990);
#2019=LINE('',#12453,#2991);
#2020=LINE('',#12456,#2992);
#2021=LINE('',#12457,#2993);
#2022=LINE('',#12459,#2994);
#2023=LINE('',#12461,#2995);
#2024=LINE('',#12464,#2996);
#2025=LINE('',#12467,#2997);
#2026=LINE('',#12469,#2998);
#2027=LINE('',#12470,#2999);
#2028=LINE('',#12473,#3000);
#2029=LINE('',#12474,#3001);
#2030=LINE('',#12477,#3002);
#2031=LINE('',#12478,#3003);
#2032=LINE('',#12480,#3004);
#2033=LINE('',#12486,#3005);
#2034=LINE('',#12487,#3006);
#2035=LINE('',#12488,#3007);
#2036=LINE('',#12492,#3008);
#2037=LINE('',#12493,#3009);
#2038=LINE('',#12494,#3010);
#2039=LINE('',#12497,#3011);
#2040=LINE('',#12499,#3012);
#2041=LINE('',#12500,#3013);
#2042=LINE('',#12503,#3014);
#2043=LINE('',#12505,#3015);
#2044=LINE('',#12506,#3016);
#2045=LINE('',#12508,#3017);
#2046=LINE('',#12511,#3018);
#2047=LINE('',#12512,#3019);
#2048=LINE('',#12515,#3020);
#2049=LINE('',#12516,#3021);
#2050=LINE('',#12519,#3022);
#2051=LINE('',#12520,#3023);
#2052=LINE('',#12523,#3024);
#2053=LINE('',#12524,#3025);
#2054=LINE('',#12526,#3026);
#2055=LINE('',#12528,#3027);
#2056=LINE('',#12531,#3028);
#2057=LINE('',#12534,#3029);
#2058=LINE('',#12536,#3030);
#2059=LINE('',#12537,#3031);
#2060=LINE('',#12540,#3032);
#2061=LINE('',#12541,#3033);
#2062=LINE('',#12544,#3034);
#2063=LINE('',#12545,#3035);
#2064=LINE('',#12547,#3036);
#2065=LINE('',#12553,#3037);
#2066=LINE('',#12554,#3038);
#2067=LINE('',#12555,#3039);
#2068=LINE('',#12559,#3040);
#2069=LINE('',#12560,#3041);
#2070=LINE('',#12561,#3042);
#2071=LINE('',#12564,#3043);
#2072=LINE('',#12566,#3044);
#2073=LINE('',#12567,#3045);
#2074=LINE('',#12570,#3046);
#2075=LINE('',#12572,#3047);
#2076=LINE('',#12573,#3048);
#2077=LINE('',#12575,#3049);
#2078=LINE('',#12578,#3050);
#2079=LINE('',#12579,#3051);
#2080=LINE('',#12582,#3052);
#2081=LINE('',#12583,#3053);
#2082=LINE('',#12586,#3054);
#2083=LINE('',#12587,#3055);
#2084=LINE('',#12590,#3056);
#2085=LINE('',#12591,#3057);
#2086=LINE('',#12593,#3058);
#2087=LINE('',#12595,#3059);
#2088=LINE('',#12598,#3060);
#2089=LINE('',#12601,#3061);
#2090=LINE('',#12603,#3062);
#2091=LINE('',#12604,#3063);
#2092=LINE('',#12607,#3064);
#2093=LINE('',#12608,#3065);
#2094=LINE('',#12611,#3066);
#2095=LINE('',#12612,#3067);
#2096=LINE('',#12614,#3068);
#2097=LINE('',#12620,#3069);
#2098=LINE('',#12621,#3070);
#2099=LINE('',#12622,#3071);
#2100=LINE('',#12626,#3072);
#2101=LINE('',#12627,#3073);
#2102=LINE('',#12628,#3074);
#2103=LINE('',#12631,#3075);
#2104=LINE('',#12633,#3076);
#2105=LINE('',#12634,#3077);
#2106=LINE('',#12637,#3078);
#2107=LINE('',#12639,#3079);
#2108=LINE('',#12640,#3080);
#2109=LINE('',#12642,#3081);
#2110=LINE('',#12645,#3082);
#2111=LINE('',#12646,#3083);
#2112=LINE('',#12649,#3084);
#2113=LINE('',#12650,#3085);
#2114=LINE('',#12653,#3086);
#2115=LINE('',#12654,#3087);
#2116=LINE('',#12657,#3088);
#2117=LINE('',#12658,#3089);
#2118=LINE('',#12660,#3090);
#2119=LINE('',#12662,#3091);
#2120=LINE('',#12665,#3092);
#2121=LINE('',#12668,#3093);
#2122=LINE('',#12670,#3094);
#2123=LINE('',#12671,#3095);
#2124=LINE('',#12674,#3096);
#2125=LINE('',#12675,#3097);
#2126=LINE('',#12678,#3098);
#2127=LINE('',#12679,#3099);
#2128=LINE('',#12681,#3100);
#2129=LINE('',#12687,#3101);
#2130=LINE('',#12688,#3102);
#2131=LINE('',#12689,#3103);
#2132=LINE('',#12693,#3104);
#2133=LINE('',#12694,#3105);
#2134=LINE('',#12695,#3106);
#2135=LINE('',#12698,#3107);
#2136=LINE('',#12700,#3108);
#2137=LINE('',#12701,#3109);
#2138=LINE('',#12704,#3110);
#2139=LINE('',#12706,#3111);
#2140=LINE('',#12707,#3112);
#2141=LINE('',#12709,#3113);
#2142=LINE('',#12712,#3114);
#2143=LINE('',#12713,#3115);
#2144=LINE('',#12716,#3116);
#2145=LINE('',#12717,#3117);
#2146=LINE('',#12720,#3118);
#2147=LINE('',#12721,#3119);
#2148=LINE('',#12724,#3120);
#2149=LINE('',#12725,#3121);
#2150=LINE('',#12727,#3122);
#2151=LINE('',#12729,#3123);
#2152=LINE('',#12732,#3124);
#2153=LINE('',#12735,#3125);
#2154=LINE('',#12737,#3126);
#2155=LINE('',#12738,#3127);
#2156=LINE('',#12741,#3128);
#2157=LINE('',#12742,#3129);
#2158=LINE('',#12745,#3130);
#2159=LINE('',#12746,#3131);
#2160=LINE('',#12748,#3132);
#2161=LINE('',#12754,#3133);
#2162=LINE('',#12755,#3134);
#2163=LINE('',#12756,#3135);
#2164=LINE('',#12760,#3136);
#2165=LINE('',#12761,#3137);
#2166=LINE('',#12762,#3138);
#2167=LINE('',#12765,#3139);
#2168=LINE('',#12767,#3140);
#2169=LINE('',#12768,#3141);
#2170=LINE('',#12771,#3142);
#2171=LINE('',#12773,#3143);
#2172=LINE('',#12774,#3144);
#2173=LINE('',#12776,#3145);
#2174=LINE('',#12779,#3146);
#2175=LINE('',#12780,#3147);
#2176=LINE('',#12783,#3148);
#2177=LINE('',#12784,#3149);
#2178=LINE('',#12787,#3150);
#2179=LINE('',#12788,#3151);
#2180=LINE('',#12791,#3152);
#2181=LINE('',#12792,#3153);
#2182=LINE('',#12794,#3154);
#2183=LINE('',#12796,#3155);
#2184=LINE('',#12799,#3156);
#2185=LINE('',#12802,#3157);
#2186=LINE('',#12804,#3158);
#2187=LINE('',#12805,#3159);
#2188=LINE('',#12808,#3160);
#2189=LINE('',#12809,#3161);
#2190=LINE('',#12812,#3162);
#2191=LINE('',#12813,#3163);
#2192=LINE('',#12815,#3164);
#2193=LINE('',#12821,#3165);
#2194=LINE('',#12822,#3166);
#2195=LINE('',#12823,#3167);
#2196=LINE('',#12827,#3168);
#2197=LINE('',#12828,#3169);
#2198=LINE('',#12829,#3170);
#2199=LINE('',#12832,#3171);
#2200=LINE('',#12834,#3172);
#2201=LINE('',#12835,#3173);
#2202=LINE('',#12838,#3174);
#2203=LINE('',#12840,#3175);
#2204=LINE('',#12841,#3176);
#2205=LINE('',#12843,#3177);
#2206=LINE('',#12846,#3178);
#2207=LINE('',#12847,#3179);
#2208=LINE('',#12850,#3180);
#2209=LINE('',#12851,#3181);
#2210=LINE('',#12854,#3182);
#2211=LINE('',#12855,#3183);
#2212=LINE('',#12858,#3184);
#2213=LINE('',#12859,#3185);
#2214=LINE('',#12861,#3186);
#2215=LINE('',#12863,#3187);
#2216=LINE('',#12866,#3188);
#2217=LINE('',#12869,#3189);
#2218=LINE('',#12871,#3190);
#2219=LINE('',#12872,#3191);
#2220=LINE('',#12875,#3192);
#2221=LINE('',#12876,#3193);
#2222=LINE('',#12879,#3194);
#2223=LINE('',#12880,#3195);
#2224=LINE('',#12882,#3196);
#2225=LINE('',#12888,#3197);
#2226=LINE('',#12889,#3198);
#2227=LINE('',#12890,#3199);
#2228=LINE('',#12894,#3200);
#2229=LINE('',#12895,#3201);
#2230=LINE('',#12896,#3202);
#2231=LINE('',#12899,#3203);
#2232=LINE('',#12901,#3204);
#2233=LINE('',#12902,#3205);
#2234=LINE('',#12905,#3206);
#2235=LINE('',#12907,#3207);
#2236=LINE('',#12908,#3208);
#2237=LINE('',#12910,#3209);
#2238=LINE('',#12913,#3210);
#2239=LINE('',#12914,#3211);
#2240=LINE('',#12917,#3212);
#2241=LINE('',#12918,#3213);
#2242=LINE('',#12921,#3214);
#2243=LINE('',#12922,#3215);
#2244=LINE('',#12925,#3216);
#2245=LINE('',#12926,#3217);
#2246=LINE('',#12928,#3218);
#2247=LINE('',#12930,#3219);
#2248=LINE('',#12933,#3220);
#2249=LINE('',#12936,#3221);
#2250=LINE('',#12938,#3222);
#2251=LINE('',#12939,#3223);
#2252=LINE('',#12942,#3224);
#2253=LINE('',#12943,#3225);
#2254=LINE('',#12946,#3226);
#2255=LINE('',#12947,#3227);
#2256=LINE('',#12949,#3228);
#2257=LINE('',#12955,#3229);
#2258=LINE('',#12956,#3230);
#2259=LINE('',#12957,#3231);
#2260=LINE('',#12961,#3232);
#2261=LINE('',#12962,#3233);
#2262=LINE('',#12963,#3234);
#2263=LINE('',#12966,#3235);
#2264=LINE('',#12968,#3236);
#2265=LINE('',#12969,#3237);
#2266=LINE('',#12972,#3238);
#2267=LINE('',#12974,#3239);
#2268=LINE('',#12975,#3240);
#2269=LINE('',#12977,#3241);
#2270=LINE('',#12980,#3242);
#2271=LINE('',#12981,#3243);
#2272=LINE('',#12984,#3244);
#2273=LINE('',#12985,#3245);
#2274=LINE('',#12988,#3246);
#2275=LINE('',#12989,#3247);
#2276=LINE('',#12992,#3248);
#2277=LINE('',#12993,#3249);
#2278=LINE('',#12995,#3250);
#2279=LINE('',#12997,#3251);
#2280=LINE('',#13000,#3252);
#2281=LINE('',#13003,#3253);
#2282=LINE('',#13005,#3254);
#2283=LINE('',#13006,#3255);
#2284=LINE('',#13009,#3256);
#2285=LINE('',#13010,#3257);
#2286=LINE('',#13013,#3258);
#2287=LINE('',#13014,#3259);
#2288=LINE('',#13016,#3260);
#2289=LINE('',#13021,#3261);
#2290=LINE('',#13022,#3262);
#2291=LINE('',#13023,#3263);
#2292=LINE('',#13027,#3264);
#2293=LINE('',#13028,#3265);
#2294=LINE('',#13029,#3266);
#2295=LINE('',#13032,#3267);
#2296=LINE('',#13034,#3268);
#2297=LINE('',#13035,#3269);
#2298=LINE('',#13038,#3270);
#2299=LINE('',#13040,#3271);
#2300=LINE('',#13041,#3272);
#2301=LINE('',#13043,#3273);
#2302=LINE('',#13046,#3274);
#2303=LINE('',#13047,#3275);
#2304=LINE('',#13050,#3276);
#2305=LINE('',#13051,#3277);
#2306=LINE('',#13054,#3278);
#2307=LINE('',#13055,#3279);
#2308=LINE('',#13058,#3280);
#2309=LINE('',#13059,#3281);
#2310=LINE('',#13061,#3282);
#2311=LINE('',#13063,#3283);
#2312=LINE('',#13066,#3284);
#2313=LINE('',#13069,#3285);
#2314=LINE('',#13071,#3286);
#2315=LINE('',#13072,#3287);
#2316=LINE('',#13075,#3288);
#2317=LINE('',#13076,#3289);
#2318=LINE('',#13079,#3290);
#2319=LINE('',#13080,#3291);
#2320=LINE('',#13082,#3292);
#2321=LINE('',#14531,#3293);
#2322=LINE('',#14533,#3294);
#2323=LINE('',#14535,#3295);
#2324=LINE('',#14536,#3296);
#2325=LINE('',#14539,#3297);
#2326=LINE('',#14541,#3298);
#2327=LINE('',#14542,#3299);
#2328=LINE('',#14545,#3300);
#2329=LINE('',#14547,#3301);
#2330=LINE('',#14548,#3302);
#2331=LINE('',#14550,#3303);
#2332=LINE('',#14551,#3304);
#2333=LINE('',#14558,#3305);
#2334=LINE('',#14564,#3306);
#2335=LINE('',#14570,#3307);
#2336=LINE('',#14576,#3308);
#2337=LINE('',#14582,#3309);
#2338=LINE('',#14588,#3310);
#2339=LINE('',#14594,#3311);
#2340=LINE('',#14600,#3312);
#2341=LINE('',#14606,#3313);
#2342=LINE('',#14612,#3314);
#2343=LINE('',#14618,#3315);
#2344=LINE('',#14624,#3316);
#2345=LINE('',#14630,#3317);
#2346=LINE('',#14636,#3318);
#2347=LINE('',#14642,#3319);
#2348=LINE('',#14648,#3320);
#2349=LINE('',#14654,#3321);
#2350=LINE('',#14660,#3322);
#2351=LINE('',#14665,#3323);
#2352=LINE('',#14667,#3324);
#2353=LINE('',#14669,#3325);
#2354=LINE('',#14670,#3326);
#2355=LINE('',#14673,#3327);
#2356=LINE('',#14675,#3328);
#2357=LINE('',#14676,#3329);
#2358=LINE('',#14679,#3330);
#2359=LINE('',#14681,#3331);
#2360=LINE('',#14682,#3332);
#2361=LINE('',#14684,#3333);
#2362=LINE('',#14685,#3334);
#2363=VECTOR('',#9119,10.);
#2364=VECTOR('',#9120,2.54);
#2365=VECTOR('',#9121,10.);
#2366=VECTOR('',#9122,2.54);
#2367=VECTOR('',#9125,0.359210244842776);
#2368=VECTOR('',#9126,2.54);
#2369=VECTOR('',#9127,0.359210244842801);
#2370=VECTOR('',#9130,2.54);
#2371=VECTOR('',#9131,0.359210244842776);
#2372=VECTOR('',#9132,2.032);
#2373=VECTOR('',#9133,0.359210244842776);
#2374=VECTOR('',#9136,2.54);
#2375=VECTOR('',#9137,0.359210244842776);
#2376=VECTOR('',#9138,0.359210244842776);
#2377=VECTOR('',#9139,2.54);
#2378=VECTOR('',#9140,0.359210244842776);
#2379=VECTOR('',#9141,0.359210244842776);
#2380=VECTOR('',#9144,2.54);
#2381=VECTOR('',#9145,0.359210244842776);
#2382=VECTOR('',#9146,0.359210244842776);
#2383=VECTOR('',#9147,2.54);
#2384=VECTOR('',#9148,0.359210244842776);
#2385=VECTOR('',#9149,0.359210244842776);
#2386=VECTOR('',#9152,2.54);
#2387=VECTOR('',#9153,0.359210244842776);
#2388=VECTOR('',#9154,0.359210244842776);
#2389=VECTOR('',#9155,2.54);
#2390=VECTOR('',#9156,0.359210244842776);
#2391=VECTOR('',#9157,0.359210244842776);
#2392=VECTOR('',#9160,2.54);
#2393=VECTOR('',#9161,0.359210244842801);
#2394=VECTOR('',#9162,0.359210244842776);
#2395=VECTOR('',#9163,2.54);
#2396=VECTOR('',#9164,0.359210244842776);
#2397=VECTOR('',#9165,0.359210244842801);
#2398=VECTOR('',#9168,2.54);
#2399=VECTOR('',#9169,0.359210244842776);
#2400=VECTOR('',#9170,0.359210244842801);
#2401=VECTOR('',#9171,2.54);
#2402=VECTOR('',#9172,0.359210244842801);
#2403=VECTOR('',#9173,0.359210244842776);
#2404=VECTOR('',#9176,2.54);
#2405=VECTOR('',#9177,0.359210244842776);
#2406=VECTOR('',#9178,0.359210244842801);
#2407=VECTOR('',#9179,2.54);
#2408=VECTOR('',#9180,0.359210244842776);
#2409=VECTOR('',#9181,0.359210244842801);
#2410=VECTOR('',#9184,2.54);
#2411=VECTOR('',#9185,0.359210244842801);
#2412=VECTOR('',#9186,0.359210244842801);
#2413=VECTOR('',#9187,2.54);
#2414=VECTOR('',#9188,0.359210244842801);
#2415=VECTOR('',#9189,0.359210244842776);
#2416=VECTOR('',#9192,2.54);
#2417=VECTOR('',#9193,0.359210244842776);
#2418=VECTOR('',#9194,0.359210244842801);
#2419=VECTOR('',#9195,2.54);
#2420=VECTOR('',#9196,0.359210244842801);
#2421=VECTOR('',#9197,0.359210244842801);
#2422=VECTOR('',#9200,2.54);
#2423=VECTOR('',#9201,0.359210244842801);
#2424=VECTOR('',#9202,0.359210244842801);
#2425=VECTOR('',#9203,2.54);
#2426=VECTOR('',#9204,0.359210244842801);
#2427=VECTOR('',#9205,0.359210244842801);
#2428=VECTOR('',#9208,2.54);
#2429=VECTOR('',#9209,0.359210244842776);
#2430=VECTOR('',#9210,0.359210244842776);
#2431=VECTOR('',#9211,2.54);
#2432=VECTOR('',#9212,0.359210244842801);
#2433=VECTOR('',#9213,0.359210244842801);
#2434=VECTOR('',#9216,2.54);
#2435=VECTOR('',#9217,0.359210244842801);
#2436=VECTOR('',#9218,0.359210244842801);
#2437=VECTOR('',#9219,2.54);
#2438=VECTOR('',#9220,0.359210244842801);
#2439=VECTOR('',#9221,0.359210244842801);
#2440=VECTOR('',#9224,2.54);
#2441=VECTOR('',#9225,0.359210244842801);
#2442=VECTOR('',#9226,0.359210244842776);
#2443=VECTOR('',#9227,2.54);
#2444=VECTOR('',#9228,0.359210244842801);
#2445=VECTOR('',#9229,0.359210244842776);
#2446=VECTOR('',#9232,2.54);
#2447=VECTOR('',#9233,0.359210244842801);
#2448=VECTOR('',#9234,0.359210244842801);
#2449=VECTOR('',#9235,2.54);
#2450=VECTOR('',#9236,0.359210244842801);
#2451=VECTOR('',#9237,0.359210244842801);
#2452=VECTOR('',#9240,0.254);
#2453=VECTOR('',#9241,2.54);
#2454=VECTOR('',#9242,0.254);
#2455=VECTOR('',#9245,2.286);
#2456=VECTOR('',#9246,0.359210244842776);
#2457=VECTOR('',#9247,2.54);
#2458=VECTOR('',#9250,2.032);
#2459=VECTOR('',#9251,2.54);
#2460=VECTOR('',#9254,0.359210244842776);
#2461=VECTOR('',#9255,2.286);
#2462=VECTOR('',#9258,2.032);
#2463=VECTOR('',#9259,2.032);
#2464=VECTOR('',#9260,2.286);
#2465=VECTOR('',#9263,2.032);
#2466=VECTOR('',#9264,2.54);
#2467=VECTOR('',#9265,0.65);
#2468=VECTOR('',#9266,0.65);
#2469=VECTOR('',#9267,0.65);
#2470=VECTOR('',#9268,0.65);
#2471=VECTOR('',#9271,2.286);
#2472=VECTOR('',#9272,2.032);
#2473=VECTOR('',#9275,0.359210244842801);
#2474=VECTOR('',#9276,2.032);
#2475=VECTOR('',#9277,0.359210244842801);
#2476=VECTOR('',#9278,0.359210244842801);
#2477=VECTOR('',#9279,2.032);
#2478=VECTOR('',#9280,0.359210244842801);
#2479=VECTOR('',#9281,0.359210244842801);
#2480=VECTOR('',#9282,2.032);
#2481=VECTOR('',#9283,0.359210244842801);
#2482=VECTOR('',#9284,0.359210244842801);
#2483=VECTOR('',#9285,2.032);
#2484=VECTOR('',#9286,0.359210244842801);
#2485=VECTOR('',#9287,0.359210244842801);
#2486=VECTOR('',#9288,2.032);
#2487=VECTOR('',#9289,0.359210244842801);
#2488=VECTOR('',#9290,0.359210244842801);
#2489=VECTOR('',#9291,2.032);
#2490=VECTOR('',#9292,0.359210244842776);
#2491=VECTOR('',#9293,0.359210244842801);
#2492=VECTOR('',#9294,2.032);
#2493=VECTOR('',#9295,0.359210244842801);
#2494=VECTOR('',#9296,0.359210244842801);
#2495=VECTOR('',#9297,2.032);
#2496=VECTOR('',#9298,0.359210244842776);
#2497=VECTOR('',#9299,0.359210244842776);
#2498=VECTOR('',#9300,2.032);
#2499=VECTOR('',#9301,0.359210244842776);
#2500=VECTOR('',#9302,0.359210244842801);
#2501=VECTOR('',#9303,2.032);
#2502=VECTOR('',#9304,0.359210244842801);
#2503=VECTOR('',#9305,0.359210244842776);
#2504=VECTOR('',#9306,2.032);
#2505=VECTOR('',#9307,0.359210244842776);
#2506=VECTOR('',#9308,0.359210244842776);
#2507=VECTOR('',#9309,2.032);
#2508=VECTOR('',#9310,0.359210244842776);
#2509=VECTOR('',#9311,0.359210244842776);
#2510=VECTOR('',#9312,2.032);
#2511=VECTOR('',#9313,0.359210244842776);
#2512=VECTOR('',#9314,0.359210244842776);
#2513=VECTOR('',#9315,0.359210244842776);
#2514=VECTOR('',#9316,0.359210244842776);
#2515=VECTOR('',#9317,2.032);
#2516=VECTOR('',#9318,0.359210244842776);
#2517=VECTOR('',#9319,0.359210244842776);
#2518=VECTOR('',#9320,2.032);
#2519=VECTOR('',#9321,0.359210244842776);
#2520=VECTOR('',#9322,0.359210244842776);
#2521=VECTOR('',#9323,2.032);
#2522=VECTOR('',#9324,0.359210244842776);
#2523=VECTOR('',#9325,0.359210244842801);
#2524=VECTOR('',#9326,2.032);
#2525=VECTOR('',#9327,0.359210244842801);
#2526=VECTOR('',#9328,0.359210244842776);
#2527=VECTOR('',#9329,2.032);
#2528=VECTOR('',#9330,0.359210244842801);
#2529=VECTOR('',#9331,0.359210244842776);
#2530=VECTOR('',#9332,2.032);
#2531=VECTOR('',#9333,0.359210244842801);
#2532=VECTOR('',#9334,0.359210244842801);
#2533=VECTOR('',#9335,2.032);
#2534=VECTOR('',#9336,0.359210244842801);
#2535=VECTOR('',#9337,0.359210244842776);
#2536=VECTOR('',#9338,2.032);
#2537=VECTOR('',#9339,0.359210244842801);
#2538=VECTOR('',#9340,0.359210244842801);
#2539=VECTOR('',#9341,2.032);
#2540=VECTOR('',#9342,0.359210244842776);
#2541=VECTOR('',#9343,0.359210244842776);
#2542=VECTOR('',#9344,2.032);
#2543=VECTOR('',#9345,0.359210244842801);
#2544=VECTOR('',#9346,0.359210244842801);
#2545=VECTOR('',#9347,2.032);
#2546=VECTOR('',#9348,0.359210244842776);
#2547=VECTOR('',#9349,0.359210244842776);
#2548=VECTOR('',#9350,2.032);
#2549=VECTOR('',#9351,0.359210244842801);
#2550=VECTOR('',#9352,0.359210244842801);
#2551=VECTOR('',#9353,2.032);
#2552=VECTOR('',#9354,0.359210244842776);
#2553=VECTOR('',#9355,0.65);
#2554=VECTOR('',#9356,0.65);
#2555=VECTOR('',#9357,0.65);
#2556=VECTOR('',#9358,0.65);
#2557=VECTOR('',#9359,0.65);
#2558=VECTOR('',#9360,0.65);
#2559=VECTOR('',#9361,0.65);
#2560=VECTOR('',#9362,0.65);
#2561=VECTOR('',#9363,0.65);
#2562=VECTOR('',#9364,0.65);
#2563=VECTOR('',#9365,0.65);
#2564=VECTOR('',#9366,0.65);
#2565=VECTOR('',#9367,0.65);
#2566=VECTOR('',#9368,0.65);
#2567=VECTOR('',#9369,0.65);
#2568=VECTOR('',#9370,0.65);
#2569=VECTOR('',#9371,0.65);
#2570=VECTOR('',#9372,0.65);
#2571=VECTOR('',#9373,0.65);
#2572=VECTOR('',#9374,0.65);
#2573=VECTOR('',#9375,0.65);
#2574=VECTOR('',#9376,0.65);
#2575=VECTOR('',#9377,0.65);
#2576=VECTOR('',#9378,0.65);
#2577=VECTOR('',#9379,0.65);
#2578=VECTOR('',#9380,0.65);
#2579=VECTOR('',#9381,0.65);
#2580=VECTOR('',#9382,0.65);
#2581=VECTOR('',#9383,0.65);
#2582=VECTOR('',#9384,0.65);
#2583=VECTOR('',#9385,0.65);
#2584=VECTOR('',#9386,0.65);
#2585=VECTOR('',#9387,0.65);
#2586=VECTOR('',#9388,0.65);
#2587=VECTOR('',#9389,0.65);
#2588=VECTOR('',#9390,0.65);
#2589=VECTOR('',#9391,0.65);
#2590=VECTOR('',#9392,0.65);
#2591=VECTOR('',#9393,0.65);
#2592=VECTOR('',#9394,0.65);
#2593=VECTOR('',#9395,0.65);
#2594=VECTOR('',#9396,0.65);
#2595=VECTOR('',#9397,0.65);
#2596=VECTOR('',#9398,0.65);
#2597=VECTOR('',#9399,0.65);
#2598=VECTOR('',#9400,0.65);
#2599=VECTOR('',#9401,0.65);
#2600=VECTOR('',#9402,0.65);
#2601=VECTOR('',#9403,0.65);
#2602=VECTOR('',#9404,0.65);
#2603=VECTOR('',#9405,0.65);
#2604=VECTOR('',#9406,0.65);
#2605=VECTOR('',#9407,0.65);
#2606=VECTOR('',#9408,0.65);
#2607=VECTOR('',#9409,0.65);
#2608=VECTOR('',#9410,0.65);
#2609=VECTOR('',#9413,0.254);
#2610=VECTOR('',#9414,2.286);
#2611=VECTOR('',#9417,0.254);
#2612=VECTOR('',#9418,2.54);
#2613=VECTOR('',#9421,2.032);
#2614=VECTOR('',#9422,2.54);
#2615=VECTOR('',#9423,2.032);
#2616=VECTOR('',#9424,0.65);
#2617=VECTOR('',#9425,0.65);
#2618=VECTOR('',#9426,0.65);
#2619=VECTOR('',#9427,0.65);
#2620=VECTOR('',#9430,2.286);
#2621=VECTOR('',#9431,2.286);
#2622=VECTOR('',#9434,0.254);
#2623=VECTOR('',#9435,2.54);
#2624=VECTOR('',#9438,0.254);
#2625=VECTOR('',#9441,2.54);
#2626=VECTOR('',#9442,2.286);
#2627=VECTOR('',#9447,0.254);
#2628=VECTOR('',#9448,2.286);
#2629=VECTOR('',#9451,0.254);
#2630=VECTOR('',#9452,2.54);
#2631=VECTOR('',#9455,2.032);
#2632=VECTOR('',#9456,2.54);
#2633=VECTOR('',#9457,2.032);
#2634=VECTOR('',#9458,0.65);
#2635=VECTOR('',#9459,0.65);
#2636=VECTOR('',#9460,0.65);
#2637=VECTOR('',#9461,0.65);
#2638=VECTOR('',#9464,2.286);
#2639=VECTOR('',#9465,2.286);
#2640=VECTOR('',#9468,0.254);
#2641=VECTOR('',#9469,2.54);
#2642=VECTOR('',#9472,0.254);
#2643=VECTOR('',#9475,2.54);
#2644=VECTOR('',#9476,2.286);
#2645=VECTOR('',#9481,0.254);
#2646=VECTOR('',#9482,2.286);
#2647=VECTOR('',#9485,0.254);
#2648=VECTOR('',#9486,2.54);
#2649=VECTOR('',#9489,2.032);
#2650=VECTOR('',#9490,2.54);
#2651=VECTOR('',#9491,2.032);
#2652=VECTOR('',#9492,0.65);
#2653=VECTOR('',#9493,0.65);
#2654=VECTOR('',#9494,0.65);
#2655=VECTOR('',#9495,0.65);
#2656=VECTOR('',#9498,2.286);
#2657=VECTOR('',#9499,2.286);
#2658=VECTOR('',#9502,0.254);
#2659=VECTOR('',#9503,2.54);
#2660=VECTOR('',#9506,0.254);
#2661=VECTOR('',#9509,2.54);
#2662=VECTOR('',#9510,2.286);
#2663=VECTOR('',#9515,0.254);
#2664=VECTOR('',#9516,2.286);
#2665=VECTOR('',#9519,0.254);
#2666=VECTOR('',#9520,2.54);
#2667=VECTOR('',#9523,2.032);
#2668=VECTOR('',#9524,2.54);
#2669=VECTOR('',#9525,2.032);
#2670=VECTOR('',#9526,0.65);
#2671=VECTOR('',#9527,0.65);
#2672=VECTOR('',#9528,0.65);
#2673=VECTOR('',#9529,0.65);
#2674=VECTOR('',#9532,2.286);
#2675=VECTOR('',#9533,2.286);
#2676=VECTOR('',#9536,0.254);
#2677=VECTOR('',#9537,2.54);
#2678=VECTOR('',#9540,0.254);
#2679=VECTOR('',#9543,2.54);
#2680=VECTOR('',#9544,2.286);
#2681=VECTOR('',#9549,0.254);
#2682=VECTOR('',#9550,2.286);
#2683=VECTOR('',#9553,0.254);
#2684=VECTOR('',#9554,2.54);
#2685=VECTOR('',#9557,2.032);
#2686=VECTOR('',#9558,2.54);
#2687=VECTOR('',#9559,2.032);
#2688=VECTOR('',#9560,0.65);
#2689=VECTOR('',#9561,0.65);
#2690=VECTOR('',#9562,0.65);
#2691=VECTOR('',#9563,0.65);
#2692=VECTOR('',#9566,2.286);
#2693=VECTOR('',#9567,2.286);
#2694=VECTOR('',#9570,0.254);
#2695=VECTOR('',#9571,2.54);
#2696=VECTOR('',#9574,0.254);
#2697=VECTOR('',#9577,2.54);
#2698=VECTOR('',#9578,2.286);
#2699=VECTOR('',#9583,0.254);
#2700=VECTOR('',#9584,2.286);
#2701=VECTOR('',#9587,0.254);
#2702=VECTOR('',#9588,2.54);
#2703=VECTOR('',#9591,2.032);
#2704=VECTOR('',#9592,2.54);
#2705=VECTOR('',#9593,2.032);
#2706=VECTOR('',#9594,0.65);
#2707=VECTOR('',#9595,0.65);
#2708=VECTOR('',#9596,0.65);
#2709=VECTOR('',#9597,0.65);
#2710=VECTOR('',#9600,2.286);
#2711=VECTOR('',#9601,2.286);
#2712=VECTOR('',#9604,0.254);
#2713=VECTOR('',#9605,2.54);
#2714=VECTOR('',#9608,0.254);
#2715=VECTOR('',#9611,2.54);
#2716=VECTOR('',#9612,2.286);
#2717=VECTOR('',#9617,0.254);
#2718=VECTOR('',#9618,2.286);
#2719=VECTOR('',#9621,0.254);
#2720=VECTOR('',#9622,2.54);
#2721=VECTOR('',#9625,2.032);
#2722=VECTOR('',#9626,2.54);
#2723=VECTOR('',#9627,2.032);
#2724=VECTOR('',#9628,0.65);
#2725=VECTOR('',#9629,0.65);
#2726=VECTOR('',#9630,0.65);
#2727=VECTOR('',#9631,0.65);
#2728=VECTOR('',#9634,2.286);
#2729=VECTOR('',#9635,2.286);
#2730=VECTOR('',#9638,0.254);
#2731=VECTOR('',#9639,2.54);
#2732=VECTOR('',#9642,0.254);
#2733=VECTOR('',#9645,2.54);
#2734=VECTOR('',#9646,2.286);
#2735=VECTOR('',#9651,0.254);
#2736=VECTOR('',#9652,2.286);
#2737=VECTOR('',#9655,0.254);
#2738=VECTOR('',#9656,2.54);
#2739=VECTOR('',#9659,2.032);
#2740=VECTOR('',#9660,2.54);
#2741=VECTOR('',#9661,2.032);
#2742=VECTOR('',#9662,0.65);
#2743=VECTOR('',#9663,0.65);
#2744=VECTOR('',#9664,0.65);
#2745=VECTOR('',#9665,0.65);
#2746=VECTOR('',#9668,2.286);
#2747=VECTOR('',#9669,2.286);
#2748=VECTOR('',#9672,0.254);
#2749=VECTOR('',#9673,2.54);
#2750=VECTOR('',#9676,0.254);
#2751=VECTOR('',#9679,2.54);
#2752=VECTOR('',#9680,2.286);
#2753=VECTOR('',#9685,0.254);
#2754=VECTOR('',#9686,2.286);
#2755=VECTOR('',#9689,0.254);
#2756=VECTOR('',#9690,2.54);
#2757=VECTOR('',#9693,2.032);
#2758=VECTOR('',#9694,2.54);
#2759=VECTOR('',#9695,2.032);
#2760=VECTOR('',#9696,0.65);
#2761=VECTOR('',#9697,0.65);
#2762=VECTOR('',#9698,0.65);
#2763=VECTOR('',#9699,0.65);
#2764=VECTOR('',#9702,2.286);
#2765=VECTOR('',#9703,2.286);
#2766=VECTOR('',#9706,0.254);
#2767=VECTOR('',#9707,2.54);
#2768=VECTOR('',#9710,0.254);
#2769=VECTOR('',#9713,2.54);
#2770=VECTOR('',#9714,2.286);
#2771=VECTOR('',#9719,0.254);
#2772=VECTOR('',#9720,2.286);
#2773=VECTOR('',#9723,0.254);
#2774=VECTOR('',#9724,2.54);
#2775=VECTOR('',#9727,2.032);
#2776=VECTOR('',#9728,2.54);
#2777=VECTOR('',#9729,2.032);
#2778=VECTOR('',#9730,0.65);
#2779=VECTOR('',#9731,0.65);
#2780=VECTOR('',#9732,0.65);
#2781=VECTOR('',#9733,0.65);
#2782=VECTOR('',#9736,2.286);
#2783=VECTOR('',#9737,2.286);
#2784=VECTOR('',#9740,0.254);
#2785=VECTOR('',#9741,2.54);
#2786=VECTOR('',#9744,0.254);
#2787=VECTOR('',#9747,2.54);
#2788=VECTOR('',#9748,2.286);
#2789=VECTOR('',#9753,0.254);
#2790=VECTOR('',#9754,2.286);
#2791=VECTOR('',#9757,0.254);
#2792=VECTOR('',#9758,2.54);
#2793=VECTOR('',#9761,2.032);
#2794=VECTOR('',#9762,2.54);
#2795=VECTOR('',#9763,2.032);
#2796=VECTOR('',#9764,0.65);
#2797=VECTOR('',#9765,0.65);
#2798=VECTOR('',#9766,0.65);
#2799=VECTOR('',#9767,0.65);
#2800=VECTOR('',#9770,2.286);
#2801=VECTOR('',#9771,2.286);
#2802=VECTOR('',#9774,0.254);
#2803=VECTOR('',#9775,2.54);
#2804=VECTOR('',#9778,0.254);
#2805=VECTOR('',#9781,2.54);
#2806=VECTOR('',#9782,2.286);
#2807=VECTOR('',#9787,0.254);
#2808=VECTOR('',#9788,2.286);
#2809=VECTOR('',#9791,0.254);
#2810=VECTOR('',#9792,2.54);
#2811=VECTOR('',#9795,2.032);
#2812=VECTOR('',#9796,2.54);
#2813=VECTOR('',#9797,2.032);
#2814=VECTOR('',#9798,0.65);
#2815=VECTOR('',#9799,0.65);
#2816=VECTOR('',#9800,0.65);
#2817=VECTOR('',#9801,0.65);
#2818=VECTOR('',#9804,2.286);
#2819=VECTOR('',#9805,2.286);
#2820=VECTOR('',#9808,0.254);
#2821=VECTOR('',#9809,2.54);
#2822=VECTOR('',#9812,0.254);
#2823=VECTOR('',#9815,2.54);
#2824=VECTOR('',#9816,2.286);
#2825=VECTOR('',#9821,0.254);
#2826=VECTOR('',#9822,2.286);
#2827=VECTOR('',#9825,0.254);
#2828=VECTOR('',#9826,2.54);
#2829=VECTOR('',#9829,2.032);
#2830=VECTOR('',#9830,2.54);
#2831=VECTOR('',#9831,2.032);
#2832=VECTOR('',#9832,0.65);
#2833=VECTOR('',#9833,0.65);
#2834=VECTOR('',#9834,0.65);
#2835=VECTOR('',#9835,0.65);
#2836=VECTOR('',#9838,2.286);
#2837=VECTOR('',#9839,2.286);
#2838=VECTOR('',#9842,0.254);
#2839=VECTOR('',#9843,2.54);
#2840=VECTOR('',#9846,0.254);
#2841=VECTOR('',#9849,2.54);
#2842=VECTOR('',#9850,2.286);
#2843=VECTOR('',#9855,0.254);
#2844=VECTOR('',#9858,0.254);
#2845=VECTOR('',#9865,0.65);
#2846=VECTOR('',#9866,5.95);
#2847=VECTOR('',#9867,5.95);
#2848=VECTOR('',#9870,0.65);
#2849=VECTOR('',#9871,2.902);
#2850=VECTOR('',#9872,2.902);
#2851=VECTOR('',#9875,0.489897948556604);
#2852=VECTOR('',#9876,0.25);
#2853=VECTOR('',#9877,0.489897948556604);
#2854=VECTOR('',#9880,0.65);
#2855=VECTOR('',#9881,0.25);
#2856=VECTOR('',#9882,0.489897948556604);
#2857=VECTOR('',#9885,5.95);
#2858=VECTOR('',#9888,0.65);
#2859=VECTOR('',#9889,2.902);
#2860=VECTOR('',#9892,0.65);
#2861=VECTOR('',#9893,5.95);
#2862=VECTOR('',#9896,0.65);
#2863=VECTOR('',#9897,2.902);
#2864=VECTOR('',#9900,0.25);
#2865=VECTOR('',#9901,0.489897948556604);
#2866=VECTOR('',#9904,0.25);
#2867=VECTOR('',#9907,0.65);
#2868=VECTOR('',#9912,0.65);
#2869=VECTOR('',#9915,0.489897948556604);
#2870=VECTOR('',#9916,0.25);
#2871=VECTOR('',#9917,0.489897948556604);
#2872=VECTOR('',#9920,0.25);
#2873=VECTOR('',#9921,0.489897948556604);
#2874=VECTOR('',#9924,0.25);
#2875=VECTOR('',#9925,0.25);
#2876=VECTOR('',#9928,0.489897948556604);
#2877=VECTOR('',#9935,0.65);
#2878=VECTOR('',#9936,5.95);
#2879=VECTOR('',#9937,5.95);
#2880=VECTOR('',#9940,0.65);
#2881=VECTOR('',#9941,2.902);
#2882=VECTOR('',#9942,2.902);
#2883=VECTOR('',#9945,0.489897948556604);
#2884=VECTOR('',#9946,0.25);
#2885=VECTOR('',#9947,0.489897948556604);
#2886=VECTOR('',#9950,0.65);
#2887=VECTOR('',#9951,0.25);
#2888=VECTOR('',#9952,0.489897948556604);
#2889=VECTOR('',#9955,5.95);
#2890=VECTOR('',#9958,0.65);
#2891=VECTOR('',#9959,2.902);
#2892=VECTOR('',#9962,0.65);
#2893=VECTOR('',#9963,5.95);
#2894=VECTOR('',#9966,0.65);
#2895=VECTOR('',#9967,2.902);
#2896=VECTOR('',#9970,0.25);
#2897=VECTOR('',#9971,0.489897948556604);
#2898=VECTOR('',#9974,0.25);
#2899=VECTOR('',#9977,0.65);
#2900=VECTOR('',#9982,0.65);
#2901=VECTOR('',#9985,0.489897948556604);
#2902=VECTOR('',#9986,0.25);
#2903=VECTOR('',#9987,0.489897948556604);
#2904=VECTOR('',#9990,0.25);
#2905=VECTOR('',#9991,0.489897948556604);
#2906=VECTOR('',#9994,0.25);
#2907=VECTOR('',#9995,0.25);
#2908=VECTOR('',#9998,0.489897948556604);
#2909=VECTOR('',#10005,0.65);
#2910=VECTOR('',#10006,5.95);
#2911=VECTOR('',#10007,5.95);
#2912=VECTOR('',#10010,0.65);
#2913=VECTOR('',#10011,2.902);
#2914=VECTOR('',#10012,2.902);
#2915=VECTOR('',#10015,0.489897948556604);
#2916=VECTOR('',#10016,0.25);
#2917=VECTOR('',#10017,0.489897948556604);
#2918=VECTOR('',#10020,0.65);
#2919=VECTOR('',#10021,0.25);
#2920=VECTOR('',#10022,0.489897948556604);
#2921=VECTOR('',#10025,5.95);
#2922=VECTOR('',#10028,0.65);
#2923=VECTOR('',#10029,2.902);
#2924=VECTOR('',#10032,0.65);
#2925=VECTOR('',#10033,5.95);
#2926=VECTOR('',#10036,0.65);
#2927=VECTOR('',#10037,2.902);
#2928=VECTOR('',#10040,0.25);
#2929=VECTOR('',#10041,0.489897948556604);
#2930=VECTOR('',#10044,0.25);
#2931=VECTOR('',#10047,0.65);
#2932=VECTOR('',#10052,0.65);
#2933=VECTOR('',#10055,0.489897948556604);
#2934=VECTOR('',#10056,0.25);
#2935=VECTOR('',#10057,0.489897948556604);
#2936=VECTOR('',#10060,0.25);
#2937=VECTOR('',#10061,0.489897948556604);
#2938=VECTOR('',#10064,0.25);
#2939=VECTOR('',#10065,0.25);
#2940=VECTOR('',#10068,0.489897948556604);
#2941=VECTOR('',#10075,0.65);
#2942=VECTOR('',#10076,5.95);
#2943=VECTOR('',#10077,5.95);
#2944=VECTOR('',#10080,0.65);
#2945=VECTOR('',#10081,2.902);
#2946=VECTOR('',#10082,2.902);
#2947=VECTOR('',#10085,0.489897948556604);
#2948=VECTOR('',#10086,0.25);
#2949=VECTOR('',#10087,0.489897948556604);
#2950=VECTOR('',#10090,0.65);
#2951=VECTOR('',#10091,0.25);
#2952=VECTOR('',#10092,0.489897948556604);
#2953=VECTOR('',#10095,5.95);
#2954=VECTOR('',#10098,0.65);
#2955=VECTOR('',#10099,2.902);
#2956=VECTOR('',#10102,0.65);
#2957=VECTOR('',#10103,5.95);
#2958=VECTOR('',#10106,0.65);
#2959=VECTOR('',#10107,2.902);
#2960=VECTOR('',#10110,0.25);
#2961=VECTOR('',#10111,0.489897948556604);
#2962=VECTOR('',#10114,0.25);
#2963=VECTOR('',#10117,0.65);
#2964=VECTOR('',#10122,0.65);
#2965=VECTOR('',#10125,0.489897948556604);
#2966=VECTOR('',#10126,0.25);
#2967=VECTOR('',#10127,0.489897948556604);
#2968=VECTOR('',#10130,0.25);
#2969=VECTOR('',#10131,0.489897948556604);
#2970=VECTOR('',#10134,0.25);
#2971=VECTOR('',#10135,0.25);
#2972=VECTOR('',#10138,0.489897948556604);
#2973=VECTOR('',#10145,0.65);
#2974=VECTOR('',#10146,5.95);
#2975=VECTOR('',#10147,5.95);
#2976=VECTOR('',#10150,0.65);
#2977=VECTOR('',#10151,2.902);
#2978=VECTOR('',#10152,2.902);
#2979=VECTOR('',#10155,0.489897948556604);
#2980=VECTOR('',#10156,0.25);
#2981=VECTOR('',#10157,0.489897948556604);
#2982=VECTOR('',#10160,0.65);
#2983=VECTOR('',#10161,0.25);
#2984=VECTOR('',#10162,0.489897948556604);
#2985=VECTOR('',#10165,5.95);
#2986=VECTOR('',#10168,0.65);
#2987=VECTOR('',#10169,2.902);
#2988=VECTOR('',#10172,0.65);
#2989=VECTOR('',#10173,5.95);
#2990=VECTOR('',#10176,0.65);
#2991=VECTOR('',#10177,2.902);
#2992=VECTOR('',#10180,0.25);
#2993=VECTOR('',#10181,0.489897948556604);
#2994=VECTOR('',#10184,0.25);
#2995=VECTOR('',#10187,0.65);
#2996=VECTOR('',#10192,0.65);
#2997=VECTOR('',#10195,0.489897948556604);
#2998=VECTOR('',#10196,0.25);
#2999=VECTOR('',#10197,0.489897948556604);
#3000=VECTOR('',#10200,0.25);
#3001=VECTOR('',#10201,0.489897948556604);
#3002=VECTOR('',#10204,0.25);
#3003=VECTOR('',#10205,0.25);
#3004=VECTOR('',#10208,0.489897948556604);
#3005=VECTOR('',#10215,0.65);
#3006=VECTOR('',#10216,5.95);
#3007=VECTOR('',#10217,5.95);
#3008=VECTOR('',#10220,0.65);
#3009=VECTOR('',#10221,2.902);
#3010=VECTOR('',#10222,2.902);
#3011=VECTOR('',#10225,0.489897948556604);
#3012=VECTOR('',#10226,0.25);
#3013=VECTOR('',#10227,0.489897948556604);
#3014=VECTOR('',#10230,0.65);
#3015=VECTOR('',#10231,0.25);
#3016=VECTOR('',#10232,0.489897948556604);
#3017=VECTOR('',#10235,5.95);
#3018=VECTOR('',#10238,0.65);
#3019=VECTOR('',#10239,2.902);
#3020=VECTOR('',#10242,0.65);
#3021=VECTOR('',#10243,5.95);
#3022=VECTOR('',#10246,0.65);
#3023=VECTOR('',#10247,2.902);
#3024=VECTOR('',#10250,0.25);
#3025=VECTOR('',#10251,0.489897948556604);
#3026=VECTOR('',#10254,0.25);
#3027=VECTOR('',#10257,0.65);
#3028=VECTOR('',#10262,0.65);
#3029=VECTOR('',#10265,0.489897948556604);
#3030=VECTOR('',#10266,0.25);
#3031=VECTOR('',#10267,0.489897948556604);
#3032=VECTOR('',#10270,0.25);
#3033=VECTOR('',#10271,0.489897948556604);
#3034=VECTOR('',#10274,0.25);
#3035=VECTOR('',#10275,0.25);
#3036=VECTOR('',#10278,0.489897948556604);
#3037=VECTOR('',#10285,0.65);
#3038=VECTOR('',#10286,5.95);
#3039=VECTOR('',#10287,5.95);
#3040=VECTOR('',#10290,0.65);
#3041=VECTOR('',#10291,2.902);
#3042=VECTOR('',#10292,2.902);
#3043=VECTOR('',#10295,0.489897948556604);
#3044=VECTOR('',#10296,0.25);
#3045=VECTOR('',#10297,0.489897948556604);
#3046=VECTOR('',#10300,0.65);
#3047=VECTOR('',#10301,0.25);
#3048=VECTOR('',#10302,0.489897948556604);
#3049=VECTOR('',#10305,5.95);
#3050=VECTOR('',#10308,0.65);
#3051=VECTOR('',#10309,2.902);
#3052=VECTOR('',#10312,0.65);
#3053=VECTOR('',#10313,5.95);
#3054=VECTOR('',#10316,0.65);
#3055=VECTOR('',#10317,2.902);
#3056=VECTOR('',#10320,0.25);
#3057=VECTOR('',#10321,0.489897948556604);
#3058=VECTOR('',#10324,0.25);
#3059=VECTOR('',#10327,0.65);
#3060=VECTOR('',#10332,0.65);
#3061=VECTOR('',#10335,0.489897948556604);
#3062=VECTOR('',#10336,0.25);
#3063=VECTOR('',#10337,0.489897948556604);
#3064=VECTOR('',#10340,0.25);
#3065=VECTOR('',#10341,0.489897948556604);
#3066=VECTOR('',#10344,0.25);
#3067=VECTOR('',#10345,0.25);
#3068=VECTOR('',#10348,0.489897948556604);
#3069=VECTOR('',#10355,0.65);
#3070=VECTOR('',#10356,5.95);
#3071=VECTOR('',#10357,5.95);
#3072=VECTOR('',#10360,0.65);
#3073=VECTOR('',#10361,2.902);
#3074=VECTOR('',#10362,2.902);
#3075=VECTOR('',#10365,0.489897948556604);
#3076=VECTOR('',#10366,0.25);
#3077=VECTOR('',#10367,0.489897948556604);
#3078=VECTOR('',#10370,0.65);
#3079=VECTOR('',#10371,0.25);
#3080=VECTOR('',#10372,0.489897948556604);
#3081=VECTOR('',#10375,5.95);
#3082=VECTOR('',#10378,0.65);
#3083=VECTOR('',#10379,2.902);
#3084=VECTOR('',#10382,0.65);
#3085=VECTOR('',#10383,5.95);
#3086=VECTOR('',#10386,0.65);
#3087=VECTOR('',#10387,2.902);
#3088=VECTOR('',#10390,0.25);
#3089=VECTOR('',#10391,0.489897948556604);
#3090=VECTOR('',#10394,0.25);
#3091=VECTOR('',#10397,0.65);
#3092=VECTOR('',#10402,0.65);
#3093=VECTOR('',#10405,0.489897948556604);
#3094=VECTOR('',#10406,0.25);
#3095=VECTOR('',#10407,0.489897948556604);
#3096=VECTOR('',#10410,0.25);
#3097=VECTOR('',#10411,0.489897948556604);
#3098=VECTOR('',#10414,0.25);
#3099=VECTOR('',#10415,0.25);
#3100=VECTOR('',#10418,0.489897948556604);
#3101=VECTOR('',#10425,0.65);
#3102=VECTOR('',#10426,5.95);
#3103=VECTOR('',#10427,5.95);
#3104=VECTOR('',#10430,0.65);
#3105=VECTOR('',#10431,2.902);
#3106=VECTOR('',#10432,2.902);
#3107=VECTOR('',#10435,0.489897948556604);
#3108=VECTOR('',#10436,0.25);
#3109=VECTOR('',#10437,0.489897948556604);
#3110=VECTOR('',#10440,0.65);
#3111=VECTOR('',#10441,0.25);
#3112=VECTOR('',#10442,0.489897948556604);
#3113=VECTOR('',#10445,5.95);
#3114=VECTOR('',#10448,0.65);
#3115=VECTOR('',#10449,2.902);
#3116=VECTOR('',#10452,0.65);
#3117=VECTOR('',#10453,5.95);
#3118=VECTOR('',#10456,0.65);
#3119=VECTOR('',#10457,2.902);
#3120=VECTOR('',#10460,0.25);
#3121=VECTOR('',#10461,0.489897948556604);
#3122=VECTOR('',#10464,0.25);
#3123=VECTOR('',#10467,0.65);
#3124=VECTOR('',#10472,0.65);
#3125=VECTOR('',#10475,0.489897948556604);
#3126=VECTOR('',#10476,0.25);
#3127=VECTOR('',#10477,0.489897948556604);
#3128=VECTOR('',#10480,0.25);
#3129=VECTOR('',#10481,0.489897948556604);
#3130=VECTOR('',#10484,0.25);
#3131=VECTOR('',#10485,0.25);
#3132=VECTOR('',#10488,0.489897948556604);
#3133=VECTOR('',#10495,0.65);
#3134=VECTOR('',#10496,5.95);
#3135=VECTOR('',#10497,5.95);
#3136=VECTOR('',#10500,0.65);
#3137=VECTOR('',#10501,2.902);
#3138=VECTOR('',#10502,2.902);
#3139=VECTOR('',#10505,0.489897948556604);
#3140=VECTOR('',#10506,0.25);
#3141=VECTOR('',#10507,0.489897948556604);
#3142=VECTOR('',#10510,0.65);
#3143=VECTOR('',#10511,0.25);
#3144=VECTOR('',#10512,0.489897948556604);
#3145=VECTOR('',#10515,5.95);
#3146=VECTOR('',#10518,0.65);
#3147=VECTOR('',#10519,2.902);
#3148=VECTOR('',#10522,0.65);
#3149=VECTOR('',#10523,5.95);
#3150=VECTOR('',#10526,0.65);
#3151=VECTOR('',#10527,2.902);
#3152=VECTOR('',#10530,0.25);
#3153=VECTOR('',#10531,0.489897948556604);
#3154=VECTOR('',#10534,0.25);
#3155=VECTOR('',#10537,0.65);
#3156=VECTOR('',#10542,0.65);
#3157=VECTOR('',#10545,0.489897948556604);
#3158=VECTOR('',#10546,0.25);
#3159=VECTOR('',#10547,0.489897948556604);
#3160=VECTOR('',#10550,0.25);
#3161=VECTOR('',#10551,0.489897948556604);
#3162=VECTOR('',#10554,0.25);
#3163=VECTOR('',#10555,0.25);
#3164=VECTOR('',#10558,0.489897948556604);
#3165=VECTOR('',#10565,0.65);
#3166=VECTOR('',#10566,5.95);
#3167=VECTOR('',#10567,5.95);
#3168=VECTOR('',#10570,0.65);
#3169=VECTOR('',#10571,2.902);
#3170=VECTOR('',#10572,2.902);
#3171=VECTOR('',#10575,0.489897948556604);
#3172=VECTOR('',#10576,0.25);
#3173=VECTOR('',#10577,0.489897948556604);
#3174=VECTOR('',#10580,0.65);
#3175=VECTOR('',#10581,0.25);
#3176=VECTOR('',#10582,0.489897948556584);
#3177=VECTOR('',#10585,5.95);
#3178=VECTOR('',#10588,0.65);
#3179=VECTOR('',#10589,2.902);
#3180=VECTOR('',#10592,0.65);
#3181=VECTOR('',#10593,5.95);
#3182=VECTOR('',#10596,0.65);
#3183=VECTOR('',#10597,2.902);
#3184=VECTOR('',#10600,0.25);
#3185=VECTOR('',#10601,0.489897948556584);
#3186=VECTOR('',#10604,0.25);
#3187=VECTOR('',#10607,0.65);
#3188=VECTOR('',#10612,0.65);
#3189=VECTOR('',#10615,0.489897948556604);
#3190=VECTOR('',#10616,0.25);
#3191=VECTOR('',#10617,0.489897948556604);
#3192=VECTOR('',#10620,0.25);
#3193=VECTOR('',#10621,0.489897948556604);
#3194=VECTOR('',#10624,0.25);
#3195=VECTOR('',#10625,0.25);
#3196=VECTOR('',#10628,0.489897948556604);
#3197=VECTOR('',#10635,0.65);
#3198=VECTOR('',#10636,5.95);
#3199=VECTOR('',#10637,5.95);
#3200=VECTOR('',#10640,0.65);
#3201=VECTOR('',#10641,2.902);
#3202=VECTOR('',#10642,2.902);
#3203=VECTOR('',#10645,0.489897948556604);
#3204=VECTOR('',#10646,0.25);
#3205=VECTOR('',#10647,0.489897948556604);
#3206=VECTOR('',#10650,0.65);
#3207=VECTOR('',#10651,0.25);
#3208=VECTOR('',#10652,0.489897948556604);
#3209=VECTOR('',#10655,5.95);
#3210=VECTOR('',#10658,0.65);
#3211=VECTOR('',#10659,2.902);
#3212=VECTOR('',#10662,0.65);
#3213=VECTOR('',#10663,5.95);
#3214=VECTOR('',#10666,0.65);
#3215=VECTOR('',#10667,2.902);
#3216=VECTOR('',#10670,0.25);
#3217=VECTOR('',#10671,0.489897948556604);
#3218=VECTOR('',#10674,0.25);
#3219=VECTOR('',#10677,0.65);
#3220=VECTOR('',#10682,0.65);
#3221=VECTOR('',#10685,0.489897948556604);
#3222=VECTOR('',#10686,0.25);
#3223=VECTOR('',#10687,0.489897948556604);
#3224=VECTOR('',#10690,0.25);
#3225=VECTOR('',#10691,0.489897948556604);
#3226=VECTOR('',#10694,0.25);
#3227=VECTOR('',#10695,0.25);
#3228=VECTOR('',#10698,0.489897948556604);
#3229=VECTOR('',#10705,0.65);
#3230=VECTOR('',#10706,5.95);
#3231=VECTOR('',#10707,5.95);
#3232=VECTOR('',#10710,0.65);
#3233=VECTOR('',#10711,2.902);
#3234=VECTOR('',#10712,2.902);
#3235=VECTOR('',#10715,0.489897948556604);
#3236=VECTOR('',#10716,0.25);
#3237=VECTOR('',#10717,0.489897948556604);
#3238=VECTOR('',#10720,0.65);
#3239=VECTOR('',#10721,0.25);
#3240=VECTOR('',#10722,0.489897948556604);
#3241=VECTOR('',#10725,5.95);
#3242=VECTOR('',#10728,0.65);
#3243=VECTOR('',#10729,2.902);
#3244=VECTOR('',#10732,0.65);
#3245=VECTOR('',#10733,5.95);
#3246=VECTOR('',#10736,0.65);
#3247=VECTOR('',#10737,2.902);
#3248=VECTOR('',#10740,0.25);
#3249=VECTOR('',#10741,0.489897948556604);
#3250=VECTOR('',#10744,0.25);
#3251=VECTOR('',#10747,0.65);
#3252=VECTOR('',#10752,0.65);
#3253=VECTOR('',#10755,0.489897948556604);
#3254=VECTOR('',#10756,0.25);
#3255=VECTOR('',#10757,0.489897948556604);
#3256=VECTOR('',#10760,0.25);
#3257=VECTOR('',#10761,0.489897948556604);
#3258=VECTOR('',#10764,0.25);
#3259=VECTOR('',#10765,0.25);
#3260=VECTOR('',#10768,0.489897948556604);
#3261=VECTOR('',#10773,0.65);
#3262=VECTOR('',#10774,5.95);
#3263=VECTOR('',#10775,5.95);
#3264=VECTOR('',#10778,0.65);
#3265=VECTOR('',#10779,2.902);
#3266=VECTOR('',#10780,2.902);
#3267=VECTOR('',#10783,0.489897948556604);
#3268=VECTOR('',#10784,0.25);
#3269=VECTOR('',#10785,0.489897948556604);
#3270=VECTOR('',#10788,0.65);
#3271=VECTOR('',#10789,0.25);
#3272=VECTOR('',#10790,0.489897948556604);
#3273=VECTOR('',#10793,5.95);
#3274=VECTOR('',#10796,0.65);
#3275=VECTOR('',#10797,2.902);
#3276=VECTOR('',#10800,0.65);
#3277=VECTOR('',#10801,5.95);
#3278=VECTOR('',#10804,0.65);
#3279=VECTOR('',#10805,2.902);
#3280=VECTOR('',#10808,0.25);
#3281=VECTOR('',#10809,0.489897948556604);
#3282=VECTOR('',#10812,0.25);
#3283=VECTOR('',#10815,0.65);
#3284=VECTOR('',#10820,0.65);
#3285=VECTOR('',#10823,0.489897948556604);
#3286=VECTOR('',#10824,0.25);
#3287=VECTOR('',#10825,0.489897948556604);
#3288=VECTOR('',#10828,0.25);
#3289=VECTOR('',#10829,0.489897948556604);
#3290=VECTOR('',#10832,0.25);
#3291=VECTOR('',#10833,0.25);
#3292=VECTOR('',#10836,0.489897948556604);
#3293=VECTOR('',#10985,10.);
#3294=VECTOR('',#10986,10.);
#3295=VECTOR('',#10987,10.);
#3296=VECTOR('',#10988,10.);
#3297=VECTOR('',#10991,10.);
#3298=VECTOR('',#10992,10.);
#3299=VECTOR('',#10993,10.);
#3300=VECTOR('',#10996,10.);
#3301=VECTOR('',#10997,10.);
#3302=VECTOR('',#10998,10.);
#3303=VECTOR('',#11001,10.);
#3304=VECTOR('',#11002,10.);
#3305=VECTOR('',#11011,0.600000000000005);
#3306=VECTOR('',#11018,0.600000000000005);
#3307=VECTOR('',#11025,0.600000000000005);
#3308=VECTOR('',#11032,1.6);
#3309=VECTOR('',#11039,0.600000000000005);
#3310=VECTOR('',#11046,0.600000000000005);
#3311=VECTOR('',#11053,1.6);
#3312=VECTOR('',#11060,0.600000000000005);
#3313=VECTOR('',#11067,0.600000000000005);
#3314=VECTOR('',#11074,0.600000000000005);
#3315=VECTOR('',#11081,1.6);
#3316=VECTOR('',#11088,0.600000000000005);
#3317=VECTOR('',#11095,0.600000000000005);
#3318=VECTOR('',#11102,0.600000000000005);
#3319=VECTOR('',#11109,0.600000000000005);
#3320=VECTOR('',#11116,0.600000000000005);
#3321=VECTOR('',#11123,1.6);
#3322=VECTOR('',#11130,0.600000000000005);
#3323=VECTOR('',#11135,10.);
#3324=VECTOR('',#11136,10.);
#3325=VECTOR('',#11137,10.);
#3326=VECTOR('',#11138,10.);
#3327=VECTOR('',#11141,10.);
#3328=VECTOR('',#11142,10.);
#3329=VECTOR('',#11143,10.);
#3330=VECTOR('',#11146,10.);
#3331=VECTOR('',#11147,10.);
#3332=VECTOR('',#11148,10.);
#3333=VECTOR('',#11151,10.);
#3334=VECTOR('',#11152,10.);
#3335=VERTEX_POINT('',#11195);
#3336=VERTEX_POINT('',#11196);
#3337=VERTEX_POINT('',#11198);
#3338=VERTEX_POINT('',#11200);
#3339=VERTEX_POINT('',#11204);
#3340=VERTEX_POINT('',#11206);
#3341=VERTEX_POINT('',#11210);
#3342=VERTEX_POINT('',#11211);
#3343=VERTEX_POINT('',#11213);
#3344=VERTEX_POINT('',#11215);
#3345=VERTEX_POINT('',#11219);
#3346=VERTEX_POINT('',#11220);
#3347=VERTEX_POINT('',#11222);
#3348=VERTEX_POINT('',#11224);
#3349=VERTEX_POINT('',#11226);
#3350=VERTEX_POINT('',#11228);
#3351=VERTEX_POINT('',#11232);
#3352=VERTEX_POINT('',#11233);
#3353=VERTEX_POINT('',#11235);
#3354=VERTEX_POINT('',#11237);
#3355=VERTEX_POINT('',#11239);
#3356=VERTEX_POINT('',#11241);
#3357=VERTEX_POINT('',#11245);
#3358=VERTEX_POINT('',#11246);
#3359=VERTEX_POINT('',#11248);
#3360=VERTEX_POINT('',#11250);
#3361=VERTEX_POINT('',#11252);
#3362=VERTEX_POINT('',#11254);
#3363=VERTEX_POINT('',#11258);
#3364=VERTEX_POINT('',#11259);
#3365=VERTEX_POINT('',#11261);
#3366=VERTEX_POINT('',#11263);
#3367=VERTEX_POINT('',#11265);
#3368=VERTEX_POINT('',#11267);
#3369=VERTEX_POINT('',#11271);
#3370=VERTEX_POINT('',#11272);
#3371=VERTEX_POINT('',#11274);
#3372=VERTEX_POINT('',#11276);
#3373=VERTEX_POINT('',#11278);
#3374=VERTEX_POINT('',#11280);
#3375=VERTEX_POINT('',#11284);
#3376=VERTEX_POINT('',#11285);
#3377=VERTEX_POINT('',#11287);
#3378=VERTEX_POINT('',#11289);
#3379=VERTEX_POINT('',#11291);
#3380=VERTEX_POINT('',#11293);
#3381=VERTEX_POINT('',#11297);
#3382=VERTEX_POINT('',#11298);
#3383=VERTEX_POINT('',#11300);
#3384=VERTEX_POINT('',#11302);
#3385=VERTEX_POINT('',#11304);
#3386=VERTEX_POINT('',#11306);
#3387=VERTEX_POINT('',#11310);
#3388=VERTEX_POINT('',#11311);
#3389=VERTEX_POINT('',#11313);
#3390=VERTEX_POINT('',#11315);
#3391=VERTEX_POINT('',#11317);
#3392=VERTEX_POINT('',#11319);
#3393=VERTEX_POINT('',#11323);
#3394=VERTEX_POINT('',#11324);
#3395=VERTEX_POINT('',#11326);
#3396=VERTEX_POINT('',#11328);
#3397=VERTEX_POINT('',#11330);
#3398=VERTEX_POINT('',#11332);
#3399=VERTEX_POINT('',#11336);
#3400=VERTEX_POINT('',#11337);
#3401=VERTEX_POINT('',#11339);
#3402=VERTEX_POINT('',#11341);
#3403=VERTEX_POINT('',#11343);
#3404=VERTEX_POINT('',#11345);
#3405=VERTEX_POINT('',#11349);
#3406=VERTEX_POINT('',#11350);
#3407=VERTEX_POINT('',#11352);
#3408=VERTEX_POINT('',#11354);
#3409=VERTEX_POINT('',#11356);
#3410=VERTEX_POINT('',#11358);
#3411=VERTEX_POINT('',#11362);
#3412=VERTEX_POINT('',#11363);
#3413=VERTEX_POINT('',#11365);
#3414=VERTEX_POINT('',#11367);
#3415=VERTEX_POINT('',#11369);
#3416=VERTEX_POINT('',#11371);
#3417=VERTEX_POINT('',#11375);
#3418=VERTEX_POINT('',#11376);
#3419=VERTEX_POINT('',#11378);
#3420=VERTEX_POINT('',#11380);
#3421=VERTEX_POINT('',#11382);
#3422=VERTEX_POINT('',#11384);
#3423=VERTEX_POINT('',#11388);
#3424=VERTEX_POINT('',#11390);
#3425=VERTEX_POINT('',#11394);
#3426=VERTEX_POINT('',#11396);
#3427=VERTEX_POINT('',#11400);
#3428=VERTEX_POINT('',#11404);
#3429=VERTEX_POINT('',#11408);
#3430=VERTEX_POINT('',#11410);
#3431=VERTEX_POINT('',#11414);
#3432=VERTEX_POINT('',#11417);
#3433=VERTEX_POINT('',#11418);
#3434=VERTEX_POINT('',#11420);
#3435=VERTEX_POINT('',#11422);
#3436=VERTEX_POINT('',#11426);
#3437=VERTEX_POINT('',#11430);
#3438=VERTEX_POINT('',#11432);
#3439=VERTEX_POINT('',#11434);
#3440=VERTEX_POINT('',#11436);
#3441=VERTEX_POINT('',#11438);
#3442=VERTEX_POINT('',#11440);
#3443=VERTEX_POINT('',#11442);
#3444=VERTEX_POINT('',#11444);
#3445=VERTEX_POINT('',#11446);
#3446=VERTEX_POINT('',#11448);
#3447=VERTEX_POINT('',#11450);
#3448=VERTEX_POINT('',#11452);
#3449=VERTEX_POINT('',#11454);
#3450=VERTEX_POINT('',#11456);
#3451=VERTEX_POINT('',#11458);
#3452=VERTEX_POINT('',#11460);
#3453=VERTEX_POINT('',#11462);
#3454=VERTEX_POINT('',#11464);
#3455=VERTEX_POINT('',#11466);
#3456=VERTEX_POINT('',#11468);
#3457=VERTEX_POINT('',#11470);
#3458=VERTEX_POINT('',#11472);
#3459=VERTEX_POINT('',#11474);
#3460=VERTEX_POINT('',#11476);
#3461=VERTEX_POINT('',#11478);
#3462=VERTEX_POINT('',#11480);
#3463=VERTEX_POINT('',#11482);
#3464=VERTEX_POINT('',#11484);
#3465=VERTEX_POINT('',#11486);
#3466=VERTEX_POINT('',#11488);
#3467=VERTEX_POINT('',#11490);
#3468=VERTEX_POINT('',#11492);
#3469=VERTEX_POINT('',#11494);
#3470=VERTEX_POINT('',#11496);
#3471=VERTEX_POINT('',#11498);
#3472=VERTEX_POINT('',#11500);
#3473=VERTEX_POINT('',#11502);
#3474=VERTEX_POINT('',#11504);
#3475=VERTEX_POINT('',#11506);
#3476=VERTEX_POINT('',#11509);
#3477=VERTEX_POINT('',#11511);
#3478=VERTEX_POINT('',#11513);
#3479=VERTEX_POINT('',#11515);
#3480=VERTEX_POINT('',#11517);
#3481=VERTEX_POINT('',#11519);
#3482=VERTEX_POINT('',#11521);
#3483=VERTEX_POINT('',#11523);
#3484=VERTEX_POINT('',#11525);
#3485=VERTEX_POINT('',#11527);
#3486=VERTEX_POINT('',#11529);
#3487=VERTEX_POINT('',#11531);
#3488=VERTEX_POINT('',#11533);
#3489=VERTEX_POINT('',#11535);
#3490=VERTEX_POINT('',#11537);
#3491=VERTEX_POINT('',#11539);
#3492=VERTEX_POINT('',#11541);
#3493=VERTEX_POINT('',#11543);
#3494=VERTEX_POINT('',#11545);
#3495=VERTEX_POINT('',#11547);
#3496=VERTEX_POINT('',#11549);
#3497=VERTEX_POINT('',#11551);
#3498=VERTEX_POINT('',#11553);
#3499=VERTEX_POINT('',#11555);
#3500=VERTEX_POINT('',#11557);
#3501=VERTEX_POINT('',#11559);
#3502=VERTEX_POINT('',#11561);
#3503=VERTEX_POINT('',#11563);
#3504=VERTEX_POINT('',#11565);
#3505=VERTEX_POINT('',#11567);
#3506=VERTEX_POINT('',#11569);
#3507=VERTEX_POINT('',#11571);
#3508=VERTEX_POINT('',#11573);
#3509=VERTEX_POINT('',#11575);
#3510=VERTEX_POINT('',#11577);
#3511=VERTEX_POINT('',#11579);
#3512=VERTEX_POINT('',#11581);
#3513=VERTEX_POINT('',#11583);
#3514=VERTEX_POINT('',#11585);
#3515=VERTEX_POINT('',#11588);
#3516=VERTEX_POINT('',#11589);
#3517=VERTEX_POINT('',#11591);
#3518=VERTEX_POINT('',#11593);
#3519=VERTEX_POINT('',#11596);
#3520=VERTEX_POINT('',#11597);
#3521=VERTEX_POINT('',#11599);
#3522=VERTEX_POINT('',#11601);
#3523=VERTEX_POINT('',#11604);
#3524=VERTEX_POINT('',#11605);
#3525=VERTEX_POINT('',#11607);
#3526=VERTEX_POINT('',#11609);
#3527=VERTEX_POINT('',#11612);
#3528=VERTEX_POINT('',#11613);
#3529=VERTEX_POINT('',#11615);
#3530=VERTEX_POINT('',#11617);
#3531=VERTEX_POINT('',#11620);
#3532=VERTEX_POINT('',#11621);
#3533=VERTEX_POINT('',#11623);
#3534=VERTEX_POINT('',#11625);
#3535=VERTEX_POINT('',#11628);
#3536=VERTEX_POINT('',#11629);
#3537=VERTEX_POINT('',#11631);
#3538=VERTEX_POINT('',#11633);
#3539=VERTEX_POINT('',#11636);
#3540=VERTEX_POINT('',#11637);
#3541=VERTEX_POINT('',#11639);
#3542=VERTEX_POINT('',#11641);
#3543=VERTEX_POINT('',#11644);
#3544=VERTEX_POINT('',#11645);
#3545=VERTEX_POINT('',#11647);
#3546=VERTEX_POINT('',#11649);
#3547=VERTEX_POINT('',#11652);
#3548=VERTEX_POINT('',#11653);
#3549=VERTEX_POINT('',#11655);
#3550=VERTEX_POINT('',#11657);
#3551=VERTEX_POINT('',#11660);
#3552=VERTEX_POINT('',#11661);
#3553=VERTEX_POINT('',#11663);
#3554=VERTEX_POINT('',#11665);
#3555=VERTEX_POINT('',#11668);
#3556=VERTEX_POINT('',#11669);
#3557=VERTEX_POINT('',#11671);
#3558=VERTEX_POINT('',#11673);
#3559=VERTEX_POINT('',#11676);
#3560=VERTEX_POINT('',#11677);
#3561=VERTEX_POINT('',#11679);
#3562=VERTEX_POINT('',#11681);
#3563=VERTEX_POINT('',#11684);
#3564=VERTEX_POINT('',#11685);
#3565=VERTEX_POINT('',#11687);
#3566=VERTEX_POINT('',#11689);
#3567=VERTEX_POINT('',#11692);
#3568=VERTEX_POINT('',#11693);
#3569=VERTEX_POINT('',#11695);
#3570=VERTEX_POINT('',#11697);
#3571=VERTEX_POINT('',#11701);
#3572=VERTEX_POINT('',#11705);
#3573=VERTEX_POINT('',#11709);
#3574=VERTEX_POINT('',#11711);
#3575=VERTEX_POINT('',#11714);
#3576=VERTEX_POINT('',#11715);
#3577=VERTEX_POINT('',#11717);
#3578=VERTEX_POINT('',#11719);
#3579=VERTEX_POINT('',#11735);
#3580=VERTEX_POINT('',#11739);
#3581=VERTEX_POINT('',#11743);
#3582=VERTEX_POINT('',#11745);
#3583=VERTEX_POINT('',#11748);
#3584=VERTEX_POINT('',#11749);
#3585=VERTEX_POINT('',#11751);
#3586=VERTEX_POINT('',#11753);
#3587=VERTEX_POINT('',#11769);
#3588=VERTEX_POINT('',#11773);
#3589=VERTEX_POINT('',#11777);
#3590=VERTEX_POINT('',#11779);
#3591=VERTEX_POINT('',#11782);
#3592=VERTEX_POINT('',#11783);
#3593=VERTEX_POINT('',#11785);
#3594=VERTEX_POINT('',#11787);
#3595=VERTEX_POINT('',#11803);
#3596=VERTEX_POINT('',#11807);
#3597=VERTEX_POINT('',#11811);
#3598=VERTEX_POINT('',#11813);
#3599=VERTEX_POINT('',#11816);
#3600=VERTEX_POINT('',#11817);
#3601=VERTEX_POINT('',#11819);
#3602=VERTEX_POINT('',#11821);
#3603=VERTEX_POINT('',#11837);
#3604=VERTEX_POINT('',#11841);
#3605=VERTEX_POINT('',#11845);
#3606=VERTEX_POINT('',#11847);
#3607=VERTEX_POINT('',#11850);
#3608=VERTEX_POINT('',#11851);
#3609=VERTEX_POINT('',#11853);
#3610=VERTEX_POINT('',#11855);
#3611=VERTEX_POINT('',#11871);
#3612=VERTEX_POINT('',#11875);
#3613=VERTEX_POINT('',#11879);
#3614=VERTEX_POINT('',#11881);
#3615=VERTEX_POINT('',#11884);
#3616=VERTEX_POINT('',#11885);
#3617=VERTEX_POINT('',#11887);
#3618=VERTEX_POINT('',#11889);
#3619=VERTEX_POINT('',#11905);
#3620=VERTEX_POINT('',#11909);
#3621=VERTEX_POINT('',#11913);
#3622=VERTEX_POINT('',#11915);
#3623=VERTEX_POINT('',#11918);
#3624=VERTEX_POINT('',#11919);
#3625=VERTEX_POINT('',#11921);
#3626=VERTEX_POINT('',#11923);
#3627=VERTEX_POINT('',#11939);
#3628=VERTEX_POINT('',#11943);
#3629=VERTEX_POINT('',#11947);
#3630=VERTEX_POINT('',#11949);
#3631=VERTEX_POINT('',#11952);
#3632=VERTEX_POINT('',#11953);
#3633=VERTEX_POINT('',#11955);
#3634=VERTEX_POINT('',#11957);
#3635=VERTEX_POINT('',#11973);
#3636=VERTEX_POINT('',#11977);
#3637=VERTEX_POINT('',#11981);
#3638=VERTEX_POINT('',#11983);
#3639=VERTEX_POINT('',#11986);
#3640=VERTEX_POINT('',#11987);
#3641=VERTEX_POINT('',#11989);
#3642=VERTEX_POINT('',#11991);
#3643=VERTEX_POINT('',#12007);
#3644=VERTEX_POINT('',#12011);
#3645=VERTEX_POINT('',#12015);
#3646=VERTEX_POINT('',#12017);
#3647=VERTEX_POINT('',#12020);
#3648=VERTEX_POINT('',#12021);
#3649=VERTEX_POINT('',#12023);
#3650=VERTEX_POINT('',#12025);
#3651=VERTEX_POINT('',#12041);
#3652=VERTEX_POINT('',#12045);
#3653=VERTEX_POINT('',#12049);
#3654=VERTEX_POINT('',#12051);
#3655=VERTEX_POINT('',#12054);
#3656=VERTEX_POINT('',#12055);
#3657=VERTEX_POINT('',#12057);
#3658=VERTEX_POINT('',#12059);
#3659=VERTEX_POINT('',#12075);
#3660=VERTEX_POINT('',#12079);
#3661=VERTEX_POINT('',#12083);
#3662=VERTEX_POINT('',#12085);
#3663=VERTEX_POINT('',#12088);
#3664=VERTEX_POINT('',#12089);
#3665=VERTEX_POINT('',#12091);
#3666=VERTEX_POINT('',#12093);
#3667=VERTEX_POINT('',#12109);
#3668=VERTEX_POINT('',#12113);
#3669=VERTEX_POINT('',#12117);
#3670=VERTEX_POINT('',#12119);
#3671=VERTEX_POINT('',#12122);
#3672=VERTEX_POINT('',#12123);
#3673=VERTEX_POINT('',#12125);
#3674=VERTEX_POINT('',#12127);
#3675=VERTEX_POINT('',#12149);
#3676=VERTEX_POINT('',#12150);
#3677=VERTEX_POINT('',#12155);
#3678=VERTEX_POINT('',#12156);
#3679=VERTEX_POINT('',#12161);
#3680=VERTEX_POINT('',#12163);
#3681=VERTEX_POINT('',#12167);
#3682=VERTEX_POINT('',#12169);
#3683=VERTEX_POINT('',#12175);
#3684=VERTEX_POINT('',#12179);
#3685=VERTEX_POINT('',#12183);
#3686=VERTEX_POINT('',#12187);
#3687=VERTEX_POINT('',#12198);
#3688=VERTEX_POINT('',#12200);
#3689=VERTEX_POINT('',#12204);
#3690=VERTEX_POINT('',#12208);
#3691=VERTEX_POINT('',#12216);
#3692=VERTEX_POINT('',#12217);
#3693=VERTEX_POINT('',#12222);
#3694=VERTEX_POINT('',#12223);
#3695=VERTEX_POINT('',#12228);
#3696=VERTEX_POINT('',#12230);
#3697=VERTEX_POINT('',#12234);
#3698=VERTEX_POINT('',#12236);
#3699=VERTEX_POINT('',#12242);
#3700=VERTEX_POINT('',#12246);
#3701=VERTEX_POINT('',#12250);
#3702=VERTEX_POINT('',#12254);
#3703=VERTEX_POINT('',#12265);
#3704=VERTEX_POINT('',#12267);
#3705=VERTEX_POINT('',#12271);
#3706=VERTEX_POINT('',#12275);
#3707=VERTEX_POINT('',#12283);
#3708=VERTEX_POINT('',#12284);
#3709=VERTEX_POINT('',#12289);
#3710=VERTEX_POINT('',#12290);
#3711=VERTEX_POINT('',#12295);
#3712=VERTEX_POINT('',#12297);
#3713=VERTEX_POINT('',#12301);
#3714=VERTEX_POINT('',#12303);
#3715=VERTEX_POINT('',#12309);
#3716=VERTEX_POINT('',#12313);
#3717=VERTEX_POINT('',#12317);
#3718=VERTEX_POINT('',#12321);
#3719=VERTEX_POINT('',#12332);
#3720=VERTEX_POINT('',#12334);
#3721=VERTEX_POINT('',#12338);
#3722=VERTEX_POINT('',#12342);
#3723=VERTEX_POINT('',#12350);
#3724=VERTEX_POINT('',#12351);
#3725=VERTEX_POINT('',#12356);
#3726=VERTEX_POINT('',#12357);
#3727=VERTEX_POINT('',#12362);
#3728=VERTEX_POINT('',#12364);
#3729=VERTEX_POINT('',#12368);
#3730=VERTEX_POINT('',#12370);
#3731=VERTEX_POINT('',#12376);
#3732=VERTEX_POINT('',#12380);
#3733=VERTEX_POINT('',#12384);
#3734=VERTEX_POINT('',#12388);
#3735=VERTEX_POINT('',#12399);
#3736=VERTEX_POINT('',#12401);
#3737=VERTEX_POINT('',#12405);
#3738=VERTEX_POINT('',#12409);
#3739=VERTEX_POINT('',#12417);
#3740=VERTEX_POINT('',#12418);
#3741=VERTEX_POINT('',#12423);
#3742=VERTEX_POINT('',#12424);
#3743=VERTEX_POINT('',#12429);
#3744=VERTEX_POINT('',#12431);
#3745=VERTEX_POINT('',#12435);
#3746=VERTEX_POINT('',#12437);
#3747=VERTEX_POINT('',#12443);
#3748=VERTEX_POINT('',#12447);
#3749=VERTEX_POINT('',#12451);
#3750=VERTEX_POINT('',#12455);
#3751=VERTEX_POINT('',#12466);
#3752=VERTEX_POINT('',#12468);
#3753=VERTEX_POINT('',#12472);
#3754=VERTEX_POINT('',#12476);
#3755=VERTEX_POINT('',#12484);
#3756=VERTEX_POINT('',#12485);
#3757=VERTEX_POINT('',#12490);
#3758=VERTEX_POINT('',#12491);
#3759=VERTEX_POINT('',#12496);
#3760=VERTEX_POINT('',#12498);
#3761=VERTEX_POINT('',#12502);
#3762=VERTEX_POINT('',#12504);
#3763=VERTEX_POINT('',#12510);
#3764=VERTEX_POINT('',#12514);
#3765=VERTEX_POINT('',#12518);
#3766=VERTEX_POINT('',#12522);
#3767=VERTEX_POINT('',#12533);
#3768=VERTEX_POINT('',#12535);
#3769=VERTEX_POINT('',#12539);
#3770=VERTEX_POINT('',#12543);
#3771=VERTEX_POINT('',#12551);
#3772=VERTEX_POINT('',#12552);
#3773=VERTEX_POINT('',#12557);
#3774=VERTEX_POINT('',#12558);
#3775=VERTEX_POINT('',#12563);
#3776=VERTEX_POINT('',#12565);
#3777=VERTEX_POINT('',#12569);
#3778=VERTEX_POINT('',#12571);
#3779=VERTEX_POINT('',#12577);
#3780=VERTEX_POINT('',#12581);
#3781=VERTEX_POINT('',#12585);
#3782=VERTEX_POINT('',#12589);
#3783=VERTEX_POINT('',#12600);
#3784=VERTEX_POINT('',#12602);
#3785=VERTEX_POINT('',#12606);
#3786=VERTEX_POINT('',#12610);
#3787=VERTEX_POINT('',#12618);
#3788=VERTEX_POINT('',#12619);
#3789=VERTEX_POINT('',#12624);
#3790=VERTEX_POINT('',#12625);
#3791=VERTEX_POINT('',#12630);
#3792=VERTEX_POINT('',#12632);
#3793=VERTEX_POINT('',#12636);
#3794=VERTEX_POINT('',#12638);
#3795=VERTEX_POINT('',#12644);
#3796=VERTEX_POINT('',#12648);
#3797=VERTEX_POINT('',#12652);
#3798=VERTEX_POINT('',#12656);
#3799=VERTEX_POINT('',#12667);
#3800=VERTEX_POINT('',#12669);
#3801=VERTEX_POINT('',#12673);
#3802=VERTEX_POINT('',#12677);
#3803=VERTEX_POINT('',#12685);
#3804=VERTEX_POINT('',#12686);
#3805=VERTEX_POINT('',#12691);
#3806=VERTEX_POINT('',#12692);
#3807=VERTEX_POINT('',#12697);
#3808=VERTEX_POINT('',#12699);
#3809=VERTEX_POINT('',#12703);
#3810=VERTEX_POINT('',#12705);
#3811=VERTEX_POINT('',#12711);
#3812=VERTEX_POINT('',#12715);
#3813=VERTEX_POINT('',#12719);
#3814=VERTEX_POINT('',#12723);
#3815=VERTEX_POINT('',#12734);
#3816=VERTEX_POINT('',#12736);
#3817=VERTEX_POINT('',#12740);
#3818=VERTEX_POINT('',#12744);
#3819=VERTEX_POINT('',#12752);
#3820=VERTEX_POINT('',#12753);
#3821=VERTEX_POINT('',#12758);
#3822=VERTEX_POINT('',#12759);
#3823=VERTEX_POINT('',#12764);
#3824=VERTEX_POINT('',#12766);
#3825=VERTEX_POINT('',#12770);
#3826=VERTEX_POINT('',#12772);
#3827=VERTEX_POINT('',#12778);
#3828=VERTEX_POINT('',#12782);
#3829=VERTEX_POINT('',#12786);
#3830=VERTEX_POINT('',#12790);
#3831=VERTEX_POINT('',#12801);
#3832=VERTEX_POINT('',#12803);
#3833=VERTEX_POINT('',#12807);
#3834=VERTEX_POINT('',#12811);
#3835=VERTEX_POINT('',#12819);
#3836=VERTEX_POINT('',#12820);
#3837=VERTEX_POINT('',#12825);
#3838=VERTEX_POINT('',#12826);
#3839=VERTEX_POINT('',#12831);
#3840=VERTEX_POINT('',#12833);
#3841=VERTEX_POINT('',#12837);
#3842=VERTEX_POINT('',#12839);
#3843=VERTEX_POINT('',#12845);
#3844=VERTEX_POINT('',#12849);
#3845=VERTEX_POINT('',#12853);
#3846=VERTEX_POINT('',#12857);
#3847=VERTEX_POINT('',#12868);
#3848=VERTEX_POINT('',#12870);
#3849=VERTEX_POINT('',#12874);
#3850=VERTEX_POINT('',#12878);
#3851=VERTEX_POINT('',#12886);
#3852=VERTEX_POINT('',#12887);
#3853=VERTEX_POINT('',#12892);
#3854=VERTEX_POINT('',#12893);
#3855=VERTEX_POINT('',#12898);
#3856=VERTEX_POINT('',#12900);
#3857=VERTEX_POINT('',#12904);
#3858=VERTEX_POINT('',#12906);
#3859=VERTEX_POINT('',#12912);
#3860=VERTEX_POINT('',#12916);
#3861=VERTEX_POINT('',#12920);
#3862=VERTEX_POINT('',#12924);
#3863=VERTEX_POINT('',#12935);
#3864=VERTEX_POINT('',#12937);
#3865=VERTEX_POINT('',#12941);
#3866=VERTEX_POINT('',#12945);
#3867=VERTEX_POINT('',#12953);
#3868=VERTEX_POINT('',#12954);
#3869=VERTEX_POINT('',#12959);
#3870=VERTEX_POINT('',#12960);
#3871=VERTEX_POINT('',#12965);
#3872=VERTEX_POINT('',#12967);
#3873=VERTEX_POINT('',#12971);
#3874=VERTEX_POINT('',#12973);
#3875=VERTEX_POINT('',#12979);
#3876=VERTEX_POINT('',#12983);
#3877=VERTEX_POINT('',#12987);
#3878=VERTEX_POINT('',#12991);
#3879=VERTEX_POINT('',#13002);
#3880=VERTEX_POINT('',#13004);
#3881=VERTEX_POINT('',#13008);
#3882=VERTEX_POINT('',#13012);
#3883=VERTEX_POINT('',#13019);
#3884=VERTEX_POINT('',#13020);
#3885=VERTEX_POINT('',#13025);
#3886=VERTEX_POINT('',#13026);
#3887=VERTEX_POINT('',#13031);
#3888=VERTEX_POINT('',#13033);
#3889=VERTEX_POINT('',#13037);
#3890=VERTEX_POINT('',#13039);
#3891=VERTEX_POINT('',#13045);
#3892=VERTEX_POINT('',#13049);
#3893=VERTEX_POINT('',#13053);
#3894=VERTEX_POINT('',#13057);
#3895=VERTEX_POINT('',#13068);
#3896=VERTEX_POINT('',#13070);
#3897=VERTEX_POINT('',#13074);
#3898=VERTEX_POINT('',#13078);
#3899=VERTEX_POINT('',#13136);
#3900=VERTEX_POINT('',#13137);
#3901=VERTEX_POINT('',#13149);
#3902=VERTEX_POINT('',#13183);
#3903=VERTEX_POINT('',#13239);
#3904=VERTEX_POINT('',#13240);
#3905=VERTEX_POINT('',#13252);
#3906=VERTEX_POINT('',#13286);
#3907=VERTEX_POINT('',#13342);
#3908=VERTEX_POINT('',#13343);
#3909=VERTEX_POINT('',#13355);
#3910=VERTEX_POINT('',#13389);
#3911=VERTEX_POINT('',#13445);
#3912=VERTEX_POINT('',#13446);
#3913=VERTEX_POINT('',#13458);
#3914=VERTEX_POINT('',#13492);
#3915=VERTEX_POINT('',#13548);
#3916=VERTEX_POINT('',#13549);
#3917=VERTEX_POINT('',#13561);
#3918=VERTEX_POINT('',#13595);
#3919=VERTEX_POINT('',#13651);
#3920=VERTEX_POINT('',#13652);
#3921=VERTEX_POINT('',#13664);
#3922=VERTEX_POINT('',#13698);
#3923=VERTEX_POINT('',#13754);
#3924=VERTEX_POINT('',#13755);
#3925=VERTEX_POINT('',#13767);
#3926=VERTEX_POINT('',#13801);
#3927=VERTEX_POINT('',#13857);
#3928=VERTEX_POINT('',#13858);
#3929=VERTEX_POINT('',#13870);
#3930=VERTEX_POINT('',#13904);
#3931=VERTEX_POINT('',#13960);
#3932=VERTEX_POINT('',#13961);
#3933=VERTEX_POINT('',#13973);
#3934=VERTEX_POINT('',#14007);
#3935=VERTEX_POINT('',#14063);
#3936=VERTEX_POINT('',#14064);
#3937=VERTEX_POINT('',#14076);
#3938=VERTEX_POINT('',#14110);
#3939=VERTEX_POINT('',#14166);
#3940=VERTEX_POINT('',#14167);
#3941=VERTEX_POINT('',#14179);
#3942=VERTEX_POINT('',#14213);
#3943=VERTEX_POINT('',#14269);
#3944=VERTEX_POINT('',#14270);
#3945=VERTEX_POINT('',#14282);
#3946=VERTEX_POINT('',#14316);
#3947=VERTEX_POINT('',#14372);
#3948=VERTEX_POINT('',#14373);
#3949=VERTEX_POINT('',#14385);
#3950=VERTEX_POINT('',#14419);
#3951=VERTEX_POINT('',#14475);
#3952=VERTEX_POINT('',#14476);
#3953=VERTEX_POINT('',#14488);
#3954=VERTEX_POINT('',#14522);
#3955=VERTEX_POINT('',#14529);
#3956=VERTEX_POINT('',#14530);
#3957=VERTEX_POINT('',#14532);
#3958=VERTEX_POINT('',#14534);
#3959=VERTEX_POINT('',#14538);
#3960=VERTEX_POINT('',#14540);
#3961=VERTEX_POINT('',#14544);
#3962=VERTEX_POINT('',#14546);
#3963=VERTEX_POINT('',#14555);
#3964=VERTEX_POINT('',#14557);
#3965=VERTEX_POINT('',#14561);
#3966=VERTEX_POINT('',#14563);
#3967=VERTEX_POINT('',#14567);
#3968=VERTEX_POINT('',#14569);
#3969=VERTEX_POINT('',#14573);
#3970=VERTEX_POINT('',#14575);
#3971=VERTEX_POINT('',#14579);
#3972=VERTEX_POINT('',#14581);
#3973=VERTEX_POINT('',#14585);
#3974=VERTEX_POINT('',#14587);
#3975=VERTEX_POINT('',#14591);
#3976=VERTEX_POINT('',#14593);
#3977=VERTEX_POINT('',#14597);
#3978=VERTEX_POINT('',#14599);
#3979=VERTEX_POINT('',#14603);
#3980=VERTEX_POINT('',#14605);
#3981=VERTEX_POINT('',#14609);
#3982=VERTEX_POINT('',#14611);
#3983=VERTEX_POINT('',#14615);
#3984=VERTEX_POINT('',#14617);
#3985=VERTEX_POINT('',#14621);
#3986=VERTEX_POINT('',#14623);
#3987=VERTEX_POINT('',#14627);
#3988=VERTEX_POINT('',#14629);
#3989=VERTEX_POINT('',#14633);
#3990=VERTEX_POINT('',#14635);
#3991=VERTEX_POINT('',#14639);
#3992=VERTEX_POINT('',#14641);
#3993=VERTEX_POINT('',#14645);
#3994=VERTEX_POINT('',#14647);
#3995=VERTEX_POINT('',#14651);
#3996=VERTEX_POINT('',#14653);
#3997=VERTEX_POINT('',#14657);
#3998=VERTEX_POINT('',#14659);
#3999=VERTEX_POINT('',#14663);
#4000=VERTEX_POINT('',#14664);
#4001=VERTEX_POINT('',#14666);
#4002=VERTEX_POINT('',#14668);
#4003=VERTEX_POINT('',#14672);
#4004=VERTEX_POINT('',#14674);
#4005=VERTEX_POINT('',#14678);
#4006=VERTEX_POINT('',#14680);
#4007=EDGE_CURVE('',#3335,#3336,#1391,.T.);
#4008=EDGE_CURVE('',#3337,#3335,#1392,.T.);
#4009=EDGE_CURVE('',#3338,#3337,#1393,.T.);
#4010=EDGE_CURVE('',#3338,#3336,#1394,.T.);
#4011=EDGE_CURVE('',#3339,#3337,#1395,.T.);
#4012=EDGE_CURVE('',#3339,#3340,#1396,.T.);
#4013=EDGE_CURVE('',#3338,#3340,#1397,.T.);
#4014=EDGE_CURVE('',#3341,#3342,#1398,.T.);
#4015=EDGE_CURVE('',#3343,#3341,#1399,.T.);
#4016=EDGE_CURVE('',#3344,#3343,#1400,.T.);
#4017=EDGE_CURVE('',#3342,#3344,#1401,.T.);
#4018=EDGE_CURVE('',#3345,#3346,#1402,.T.);
#4019=EDGE_CURVE('',#3347,#3345,#1403,.T.);
#4020=EDGE_CURVE('',#3348,#3347,#1404,.T.);
#4021=EDGE_CURVE('',#3348,#3349,#1405,.T.);
#4022=EDGE_CURVE('',#3350,#3349,#1406,.T.);
#4023=EDGE_CURVE('',#3346,#3350,#1407,.T.);
#4024=EDGE_CURVE('',#3351,#3352,#1408,.T.);
#4025=EDGE_CURVE('',#3353,#3351,#1409,.T.);
#4026=EDGE_CURVE('',#3354,#3353,#1410,.T.);
#4027=EDGE_CURVE('',#3354,#3355,#1411,.T.);
#4028=EDGE_CURVE('',#3356,#3355,#1412,.T.);
#4029=EDGE_CURVE('',#3352,#3356,#1413,.T.);
#4030=EDGE_CURVE('',#3357,#3358,#1414,.T.);
#4031=EDGE_CURVE('',#3359,#3357,#1415,.T.);
#4032=EDGE_CURVE('',#3360,#3359,#1416,.T.);
#4033=EDGE_CURVE('',#3360,#3361,#1417,.T.);
#4034=EDGE_CURVE('',#3362,#3361,#1418,.T.);
#4035=EDGE_CURVE('',#3358,#3362,#1419,.T.);
#4036=EDGE_CURVE('',#3363,#3364,#1420,.T.);
#4037=EDGE_CURVE('',#3365,#3363,#1421,.T.);
#4038=EDGE_CURVE('',#3366,#3365,#1422,.T.);
#4039=EDGE_CURVE('',#3366,#3367,#1423,.T.);
#4040=EDGE_CURVE('',#3368,#3367,#1424,.T.);
#4041=EDGE_CURVE('',#3364,#3368,#1425,.T.);
#4042=EDGE_CURVE('',#3369,#3370,#1426,.T.);
#4043=EDGE_CURVE('',#3371,#3369,#1427,.T.);
#4044=EDGE_CURVE('',#3372,#3371,#1428,.T.);
#4045=EDGE_CURVE('',#3372,#3373,#1429,.T.);
#4046=EDGE_CURVE('',#3374,#3373,#1430,.T.);
#4047=EDGE_CURVE('',#3370,#3374,#1431,.T.);
#4048=EDGE_CURVE('',#3375,#3376,#1432,.T.);
#4049=EDGE_CURVE('',#3377,#3375,#1433,.T.);
#4050=EDGE_CURVE('',#3378,#3377,#1434,.T.);
#4051=EDGE_CURVE('',#3378,#3379,#1435,.T.);
#4052=EDGE_CURVE('',#3380,#3379,#1436,.T.);
#4053=EDGE_CURVE('',#3376,#3380,#1437,.T.);
#4054=EDGE_CURVE('',#3381,#3382,#1438,.T.);
#4055=EDGE_CURVE('',#3383,#3381,#1439,.T.);
#4056=EDGE_CURVE('',#3384,#3383,#1440,.T.);
#4057=EDGE_CURVE('',#3384,#3385,#1441,.T.);
#4058=EDGE_CURVE('',#3386,#3385,#1442,.T.);
#4059=EDGE_CURVE('',#3382,#3386,#1443,.T.);
#4060=EDGE_CURVE('',#3387,#3388,#1444,.T.);
#4061=EDGE_CURVE('',#3389,#3387,#1445,.T.);
#4062=EDGE_CURVE('',#3390,#3389,#1446,.T.);
#4063=EDGE_CURVE('',#3390,#3391,#1447,.T.);
#4064=EDGE_CURVE('',#3392,#3391,#1448,.T.);
#4065=EDGE_CURVE('',#3388,#3392,#1449,.T.);
#4066=EDGE_CURVE('',#3393,#3394,#1450,.T.);
#4067=EDGE_CURVE('',#3395,#3393,#1451,.T.);
#4068=EDGE_CURVE('',#3396,#3395,#1452,.T.);
#4069=EDGE_CURVE('',#3396,#3397,#1453,.T.);
#4070=EDGE_CURVE('',#3398,#3397,#1454,.T.);
#4071=EDGE_CURVE('',#3394,#3398,#1455,.T.);
#4072=EDGE_CURVE('',#3399,#3400,#1456,.T.);
#4073=EDGE_CURVE('',#3401,#3399,#1457,.T.);
#4074=EDGE_CURVE('',#3402,#3401,#1458,.T.);
#4075=EDGE_CURVE('',#3402,#3403,#1459,.T.);
#4076=EDGE_CURVE('',#3404,#3403,#1460,.T.);
#4077=EDGE_CURVE('',#3400,#3404,#1461,.T.);
#4078=EDGE_CURVE('',#3405,#3406,#1462,.T.);
#4079=EDGE_CURVE('',#3407,#3405,#1463,.T.);
#4080=EDGE_CURVE('',#3408,#3407,#1464,.T.);
#4081=EDGE_CURVE('',#3408,#3409,#1465,.T.);
#4082=EDGE_CURVE('',#3410,#3409,#1466,.T.);
#4083=EDGE_CURVE('',#3406,#3410,#1467,.T.);
#4084=EDGE_CURVE('',#3411,#3412,#1468,.T.);
#4085=EDGE_CURVE('',#3413,#3411,#1469,.T.);
#4086=EDGE_CURVE('',#3414,#3413,#1470,.T.);
#4087=EDGE_CURVE('',#3414,#3415,#1471,.T.);
#4088=EDGE_CURVE('',#3416,#3415,#1472,.T.);
#4089=EDGE_CURVE('',#3412,#3416,#1473,.T.);
#4090=EDGE_CURVE('',#3417,#3418,#1474,.T.);
#4091=EDGE_CURVE('',#3419,#3417,#1475,.T.);
#4092=EDGE_CURVE('',#3420,#3419,#1476,.T.);
#4093=EDGE_CURVE('',#3420,#3421,#1477,.T.);
#4094=EDGE_CURVE('',#3422,#3421,#1478,.T.);
#4095=EDGE_CURVE('',#3418,#3422,#1479,.T.);
#4096=EDGE_CURVE('',#3342,#3423,#1480,.T.);
#4097=EDGE_CURVE('',#3424,#3423,#1481,.T.);
#4098=EDGE_CURVE('',#3341,#3424,#1482,.T.);
#4099=EDGE_CURVE('',#3424,#3425,#1483,.T.);
#4100=EDGE_CURVE('',#3426,#3425,#1484,.T.);
#4101=EDGE_CURVE('',#3343,#3426,#1485,.T.);
#4102=EDGE_CURVE('',#3427,#3426,#1486,.T.);
#4103=EDGE_CURVE('',#3344,#3427,#1487,.T.);
#4104=EDGE_CURVE('',#3428,#3427,#1488,.T.);
#4105=EDGE_CURVE('',#3423,#3428,#1489,.T.);
#4106=EDGE_CURVE('',#3429,#3423,#1490,.T.);
#4107=EDGE_CURVE('',#3430,#3428,#1491,.T.);
#4108=EDGE_CURVE('',#3429,#3430,#1492,.T.);
#4109=EDGE_CURVE('',#3424,#3431,#1493,.T.);
#4110=EDGE_CURVE('',#3431,#3429,#1494,.T.);
#4111=EDGE_CURVE('',#3432,#3433,#1495,.T.);
#4112=EDGE_CURVE('',#3432,#3434,#1496,.T.);
#4113=EDGE_CURVE('',#3434,#3435,#1497,.T.);
#4114=EDGE_CURVE('',#3433,#3435,#1498,.T.);
#4115=EDGE_CURVE('',#3431,#3436,#1499,.T.);
#4116=EDGE_CURVE('',#3425,#3436,#1500,.T.);
#4117=EDGE_CURVE('',#3336,#3437,#1501,.T.);
#4118=EDGE_CURVE('',#3437,#3438,#1502,.T.);
#4119=EDGE_CURVE('',#3438,#3439,#1503,.T.);
#4120=EDGE_CURVE('',#3439,#3440,#1504,.T.);
#4121=EDGE_CURVE('',#3440,#3441,#1505,.T.);
#4122=EDGE_CURVE('',#3441,#3442,#1506,.T.);
#4123=EDGE_CURVE('',#3442,#3443,#1507,.T.);
#4124=EDGE_CURVE('',#3443,#3444,#1508,.T.);
#4125=EDGE_CURVE('',#3444,#3445,#1509,.T.);
#4126=EDGE_CURVE('',#3445,#3446,#1510,.T.);
#4127=EDGE_CURVE('',#3446,#3447,#1511,.T.);
#4128=EDGE_CURVE('',#3447,#3448,#1512,.T.);
#4129=EDGE_CURVE('',#3448,#3449,#1513,.T.);
#4130=EDGE_CURVE('',#3449,#3450,#1514,.T.);
#4131=EDGE_CURVE('',#3450,#3451,#1515,.T.);
#4132=EDGE_CURVE('',#3451,#3452,#1516,.T.);
#4133=EDGE_CURVE('',#3452,#3453,#1517,.T.);
#4134=EDGE_CURVE('',#3453,#3454,#1518,.T.);
#4135=EDGE_CURVE('',#3454,#3455,#1519,.T.);
#4136=EDGE_CURVE('',#3455,#3456,#1520,.T.);
#4137=EDGE_CURVE('',#3456,#3457,#1521,.T.);
#4138=EDGE_CURVE('',#3457,#3458,#1522,.T.);
#4139=EDGE_CURVE('',#3458,#3459,#1523,.T.);
#4140=EDGE_CURVE('',#3459,#3460,#1524,.T.);
#4141=EDGE_CURVE('',#3460,#3461,#1525,.T.);
#4142=EDGE_CURVE('',#3461,#3462,#1526,.T.);
#4143=EDGE_CURVE('',#3462,#3463,#1527,.T.);
#4144=EDGE_CURVE('',#3463,#3464,#1528,.T.);
#4145=EDGE_CURVE('',#3464,#3465,#1529,.T.);
#4146=EDGE_CURVE('',#3465,#3466,#1530,.T.);
#4147=EDGE_CURVE('',#3466,#3467,#1531,.T.);
#4148=EDGE_CURVE('',#3467,#3468,#1532,.T.);
#4149=EDGE_CURVE('',#3468,#3469,#1533,.T.);
#4150=EDGE_CURVE('',#3469,#3470,#1534,.T.);
#4151=EDGE_CURVE('',#3470,#3471,#1535,.T.);
#4152=EDGE_CURVE('',#3471,#3472,#1536,.T.);
#4153=EDGE_CURVE('',#3472,#3473,#1537,.T.);
#4154=EDGE_CURVE('',#3473,#3474,#1538,.T.);
#4155=EDGE_CURVE('',#3474,#3475,#1539,.T.);
#4156=EDGE_CURVE('',#3475,#3430,#1540,.T.);
#4157=EDGE_CURVE('',#3436,#3476,#1541,.T.);
#4158=EDGE_CURVE('',#3476,#3477,#1542,.T.);
#4159=EDGE_CURVE('',#3477,#3478,#1543,.T.);
#4160=EDGE_CURVE('',#3478,#3479,#1544,.T.);
#4161=EDGE_CURVE('',#3479,#3480,#1545,.T.);
#4162=EDGE_CURVE('',#3480,#3481,#1546,.T.);
#4163=EDGE_CURVE('',#3481,#3482,#1547,.T.);
#4164=EDGE_CURVE('',#3482,#3483,#1548,.T.);
#4165=EDGE_CURVE('',#3483,#3484,#1549,.T.);
#4166=EDGE_CURVE('',#3484,#3485,#1550,.T.);
#4167=EDGE_CURVE('',#3485,#3486,#1551,.T.);
#4168=EDGE_CURVE('',#3486,#3487,#1552,.T.);
#4169=EDGE_CURVE('',#3487,#3488,#1553,.T.);
#4170=EDGE_CURVE('',#3488,#3489,#1554,.T.);
#4171=EDGE_CURVE('',#3489,#3490,#1555,.T.);
#4172=EDGE_CURVE('',#3490,#3491,#1556,.T.);
#4173=EDGE_CURVE('',#3491,#3492,#1557,.T.);
#4174=EDGE_CURVE('',#3492,#3493,#1558,.T.);
#4175=EDGE_CURVE('',#3493,#3494,#1559,.T.);
#4176=EDGE_CURVE('',#3494,#3495,#1560,.T.);
#4177=EDGE_CURVE('',#3495,#3496,#1561,.T.);
#4178=EDGE_CURVE('',#3496,#3497,#1562,.T.);
#4179=EDGE_CURVE('',#3497,#3498,#1563,.T.);
#4180=EDGE_CURVE('',#3498,#3499,#1564,.T.);
#4181=EDGE_CURVE('',#3499,#3500,#1565,.T.);
#4182=EDGE_CURVE('',#3500,#3501,#1566,.T.);
#4183=EDGE_CURVE('',#3501,#3502,#1567,.T.);
#4184=EDGE_CURVE('',#3502,#3503,#1568,.T.);
#4185=EDGE_CURVE('',#3503,#3504,#1569,.T.);
#4186=EDGE_CURVE('',#3504,#3505,#1570,.T.);
#4187=EDGE_CURVE('',#3505,#3506,#1571,.T.);
#4188=EDGE_CURVE('',#3506,#3507,#1572,.T.);
#4189=EDGE_CURVE('',#3507,#3508,#1573,.T.);
#4190=EDGE_CURVE('',#3508,#3509,#1574,.T.);
#4191=EDGE_CURVE('',#3509,#3510,#1575,.T.);
#4192=EDGE_CURVE('',#3510,#3511,#1576,.T.);
#4193=EDGE_CURVE('',#3511,#3512,#1577,.T.);
#4194=EDGE_CURVE('',#3512,#3513,#1578,.T.);
#4195=EDGE_CURVE('',#3513,#3514,#1579,.T.);
#4196=EDGE_CURVE('',#3514,#3335,#1580,.T.);
#4197=EDGE_CURVE('',#3515,#3516,#1581,.T.);
#4198=EDGE_CURVE('',#3516,#3517,#1582,.T.);
#4199=EDGE_CURVE('',#3518,#3517,#1583,.T.);
#4200=EDGE_CURVE('',#3515,#3518,#1584,.T.);
#4201=EDGE_CURVE('',#3519,#3520,#1585,.T.);
#4202=EDGE_CURVE('',#3520,#3521,#1586,.T.);
#4203=EDGE_CURVE('',#3522,#3521,#1587,.T.);
#4204=EDGE_CURVE('',#3519,#3522,#1588,.T.);
#4205=EDGE_CURVE('',#3523,#3524,#1589,.T.);
#4206=EDGE_CURVE('',#3524,#3525,#1590,.T.);
#4207=EDGE_CURVE('',#3526,#3525,#1591,.T.);
#4208=EDGE_CURVE('',#3523,#3526,#1592,.T.);
#4209=EDGE_CURVE('',#3527,#3528,#1593,.T.);
#4210=EDGE_CURVE('',#3528,#3529,#1594,.T.);
#4211=EDGE_CURVE('',#3530,#3529,#1595,.T.);
#4212=EDGE_CURVE('',#3527,#3530,#1596,.T.);
#4213=EDGE_CURVE('',#3531,#3532,#1597,.T.);
#4214=EDGE_CURVE('',#3532,#3533,#1598,.T.);
#4215=EDGE_CURVE('',#3534,#3533,#1599,.T.);
#4216=EDGE_CURVE('',#3531,#3534,#1600,.T.);
#4217=EDGE_CURVE('',#3535,#3536,#1601,.T.);
#4218=EDGE_CURVE('',#3536,#3537,#1602,.T.);
#4219=EDGE_CURVE('',#3538,#3537,#1603,.T.);
#4220=EDGE_CURVE('',#3535,#3538,#1604,.T.);
#4221=EDGE_CURVE('',#3539,#3540,#1605,.T.);
#4222=EDGE_CURVE('',#3540,#3541,#1606,.T.);
#4223=EDGE_CURVE('',#3542,#3541,#1607,.T.);
#4224=EDGE_CURVE('',#3539,#3542,#1608,.T.);
#4225=EDGE_CURVE('',#3543,#3544,#1609,.T.);
#4226=EDGE_CURVE('',#3544,#3545,#1610,.T.);
#4227=EDGE_CURVE('',#3546,#3545,#1611,.T.);
#4228=EDGE_CURVE('',#3543,#3546,#1612,.T.);
#4229=EDGE_CURVE('',#3547,#3548,#1613,.T.);
#4230=EDGE_CURVE('',#3548,#3549,#1614,.T.);
#4231=EDGE_CURVE('',#3550,#3549,#1615,.T.);
#4232=EDGE_CURVE('',#3547,#3550,#1616,.T.);
#4233=EDGE_CURVE('',#3551,#3552,#1617,.T.);
#4234=EDGE_CURVE('',#3552,#3553,#1618,.T.);
#4235=EDGE_CURVE('',#3554,#3553,#1619,.T.);
#4236=EDGE_CURVE('',#3551,#3554,#1620,.T.);
#4237=EDGE_CURVE('',#3555,#3556,#1621,.T.);
#4238=EDGE_CURVE('',#3556,#3557,#1622,.T.);
#4239=EDGE_CURVE('',#3558,#3557,#1623,.T.);
#4240=EDGE_CURVE('',#3555,#3558,#1624,.T.);
#4241=EDGE_CURVE('',#3559,#3560,#1625,.T.);
#4242=EDGE_CURVE('',#3560,#3561,#1626,.T.);
#4243=EDGE_CURVE('',#3562,#3561,#1627,.T.);
#4244=EDGE_CURVE('',#3559,#3562,#1628,.T.);
#4245=EDGE_CURVE('',#3563,#3564,#1629,.T.);
#4246=EDGE_CURVE('',#3564,#3565,#1630,.T.);
#4247=EDGE_CURVE('',#3566,#3565,#1631,.T.);
#4248=EDGE_CURVE('',#3563,#3566,#1632,.T.);
#4249=EDGE_CURVE('',#3567,#3568,#1633,.T.);
#4250=EDGE_CURVE('',#3568,#3569,#1634,.T.);
#4251=EDGE_CURVE('',#3570,#3569,#1635,.T.);
#4252=EDGE_CURVE('',#3567,#3570,#1636,.T.);
#4253=EDGE_CURVE('',#3340,#3571,#1637,.T.);
#4254=EDGE_CURVE('',#3571,#3437,#1638,.T.);
#4255=EDGE_CURVE('',#3339,#3572,#1639,.T.);
#4256=EDGE_CURVE('',#3572,#3571,#1640,.T.);
#4257=EDGE_CURVE('',#3573,#3572,#1641,.T.);
#4258=EDGE_CURVE('',#3573,#3574,#1642,.T.);
#4259=EDGE_CURVE('',#3571,#3574,#1643,.T.);
#4260=EDGE_CURVE('',#3575,#3576,#1644,.T.);
#4261=EDGE_CURVE('',#3575,#3577,#1645,.T.);
#4262=EDGE_CURVE('',#3577,#3578,#1646,.T.);
#4263=EDGE_CURVE('',#3576,#3578,#1647,.T.);
#4264=EDGE_CURVE('',#3572,#3514,#1648,.T.);
#4265=EDGE_CURVE('',#3573,#3513,#1649,.T.);
#4266=EDGE_CURVE('',#3417,#3573,#1650,.T.);
#4267=EDGE_CURVE('',#3419,#3512,#1651,.T.);
#4268=EDGE_CURVE('',#3418,#3574,#1652,.T.);
#4269=EDGE_CURVE('',#3422,#3439,#1653,.T.);
#4270=EDGE_CURVE('',#3574,#3438,#1654,.T.);
#4271=EDGE_CURVE('',#3421,#3579,#1655,.T.);
#4272=EDGE_CURVE('',#3579,#3440,#1656,.T.);
#4273=EDGE_CURVE('',#3420,#3580,#1657,.T.);
#4274=EDGE_CURVE('',#3580,#3579,#1658,.T.);
#4275=EDGE_CURVE('',#3581,#3580,#1659,.T.);
#4276=EDGE_CURVE('',#3581,#3582,#1660,.T.);
#4277=EDGE_CURVE('',#3579,#3582,#1661,.T.);
#4278=EDGE_CURVE('',#3583,#3584,#1662,.T.);
#4279=EDGE_CURVE('',#3583,#3585,#1663,.T.);
#4280=EDGE_CURVE('',#3585,#3586,#1664,.T.);
#4281=EDGE_CURVE('',#3584,#3586,#1665,.T.);
#4282=EDGE_CURVE('',#3580,#3511,#1666,.T.);
#4283=EDGE_CURVE('',#3581,#3510,#1667,.T.);
#4284=EDGE_CURVE('',#3411,#3581,#1668,.T.);
#4285=EDGE_CURVE('',#3413,#3509,#1669,.T.);
#4286=EDGE_CURVE('',#3412,#3582,#1670,.T.);
#4287=EDGE_CURVE('',#3416,#3442,#1671,.T.);
#4288=EDGE_CURVE('',#3582,#3441,#1672,.T.);
#4289=EDGE_CURVE('',#3415,#3587,#1673,.T.);
#4290=EDGE_CURVE('',#3587,#3443,#1674,.T.);
#4291=EDGE_CURVE('',#3414,#3588,#1675,.T.);
#4292=EDGE_CURVE('',#3588,#3587,#1676,.T.);
#4293=EDGE_CURVE('',#3589,#3588,#1677,.T.);
#4294=EDGE_CURVE('',#3589,#3590,#1678,.T.);
#4295=EDGE_CURVE('',#3587,#3590,#1679,.T.);
#4296=EDGE_CURVE('',#3591,#3592,#1680,.T.);
#4297=EDGE_CURVE('',#3591,#3593,#1681,.T.);
#4298=EDGE_CURVE('',#3593,#3594,#1682,.T.);
#4299=EDGE_CURVE('',#3592,#3594,#1683,.T.);
#4300=EDGE_CURVE('',#3588,#3508,#1684,.T.);
#4301=EDGE_CURVE('',#3589,#3507,#1685,.T.);
#4302=EDGE_CURVE('',#3405,#3589,#1686,.T.);
#4303=EDGE_CURVE('',#3407,#3506,#1687,.T.);
#4304=EDGE_CURVE('',#3406,#3590,#1688,.T.);
#4305=EDGE_CURVE('',#3410,#3445,#1689,.T.);
#4306=EDGE_CURVE('',#3590,#3444,#1690,.T.);
#4307=EDGE_CURVE('',#3409,#3595,#1691,.T.);
#4308=EDGE_CURVE('',#3595,#3446,#1692,.T.);
#4309=EDGE_CURVE('',#3408,#3596,#1693,.T.);
#4310=EDGE_CURVE('',#3596,#3595,#1694,.T.);
#4311=EDGE_CURVE('',#3597,#3596,#1695,.T.);
#4312=EDGE_CURVE('',#3597,#3598,#1696,.T.);
#4313=EDGE_CURVE('',#3595,#3598,#1697,.T.);
#4314=EDGE_CURVE('',#3599,#3600,#1698,.T.);
#4315=EDGE_CURVE('',#3599,#3601,#1699,.T.);
#4316=EDGE_CURVE('',#3601,#3602,#1700,.T.);
#4317=EDGE_CURVE('',#3600,#3602,#1701,.T.);
#4318=EDGE_CURVE('',#3596,#3505,#1702,.T.);
#4319=EDGE_CURVE('',#3597,#3504,#1703,.T.);
#4320=EDGE_CURVE('',#3399,#3597,#1704,.T.);
#4321=EDGE_CURVE('',#3401,#3503,#1705,.T.);
#4322=EDGE_CURVE('',#3400,#3598,#1706,.T.);
#4323=EDGE_CURVE('',#3404,#3448,#1707,.T.);
#4324=EDGE_CURVE('',#3598,#3447,#1708,.T.);
#4325=EDGE_CURVE('',#3403,#3603,#1709,.T.);
#4326=EDGE_CURVE('',#3603,#3449,#1710,.T.);
#4327=EDGE_CURVE('',#3402,#3604,#1711,.T.);
#4328=EDGE_CURVE('',#3604,#3603,#1712,.T.);
#4329=EDGE_CURVE('',#3605,#3604,#1713,.T.);
#4330=EDGE_CURVE('',#3605,#3606,#1714,.T.);
#4331=EDGE_CURVE('',#3603,#3606,#1715,.T.);
#4332=EDGE_CURVE('',#3607,#3608,#1716,.T.);
#4333=EDGE_CURVE('',#3607,#3609,#1717,.T.);
#4334=EDGE_CURVE('',#3609,#3610,#1718,.T.);
#4335=EDGE_CURVE('',#3608,#3610,#1719,.T.);
#4336=EDGE_CURVE('',#3604,#3502,#1720,.T.);
#4337=EDGE_CURVE('',#3605,#3501,#1721,.T.);
#4338=EDGE_CURVE('',#3393,#3605,#1722,.T.);
#4339=EDGE_CURVE('',#3395,#3500,#1723,.T.);
#4340=EDGE_CURVE('',#3394,#3606,#1724,.T.);
#4341=EDGE_CURVE('',#3398,#3451,#1725,.T.);
#4342=EDGE_CURVE('',#3606,#3450,#1726,.T.);
#4343=EDGE_CURVE('',#3397,#3611,#1727,.T.);
#4344=EDGE_CURVE('',#3611,#3452,#1728,.T.);
#4345=EDGE_CURVE('',#3396,#3612,#1729,.T.);
#4346=EDGE_CURVE('',#3612,#3611,#1730,.T.);
#4347=EDGE_CURVE('',#3613,#3612,#1731,.T.);
#4348=EDGE_CURVE('',#3613,#3614,#1732,.T.);
#4349=EDGE_CURVE('',#3611,#3614,#1733,.T.);
#4350=EDGE_CURVE('',#3615,#3616,#1734,.T.);
#4351=EDGE_CURVE('',#3615,#3617,#1735,.T.);
#4352=EDGE_CURVE('',#3617,#3618,#1736,.T.);
#4353=EDGE_CURVE('',#3616,#3618,#1737,.T.);
#4354=EDGE_CURVE('',#3612,#3499,#1738,.T.);
#4355=EDGE_CURVE('',#3613,#3498,#1739,.T.);
#4356=EDGE_CURVE('',#3387,#3613,#1740,.T.);
#4357=EDGE_CURVE('',#3389,#3497,#1741,.T.);
#4358=EDGE_CURVE('',#3388,#3614,#1742,.T.);
#4359=EDGE_CURVE('',#3392,#3454,#1743,.T.);
#4360=EDGE_CURVE('',#3614,#3453,#1744,.T.);
#4361=EDGE_CURVE('',#3391,#3619,#1745,.T.);
#4362=EDGE_CURVE('',#3619,#3455,#1746,.T.);
#4363=EDGE_CURVE('',#3390,#3620,#1747,.T.);
#4364=EDGE_CURVE('',#3620,#3619,#1748,.T.);
#4365=EDGE_CURVE('',#3621,#3620,#1749,.T.);
#4366=EDGE_CURVE('',#3621,#3622,#1750,.T.);
#4367=EDGE_CURVE('',#3619,#3622,#1751,.T.);
#4368=EDGE_CURVE('',#3623,#3624,#1752,.T.);
#4369=EDGE_CURVE('',#3623,#3625,#1753,.T.);
#4370=EDGE_CURVE('',#3625,#3626,#1754,.T.);
#4371=EDGE_CURVE('',#3624,#3626,#1755,.T.);
#4372=EDGE_CURVE('',#3620,#3496,#1756,.T.);
#4373=EDGE_CURVE('',#3621,#3495,#1757,.T.);
#4374=EDGE_CURVE('',#3381,#3621,#1758,.T.);
#4375=EDGE_CURVE('',#3383,#3494,#1759,.T.);
#4376=EDGE_CURVE('',#3382,#3622,#1760,.T.);
#4377=EDGE_CURVE('',#3386,#3457,#1761,.T.);
#4378=EDGE_CURVE('',#3622,#3456,#1762,.T.);
#4379=EDGE_CURVE('',#3385,#3627,#1763,.T.);
#4380=EDGE_CURVE('',#3627,#3458,#1764,.T.);
#4381=EDGE_CURVE('',#3384,#3628,#1765,.T.);
#4382=EDGE_CURVE('',#3628,#3627,#1766,.T.);
#4383=EDGE_CURVE('',#3629,#3628,#1767,.T.);
#4384=EDGE_CURVE('',#3629,#3630,#1768,.T.);
#4385=EDGE_CURVE('',#3627,#3630,#1769,.T.);
#4386=EDGE_CURVE('',#3631,#3632,#1770,.T.);
#4387=EDGE_CURVE('',#3631,#3633,#1771,.T.);
#4388=EDGE_CURVE('',#3633,#3634,#1772,.T.);
#4389=EDGE_CURVE('',#3632,#3634,#1773,.T.);
#4390=EDGE_CURVE('',#3628,#3493,#1774,.T.);
#4391=EDGE_CURVE('',#3629,#3492,#1775,.T.);
#4392=EDGE_CURVE('',#3375,#3629,#1776,.T.);
#4393=EDGE_CURVE('',#3377,#3491,#1777,.T.);
#4394=EDGE_CURVE('',#3376,#3630,#1778,.T.);
#4395=EDGE_CURVE('',#3380,#3460,#1779,.T.);
#4396=EDGE_CURVE('',#3630,#3459,#1780,.T.);
#4397=EDGE_CURVE('',#3379,#3635,#1781,.T.);
#4398=EDGE_CURVE('',#3635,#3461,#1782,.T.);
#4399=EDGE_CURVE('',#3378,#3636,#1783,.T.);
#4400=EDGE_CURVE('',#3636,#3635,#1784,.T.);
#4401=EDGE_CURVE('',#3637,#3636,#1785,.T.);
#4402=EDGE_CURVE('',#3637,#3638,#1786,.T.);
#4403=EDGE_CURVE('',#3635,#3638,#1787,.T.);
#4404=EDGE_CURVE('',#3639,#3640,#1788,.T.);
#4405=EDGE_CURVE('',#3639,#3641,#1789,.T.);
#4406=EDGE_CURVE('',#3641,#3642,#1790,.T.);
#4407=EDGE_CURVE('',#3640,#3642,#1791,.T.);
#4408=EDGE_CURVE('',#3636,#3490,#1792,.T.);
#4409=EDGE_CURVE('',#3637,#3489,#1793,.T.);
#4410=EDGE_CURVE('',#3369,#3637,#1794,.T.);
#4411=EDGE_CURVE('',#3371,#3488,#1795,.T.);
#4412=EDGE_CURVE('',#3370,#3638,#1796,.T.);
#4413=EDGE_CURVE('',#3374,#3463,#1797,.T.);
#4414=EDGE_CURVE('',#3638,#3462,#1798,.T.);
#4415=EDGE_CURVE('',#3373,#3643,#1799,.T.);
#4416=EDGE_CURVE('',#3643,#3464,#1800,.T.);
#4417=EDGE_CURVE('',#3372,#3644,#1801,.T.);
#4418=EDGE_CURVE('',#3644,#3643,#1802,.T.);
#4419=EDGE_CURVE('',#3645,#3644,#1803,.T.);
#4420=EDGE_CURVE('',#3645,#3646,#1804,.T.);
#4421=EDGE_CURVE('',#3643,#3646,#1805,.T.);
#4422=EDGE_CURVE('',#3647,#3648,#1806,.T.);
#4423=EDGE_CURVE('',#3647,#3649,#1807,.T.);
#4424=EDGE_CURVE('',#3649,#3650,#1808,.T.);
#4425=EDGE_CURVE('',#3648,#3650,#1809,.T.);
#4426=EDGE_CURVE('',#3644,#3487,#1810,.T.);
#4427=EDGE_CURVE('',#3645,#3486,#1811,.T.);
#4428=EDGE_CURVE('',#3363,#3645,#1812,.T.);
#4429=EDGE_CURVE('',#3365,#3485,#1813,.T.);
#4430=EDGE_CURVE('',#3364,#3646,#1814,.T.);
#4431=EDGE_CURVE('',#3368,#3466,#1815,.T.);
#4432=EDGE_CURVE('',#3646,#3465,#1816,.T.);
#4433=EDGE_CURVE('',#3367,#3651,#1817,.T.);
#4434=EDGE_CURVE('',#3651,#3467,#1818,.T.);
#4435=EDGE_CURVE('',#3366,#3652,#1819,.T.);
#4436=EDGE_CURVE('',#3652,#3651,#1820,.T.);
#4437=EDGE_CURVE('',#3653,#3652,#1821,.T.);
#4438=EDGE_CURVE('',#3653,#3654,#1822,.T.);
#4439=EDGE_CURVE('',#3651,#3654,#1823,.T.);
#4440=EDGE_CURVE('',#3655,#3656,#1824,.T.);
#4441=EDGE_CURVE('',#3655,#3657,#1825,.T.);
#4442=EDGE_CURVE('',#3657,#3658,#1826,.T.);
#4443=EDGE_CURVE('',#3656,#3658,#1827,.T.);
#4444=EDGE_CURVE('',#3652,#3484,#1828,.T.);
#4445=EDGE_CURVE('',#3653,#3483,#1829,.T.);
#4446=EDGE_CURVE('',#3357,#3653,#1830,.T.);
#4447=EDGE_CURVE('',#3359,#3482,#1831,.T.);
#4448=EDGE_CURVE('',#3358,#3654,#1832,.T.);
#4449=EDGE_CURVE('',#3362,#3469,#1833,.T.);
#4450=EDGE_CURVE('',#3654,#3468,#1834,.T.);
#4451=EDGE_CURVE('',#3361,#3659,#1835,.T.);
#4452=EDGE_CURVE('',#3659,#3470,#1836,.T.);
#4453=EDGE_CURVE('',#3360,#3660,#1837,.T.);
#4454=EDGE_CURVE('',#3660,#3659,#1838,.T.);
#4455=EDGE_CURVE('',#3661,#3660,#1839,.T.);
#4456=EDGE_CURVE('',#3661,#3662,#1840,.T.);
#4457=EDGE_CURVE('',#3659,#3662,#1841,.T.);
#4458=EDGE_CURVE('',#3663,#3664,#1842,.T.);
#4459=EDGE_CURVE('',#3663,#3665,#1843,.T.);
#4460=EDGE_CURVE('',#3665,#3666,#1844,.T.);
#4461=EDGE_CURVE('',#3664,#3666,#1845,.T.);
#4462=EDGE_CURVE('',#3660,#3481,#1846,.T.);
#4463=EDGE_CURVE('',#3661,#3480,#1847,.T.);
#4464=EDGE_CURVE('',#3351,#3661,#1848,.T.);
#4465=EDGE_CURVE('',#3353,#3479,#1849,.T.);
#4466=EDGE_CURVE('',#3352,#3662,#1850,.T.);
#4467=EDGE_CURVE('',#3356,#3472,#1851,.T.);
#4468=EDGE_CURVE('',#3662,#3471,#1852,.T.);
#4469=EDGE_CURVE('',#3355,#3667,#1853,.T.);
#4470=EDGE_CURVE('',#3667,#3473,#1854,.T.);
#4471=EDGE_CURVE('',#3354,#3668,#1855,.T.);
#4472=EDGE_CURVE('',#3668,#3667,#1856,.T.);
#4473=EDGE_CURVE('',#3669,#3668,#1857,.T.);
#4474=EDGE_CURVE('',#3669,#3670,#1858,.T.);
#4475=EDGE_CURVE('',#3667,#3670,#1859,.T.);
#4476=EDGE_CURVE('',#3671,#3672,#1860,.T.);
#4477=EDGE_CURVE('',#3671,#3673,#1861,.T.);
#4478=EDGE_CURVE('',#3673,#3674,#1862,.T.);
#4479=EDGE_CURVE('',#3672,#3674,#1863,.T.);
#4480=EDGE_CURVE('',#3668,#3478,#1864,.T.);
#4481=EDGE_CURVE('',#3669,#3477,#1865,.T.);
#4482=EDGE_CURVE('',#3345,#3669,#1866,.T.);
#4483=EDGE_CURVE('',#3347,#3476,#1867,.T.);
#4484=EDGE_CURVE('',#3346,#3670,#1868,.T.);
#4485=EDGE_CURVE('',#3350,#3475,#1869,.T.);
#4486=EDGE_CURVE('',#3670,#3474,#1870,.T.);
#4487=EDGE_CURVE('',#3349,#3429,#1871,.T.);
#4488=EDGE_CURVE('',#3348,#3431,#1872,.T.);
#4489=EDGE_CURVE('',#3675,#3676,#1873,.T.);
#4490=EDGE_CURVE('',#3520,#3676,#1874,.T.);
#4491=EDGE_CURVE('',#3675,#3519,#1875,.T.);
#4492=EDGE_CURVE('',#3677,#3678,#1876,.T.);
#4493=EDGE_CURVE('',#3671,#3678,#1877,.T.);
#4494=EDGE_CURVE('',#3677,#3672,#1878,.T.);
#4495=EDGE_CURVE('',#3679,#3675,#1879,.T.);
#4496=EDGE_CURVE('',#3679,#3680,#1880,.T.);
#4497=EDGE_CURVE('',#3680,#3676,#1881,.T.);
#4498=EDGE_CURVE('',#3681,#3676,#1882,.T.);
#4499=EDGE_CURVE('',#3682,#3680,#1883,.T.);
#4500=EDGE_CURVE('',#3682,#3681,#1884,.T.);
#4501=EDGE_CURVE('',#3521,#3681,#1885,.T.);
#4502=EDGE_CURVE('',#3683,#3677,#1886,.T.);
#4503=EDGE_CURVE('',#3683,#3674,#1887,.T.);
#4504=EDGE_CURVE('',#3681,#3684,#1888,.T.);
#4505=EDGE_CURVE('',#3684,#3522,#1889,.T.);
#4506=EDGE_CURVE('',#3685,#3683,#1890,.T.);
#4507=EDGE_CURVE('',#3673,#3685,#1891,.T.);
#4508=EDGE_CURVE('',#3682,#3686,#1892,.T.);
#4509=EDGE_CURVE('',#3686,#3684,#1893,.T.);
#4510=EDGE_CURVE('',#3686,#3679,#1894,.T.);
#4511=EDGE_CURVE('',#3684,#3675,#1895,.T.);
#4512=EDGE_CURVE('',#3685,#3678,#1896,.T.);
#4513=EDGE_CURVE('',#3687,#3678,#1897,.T.);
#4514=EDGE_CURVE('',#3688,#3687,#1898,.T.);
#4515=EDGE_CURVE('',#3688,#3685,#1899,.T.);
#4516=EDGE_CURVE('',#3688,#3689,#1900,.T.);
#4517=EDGE_CURVE('',#3683,#3689,#1901,.T.);
#4518=EDGE_CURVE('',#3689,#3690,#1902,.T.);
#4519=EDGE_CURVE('',#3690,#3687,#1903,.T.);
#4520=EDGE_CURVE('',#3690,#3677,#1904,.T.);
#4521=EDGE_CURVE('',#3691,#3692,#1905,.T.);
#4522=EDGE_CURVE('',#3524,#3692,#1906,.T.);
#4523=EDGE_CURVE('',#3691,#3523,#1907,.T.);
#4524=EDGE_CURVE('',#3693,#3694,#1908,.T.);
#4525=EDGE_CURVE('',#3663,#3694,#1909,.T.);
#4526=EDGE_CURVE('',#3693,#3664,#1910,.T.);
#4527=EDGE_CURVE('',#3695,#3691,#1911,.T.);
#4528=EDGE_CURVE('',#3695,#3696,#1912,.T.);
#4529=EDGE_CURVE('',#3696,#3692,#1913,.T.);
#4530=EDGE_CURVE('',#3697,#3692,#1914,.T.);
#4531=EDGE_CURVE('',#3698,#3696,#1915,.T.);
#4532=EDGE_CURVE('',#3698,#3697,#1916,.T.);
#4533=EDGE_CURVE('',#3525,#3697,#1917,.T.);
#4534=EDGE_CURVE('',#3699,#3693,#1918,.T.);
#4535=EDGE_CURVE('',#3699,#3666,#1919,.T.);
#4536=EDGE_CURVE('',#3697,#3700,#1920,.T.);
#4537=EDGE_CURVE('',#3700,#3526,#1921,.T.);
#4538=EDGE_CURVE('',#3701,#3699,#1922,.T.);
#4539=EDGE_CURVE('',#3665,#3701,#1923,.T.);
#4540=EDGE_CURVE('',#3698,#3702,#1924,.T.);
#4541=EDGE_CURVE('',#3702,#3700,#1925,.T.);
#4542=EDGE_CURVE('',#3702,#3695,#1926,.T.);
#4543=EDGE_CURVE('',#3700,#3691,#1927,.T.);
#4544=EDGE_CURVE('',#3701,#3694,#1928,.T.);
#4545=EDGE_CURVE('',#3703,#3694,#1929,.T.);
#4546=EDGE_CURVE('',#3704,#3703,#1930,.T.);
#4547=EDGE_CURVE('',#3704,#3701,#1931,.T.);
#4548=EDGE_CURVE('',#3704,#3705,#1932,.T.);
#4549=EDGE_CURVE('',#3699,#3705,#1933,.T.);
#4550=EDGE_CURVE('',#3705,#3706,#1934,.T.);
#4551=EDGE_CURVE('',#3706,#3703,#1935,.T.);
#4552=EDGE_CURVE('',#3706,#3693,#1936,.T.);
#4553=EDGE_CURVE('',#3707,#3708,#1937,.T.);
#4554=EDGE_CURVE('',#3528,#3708,#1938,.T.);
#4555=EDGE_CURVE('',#3707,#3527,#1939,.T.);
#4556=EDGE_CURVE('',#3709,#3710,#1940,.T.);
#4557=EDGE_CURVE('',#3655,#3710,#1941,.T.);
#4558=EDGE_CURVE('',#3709,#3656,#1942,.T.);
#4559=EDGE_CURVE('',#3711,#3707,#1943,.T.);
#4560=EDGE_CURVE('',#3711,#3712,#1944,.T.);
#4561=EDGE_CURVE('',#3712,#3708,#1945,.T.);
#4562=EDGE_CURVE('',#3713,#3708,#1946,.T.);
#4563=EDGE_CURVE('',#3714,#3712,#1947,.T.);
#4564=EDGE_CURVE('',#3714,#3713,#1948,.T.);
#4565=EDGE_CURVE('',#3529,#3713,#1949,.T.);
#4566=EDGE_CURVE('',#3715,#3709,#1950,.T.);
#4567=EDGE_CURVE('',#3715,#3658,#1951,.T.);
#4568=EDGE_CURVE('',#3713,#3716,#1952,.T.);
#4569=EDGE_CURVE('',#3716,#3530,#1953,.T.);
#4570=EDGE_CURVE('',#3717,#3715,#1954,.T.);
#4571=EDGE_CURVE('',#3657,#3717,#1955,.T.);
#4572=EDGE_CURVE('',#3714,#3718,#1956,.T.);
#4573=EDGE_CURVE('',#3718,#3716,#1957,.T.);
#4574=EDGE_CURVE('',#3718,#3711,#1958,.T.);
#4575=EDGE_CURVE('',#3716,#3707,#1959,.T.);
#4576=EDGE_CURVE('',#3717,#3710,#1960,.T.);
#4577=EDGE_CURVE('',#3719,#3710,#1961,.T.);
#4578=EDGE_CURVE('',#3720,#3719,#1962,.T.);
#4579=EDGE_CURVE('',#3720,#3717,#1963,.T.);
#4580=EDGE_CURVE('',#3720,#3721,#1964,.T.);
#4581=EDGE_CURVE('',#3715,#3721,#1965,.T.);
#4582=EDGE_CURVE('',#3721,#3722,#1966,.T.);
#4583=EDGE_CURVE('',#3722,#3719,#1967,.T.);
#4584=EDGE_CURVE('',#3722,#3709,#1968,.T.);
#4585=EDGE_CURVE('',#3723,#3724,#1969,.T.);
#4586=EDGE_CURVE('',#3532,#3724,#1970,.T.);
#4587=EDGE_CURVE('',#3723,#3531,#1971,.T.);
#4588=EDGE_CURVE('',#3725,#3726,#1972,.T.);
#4589=EDGE_CURVE('',#3647,#3726,#1973,.T.);
#4590=EDGE_CURVE('',#3725,#3648,#1974,.T.);
#4591=EDGE_CURVE('',#3727,#3723,#1975,.T.);
#4592=EDGE_CURVE('',#3727,#3728,#1976,.T.);
#4593=EDGE_CURVE('',#3728,#3724,#1977,.T.);
#4594=EDGE_CURVE('',#3729,#3724,#1978,.T.);
#4595=EDGE_CURVE('',#3730,#3728,#1979,.T.);
#4596=EDGE_CURVE('',#3730,#3729,#1980,.T.);
#4597=EDGE_CURVE('',#3533,#3729,#1981,.T.);
#4598=EDGE_CURVE('',#3731,#3725,#1982,.T.);
#4599=EDGE_CURVE('',#3731,#3650,#1983,.T.);
#4600=EDGE_CURVE('',#3729,#3732,#1984,.T.);
#4601=EDGE_CURVE('',#3732,#3534,#1985,.T.);
#4602=EDGE_CURVE('',#3733,#3731,#1986,.T.);
#4603=EDGE_CURVE('',#3649,#3733,#1987,.T.);
#4604=EDGE_CURVE('',#3730,#3734,#1988,.T.);
#4605=EDGE_CURVE('',#3734,#3732,#1989,.T.);
#4606=EDGE_CURVE('',#3734,#3727,#1990,.T.);
#4607=EDGE_CURVE('',#3732,#3723,#1991,.T.);
#4608=EDGE_CURVE('',#3733,#3726,#1992,.T.);
#4609=EDGE_CURVE('',#3735,#3726,#1993,.T.);
#4610=EDGE_CURVE('',#3736,#3735,#1994,.T.);
#4611=EDGE_CURVE('',#3736,#3733,#1995,.T.);
#4612=EDGE_CURVE('',#3736,#3737,#1996,.T.);
#4613=EDGE_CURVE('',#3731,#3737,#1997,.T.);
#4614=EDGE_CURVE('',#3737,#3738,#1998,.T.);
#4615=EDGE_CURVE('',#3738,#3735,#1999,.T.);
#4616=EDGE_CURVE('',#3738,#3725,#2000,.T.);
#4617=EDGE_CURVE('',#3739,#3740,#2001,.T.);
#4618=EDGE_CURVE('',#3536,#3740,#2002,.T.);
#4619=EDGE_CURVE('',#3739,#3535,#2003,.T.);
#4620=EDGE_CURVE('',#3741,#3742,#2004,.T.);
#4621=EDGE_CURVE('',#3639,#3742,#2005,.T.);
#4622=EDGE_CURVE('',#3741,#3640,#2006,.T.);
#4623=EDGE_CURVE('',#3743,#3739,#2007,.T.);
#4624=EDGE_CURVE('',#3743,#3744,#2008,.T.);
#4625=EDGE_CURVE('',#3744,#3740,#2009,.T.);
#4626=EDGE_CURVE('',#3745,#3740,#2010,.T.);
#4627=EDGE_CURVE('',#3746,#3744,#2011,.T.);
#4628=EDGE_CURVE('',#3746,#3745,#2012,.T.);
#4629=EDGE_CURVE('',#3537,#3745,#2013,.T.);
#4630=EDGE_CURVE('',#3747,#3741,#2014,.T.);
#4631=EDGE_CURVE('',#3747,#3642,#2015,.T.);
#4632=EDGE_CURVE('',#3745,#3748,#2016,.T.);
#4633=EDGE_CURVE('',#3748,#3538,#2017,.T.);
#4634=EDGE_CURVE('',#3749,#3747,#2018,.T.);
#4635=EDGE_CURVE('',#3641,#3749,#2019,.T.);
#4636=EDGE_CURVE('',#3746,#3750,#2020,.T.);
#4637=EDGE_CURVE('',#3750,#3748,#2021,.T.);
#4638=EDGE_CURVE('',#3750,#3743,#2022,.T.);
#4639=EDGE_CURVE('',#3748,#3739,#2023,.T.);
#4640=EDGE_CURVE('',#3749,#3742,#2024,.T.);
#4641=EDGE_CURVE('',#3751,#3742,#2025,.T.);
#4642=EDGE_CURVE('',#3752,#3751,#2026,.T.);
#4643=EDGE_CURVE('',#3752,#3749,#2027,.T.);
#4644=EDGE_CURVE('',#3752,#3753,#2028,.T.);
#4645=EDGE_CURVE('',#3747,#3753,#2029,.T.);
#4646=EDGE_CURVE('',#3753,#3754,#2030,.T.);
#4647=EDGE_CURVE('',#3754,#3751,#2031,.T.);
#4648=EDGE_CURVE('',#3754,#3741,#2032,.T.);
#4649=EDGE_CURVE('',#3755,#3756,#2033,.T.);
#4650=EDGE_CURVE('',#3540,#3756,#2034,.T.);
#4651=EDGE_CURVE('',#3755,#3539,#2035,.T.);
#4652=EDGE_CURVE('',#3757,#3758,#2036,.T.);
#4653=EDGE_CURVE('',#3631,#3758,#2037,.T.);
#4654=EDGE_CURVE('',#3757,#3632,#2038,.T.);
#4655=EDGE_CURVE('',#3759,#3755,#2039,.T.);
#4656=EDGE_CURVE('',#3759,#3760,#2040,.T.);
#4657=EDGE_CURVE('',#3760,#3756,#2041,.T.);
#4658=EDGE_CURVE('',#3761,#3756,#2042,.T.);
#4659=EDGE_CURVE('',#3762,#3760,#2043,.T.);
#4660=EDGE_CURVE('',#3762,#3761,#2044,.T.);
#4661=EDGE_CURVE('',#3541,#3761,#2045,.T.);
#4662=EDGE_CURVE('',#3763,#3757,#2046,.T.);
#4663=EDGE_CURVE('',#3763,#3634,#2047,.T.);
#4664=EDGE_CURVE('',#3761,#3764,#2048,.T.);
#4665=EDGE_CURVE('',#3764,#3542,#2049,.T.);
#4666=EDGE_CURVE('',#3765,#3763,#2050,.T.);
#4667=EDGE_CURVE('',#3633,#3765,#2051,.T.);
#4668=EDGE_CURVE('',#3762,#3766,#2052,.T.);
#4669=EDGE_CURVE('',#3766,#3764,#2053,.T.);
#4670=EDGE_CURVE('',#3766,#3759,#2054,.T.);
#4671=EDGE_CURVE('',#3764,#3755,#2055,.T.);
#4672=EDGE_CURVE('',#3765,#3758,#2056,.T.);
#4673=EDGE_CURVE('',#3767,#3758,#2057,.T.);
#4674=EDGE_CURVE('',#3768,#3767,#2058,.T.);
#4675=EDGE_CURVE('',#3768,#3765,#2059,.T.);
#4676=EDGE_CURVE('',#3768,#3769,#2060,.T.);
#4677=EDGE_CURVE('',#3763,#3769,#2061,.T.);
#4678=EDGE_CURVE('',#3769,#3770,#2062,.T.);
#4679=EDGE_CURVE('',#3770,#3767,#2063,.T.);
#4680=EDGE_CURVE('',#3770,#3757,#2064,.T.);
#4681=EDGE_CURVE('',#3771,#3772,#2065,.T.);
#4682=EDGE_CURVE('',#3544,#3772,#2066,.T.);
#4683=EDGE_CURVE('',#3771,#3543,#2067,.T.);
#4684=EDGE_CURVE('',#3773,#3774,#2068,.T.);
#4685=EDGE_CURVE('',#3623,#3774,#2069,.T.);
#4686=EDGE_CURVE('',#3773,#3624,#2070,.T.);
#4687=EDGE_CURVE('',#3775,#3771,#2071,.T.);
#4688=EDGE_CURVE('',#3775,#3776,#2072,.T.);
#4689=EDGE_CURVE('',#3776,#3772,#2073,.T.);
#4690=EDGE_CURVE('',#3777,#3772,#2074,.T.);
#4691=EDGE_CURVE('',#3778,#3776,#2075,.T.);
#4692=EDGE_CURVE('',#3778,#3777,#2076,.T.);
#4693=EDGE_CURVE('',#3545,#3777,#2077,.T.);
#4694=EDGE_CURVE('',#3779,#3773,#2078,.T.);
#4695=EDGE_CURVE('',#3779,#3626,#2079,.T.);
#4696=EDGE_CURVE('',#3777,#3780,#2080,.T.);
#4697=EDGE_CURVE('',#3780,#3546,#2081,.T.);
#4698=EDGE_CURVE('',#3781,#3779,#2082,.T.);
#4699=EDGE_CURVE('',#3625,#3781,#2083,.T.);
#4700=EDGE_CURVE('',#3778,#3782,#2084,.T.);
#4701=EDGE_CURVE('',#3782,#3780,#2085,.T.);
#4702=EDGE_CURVE('',#3782,#3775,#2086,.T.);
#4703=EDGE_CURVE('',#3780,#3771,#2087,.T.);
#4704=EDGE_CURVE('',#3781,#3774,#2088,.T.);
#4705=EDGE_CURVE('',#3783,#3774,#2089,.T.);
#4706=EDGE_CURVE('',#3784,#3783,#2090,.T.);
#4707=EDGE_CURVE('',#3784,#3781,#2091,.T.);
#4708=EDGE_CURVE('',#3784,#3785,#2092,.T.);
#4709=EDGE_CURVE('',#3779,#3785,#2093,.T.);
#4710=EDGE_CURVE('',#3785,#3786,#2094,.T.);
#4711=EDGE_CURVE('',#3786,#3783,#2095,.T.);
#4712=EDGE_CURVE('',#3786,#3773,#2096,.T.);
#4713=EDGE_CURVE('',#3787,#3788,#2097,.T.);
#4714=EDGE_CURVE('',#3548,#3788,#2098,.T.);
#4715=EDGE_CURVE('',#3787,#3547,#2099,.T.);
#4716=EDGE_CURVE('',#3789,#3790,#2100,.T.);
#4717=EDGE_CURVE('',#3615,#3790,#2101,.T.);
#4718=EDGE_CURVE('',#3789,#3616,#2102,.T.);
#4719=EDGE_CURVE('',#3791,#3787,#2103,.T.);
#4720=EDGE_CURVE('',#3791,#3792,#2104,.T.);
#4721=EDGE_CURVE('',#3792,#3788,#2105,.T.);
#4722=EDGE_CURVE('',#3793,#3788,#2106,.T.);
#4723=EDGE_CURVE('',#3794,#3792,#2107,.T.);
#4724=EDGE_CURVE('',#3794,#3793,#2108,.T.);
#4725=EDGE_CURVE('',#3549,#3793,#2109,.T.);
#4726=EDGE_CURVE('',#3795,#3789,#2110,.T.);
#4727=EDGE_CURVE('',#3795,#3618,#2111,.T.);
#4728=EDGE_CURVE('',#3793,#3796,#2112,.T.);
#4729=EDGE_CURVE('',#3796,#3550,#2113,.T.);
#4730=EDGE_CURVE('',#3797,#3795,#2114,.T.);
#4731=EDGE_CURVE('',#3617,#3797,#2115,.T.);
#4732=EDGE_CURVE('',#3794,#3798,#2116,.T.);
#4733=EDGE_CURVE('',#3798,#3796,#2117,.T.);
#4734=EDGE_CURVE('',#3798,#3791,#2118,.T.);
#4735=EDGE_CURVE('',#3796,#3787,#2119,.T.);
#4736=EDGE_CURVE('',#3797,#3790,#2120,.T.);
#4737=EDGE_CURVE('',#3799,#3790,#2121,.T.);
#4738=EDGE_CURVE('',#3800,#3799,#2122,.T.);
#4739=EDGE_CURVE('',#3800,#3797,#2123,.T.);
#4740=EDGE_CURVE('',#3800,#3801,#2124,.T.);
#4741=EDGE_CURVE('',#3795,#3801,#2125,.T.);
#4742=EDGE_CURVE('',#3801,#3802,#2126,.T.);
#4743=EDGE_CURVE('',#3802,#3799,#2127,.T.);
#4744=EDGE_CURVE('',#3802,#3789,#2128,.T.);
#4745=EDGE_CURVE('',#3803,#3804,#2129,.T.);
#4746=EDGE_CURVE('',#3552,#3804,#2130,.T.);
#4747=EDGE_CURVE('',#3803,#3551,#2131,.T.);
#4748=EDGE_CURVE('',#3805,#3806,#2132,.T.);
#4749=EDGE_CURVE('',#3607,#3806,#2133,.T.);
#4750=EDGE_CURVE('',#3805,#3608,#2134,.T.);
#4751=EDGE_CURVE('',#3807,#3803,#2135,.T.);
#4752=EDGE_CURVE('',#3807,#3808,#2136,.T.);
#4753=EDGE_CURVE('',#3808,#3804,#2137,.T.);
#4754=EDGE_CURVE('',#3809,#3804,#2138,.T.);
#4755=EDGE_CURVE('',#3810,#3808,#2139,.T.);
#4756=EDGE_CURVE('',#3810,#3809,#2140,.T.);
#4757=EDGE_CURVE('',#3553,#3809,#2141,.T.);
#4758=EDGE_CURVE('',#3811,#3805,#2142,.T.);
#4759=EDGE_CURVE('',#3811,#3610,#2143,.T.);
#4760=EDGE_CURVE('',#3809,#3812,#2144,.T.);
#4761=EDGE_CURVE('',#3812,#3554,#2145,.T.);
#4762=EDGE_CURVE('',#3813,#3811,#2146,.T.);
#4763=EDGE_CURVE('',#3609,#3813,#2147,.T.);
#4764=EDGE_CURVE('',#3810,#3814,#2148,.T.);
#4765=EDGE_CURVE('',#3814,#3812,#2149,.T.);
#4766=EDGE_CURVE('',#3814,#3807,#2150,.T.);
#4767=EDGE_CURVE('',#3812,#3803,#2151,.T.);
#4768=EDGE_CURVE('',#3813,#3806,#2152,.T.);
#4769=EDGE_CURVE('',#3815,#3806,#2153,.T.);
#4770=EDGE_CURVE('',#3816,#3815,#2154,.T.);
#4771=EDGE_CURVE('',#3816,#3813,#2155,.T.);
#4772=EDGE_CURVE('',#3816,#3817,#2156,.T.);
#4773=EDGE_CURVE('',#3811,#3817,#2157,.T.);
#4774=EDGE_CURVE('',#3817,#3818,#2158,.T.);
#4775=EDGE_CURVE('',#3818,#3815,#2159,.T.);
#4776=EDGE_CURVE('',#3818,#3805,#2160,.T.);
#4777=EDGE_CURVE('',#3819,#3820,#2161,.T.);
#4778=EDGE_CURVE('',#3556,#3820,#2162,.T.);
#4779=EDGE_CURVE('',#3819,#3555,#2163,.T.);
#4780=EDGE_CURVE('',#3821,#3822,#2164,.T.);
#4781=EDGE_CURVE('',#3599,#3822,#2165,.T.);
#4782=EDGE_CURVE('',#3821,#3600,#2166,.T.);
#4783=EDGE_CURVE('',#3823,#3819,#2167,.T.);
#4784=EDGE_CURVE('',#3823,#3824,#2168,.T.);
#4785=EDGE_CURVE('',#3824,#3820,#2169,.T.);
#4786=EDGE_CURVE('',#3825,#3820,#2170,.T.);
#4787=EDGE_CURVE('',#3826,#3824,#2171,.T.);
#4788=EDGE_CURVE('',#3826,#3825,#2172,.T.);
#4789=EDGE_CURVE('',#3557,#3825,#2173,.T.);
#4790=EDGE_CURVE('',#3827,#3821,#2174,.T.);
#4791=EDGE_CURVE('',#3827,#3602,#2175,.T.);
#4792=EDGE_CURVE('',#3825,#3828,#2176,.T.);
#4793=EDGE_CURVE('',#3828,#3558,#2177,.T.);
#4794=EDGE_CURVE('',#3829,#3827,#2178,.T.);
#4795=EDGE_CURVE('',#3601,#3829,#2179,.T.);
#4796=EDGE_CURVE('',#3826,#3830,#2180,.T.);
#4797=EDGE_CURVE('',#3830,#3828,#2181,.T.);
#4798=EDGE_CURVE('',#3830,#3823,#2182,.T.);
#4799=EDGE_CURVE('',#3828,#3819,#2183,.T.);
#4800=EDGE_CURVE('',#3829,#3822,#2184,.T.);
#4801=EDGE_CURVE('',#3831,#3822,#2185,.T.);
#4802=EDGE_CURVE('',#3832,#3831,#2186,.T.);
#4803=EDGE_CURVE('',#3832,#3829,#2187,.T.);
#4804=EDGE_CURVE('',#3832,#3833,#2188,.T.);
#4805=EDGE_CURVE('',#3827,#3833,#2189,.T.);
#4806=EDGE_CURVE('',#3833,#3834,#2190,.T.);
#4807=EDGE_CURVE('',#3834,#3831,#2191,.T.);
#4808=EDGE_CURVE('',#3834,#3821,#2192,.T.);
#4809=EDGE_CURVE('',#3835,#3836,#2193,.T.);
#4810=EDGE_CURVE('',#3560,#3836,#2194,.T.);
#4811=EDGE_CURVE('',#3835,#3559,#2195,.T.);
#4812=EDGE_CURVE('',#3837,#3838,#2196,.T.);
#4813=EDGE_CURVE('',#3591,#3838,#2197,.T.);
#4814=EDGE_CURVE('',#3837,#3592,#2198,.T.);
#4815=EDGE_CURVE('',#3839,#3835,#2199,.T.);
#4816=EDGE_CURVE('',#3839,#3840,#2200,.T.);
#4817=EDGE_CURVE('',#3840,#3836,#2201,.T.);
#4818=EDGE_CURVE('',#3841,#3836,#2202,.T.);
#4819=EDGE_CURVE('',#3842,#3840,#2203,.T.);
#4820=EDGE_CURVE('',#3842,#3841,#2204,.T.);
#4821=EDGE_CURVE('',#3561,#3841,#2205,.T.);
#4822=EDGE_CURVE('',#3843,#3837,#2206,.T.);
#4823=EDGE_CURVE('',#3843,#3594,#2207,.T.);
#4824=EDGE_CURVE('',#3841,#3844,#2208,.T.);
#4825=EDGE_CURVE('',#3844,#3562,#2209,.T.);
#4826=EDGE_CURVE('',#3845,#3843,#2210,.T.);
#4827=EDGE_CURVE('',#3593,#3845,#2211,.T.);
#4828=EDGE_CURVE('',#3842,#3846,#2212,.T.);
#4829=EDGE_CURVE('',#3846,#3844,#2213,.T.);
#4830=EDGE_CURVE('',#3846,#3839,#2214,.T.);
#4831=EDGE_CURVE('',#3844,#3835,#2215,.T.);
#4832=EDGE_CURVE('',#3845,#3838,#2216,.T.);
#4833=EDGE_CURVE('',#3847,#3838,#2217,.T.);
#4834=EDGE_CURVE('',#3848,#3847,#2218,.T.);
#4835=EDGE_CURVE('',#3848,#3845,#2219,.T.);
#4836=EDGE_CURVE('',#3848,#3849,#2220,.T.);
#4837=EDGE_CURVE('',#3843,#3849,#2221,.T.);
#4838=EDGE_CURVE('',#3849,#3850,#2222,.T.);
#4839=EDGE_CURVE('',#3850,#3847,#2223,.T.);
#4840=EDGE_CURVE('',#3850,#3837,#2224,.T.);
#4841=EDGE_CURVE('',#3851,#3852,#2225,.T.);
#4842=EDGE_CURVE('',#3564,#3852,#2226,.T.);
#4843=EDGE_CURVE('',#3851,#3563,#2227,.T.);
#4844=EDGE_CURVE('',#3853,#3854,#2228,.T.);
#4845=EDGE_CURVE('',#3583,#3854,#2229,.T.);
#4846=EDGE_CURVE('',#3853,#3584,#2230,.T.);
#4847=EDGE_CURVE('',#3855,#3851,#2231,.T.);
#4848=EDGE_CURVE('',#3855,#3856,#2232,.T.);
#4849=EDGE_CURVE('',#3856,#3852,#2233,.T.);
#4850=EDGE_CURVE('',#3857,#3852,#2234,.T.);
#4851=EDGE_CURVE('',#3858,#3856,#2235,.T.);
#4852=EDGE_CURVE('',#3858,#3857,#2236,.T.);
#4853=EDGE_CURVE('',#3565,#3857,#2237,.T.);
#4854=EDGE_CURVE('',#3859,#3853,#2238,.T.);
#4855=EDGE_CURVE('',#3859,#3586,#2239,.T.);
#4856=EDGE_CURVE('',#3857,#3860,#2240,.T.);
#4857=EDGE_CURVE('',#3860,#3566,#2241,.T.);
#4858=EDGE_CURVE('',#3861,#3859,#2242,.T.);
#4859=EDGE_CURVE('',#3585,#3861,#2243,.T.);
#4860=EDGE_CURVE('',#3858,#3862,#2244,.T.);
#4861=EDGE_CURVE('',#3862,#3860,#2245,.T.);
#4862=EDGE_CURVE('',#3862,#3855,#2246,.T.);
#4863=EDGE_CURVE('',#3860,#3851,#2247,.T.);
#4864=EDGE_CURVE('',#3861,#3854,#2248,.T.);
#4865=EDGE_CURVE('',#3863,#3854,#2249,.T.);
#4866=EDGE_CURVE('',#3864,#3863,#2250,.T.);
#4867=EDGE_CURVE('',#3864,#3861,#2251,.T.);
#4868=EDGE_CURVE('',#3864,#3865,#2252,.T.);
#4869=EDGE_CURVE('',#3859,#3865,#2253,.T.);
#4870=EDGE_CURVE('',#3865,#3866,#2254,.T.);
#4871=EDGE_CURVE('',#3866,#3863,#2255,.T.);
#4872=EDGE_CURVE('',#3866,#3853,#2256,.T.);
#4873=EDGE_CURVE('',#3867,#3868,#2257,.T.);
#4874=EDGE_CURVE('',#3568,#3868,#2258,.T.);
#4875=EDGE_CURVE('',#3867,#3567,#2259,.T.);
#4876=EDGE_CURVE('',#3869,#3870,#2260,.T.);
#4877=EDGE_CURVE('',#3575,#3870,#2261,.T.);
#4878=EDGE_CURVE('',#3869,#3576,#2262,.T.);
#4879=EDGE_CURVE('',#3871,#3867,#2263,.T.);
#4880=EDGE_CURVE('',#3871,#3872,#2264,.T.);
#4881=EDGE_CURVE('',#3872,#3868,#2265,.T.);
#4882=EDGE_CURVE('',#3873,#3868,#2266,.T.);
#4883=EDGE_CURVE('',#3874,#3872,#2267,.T.);
#4884=EDGE_CURVE('',#3874,#3873,#2268,.T.);
#4885=EDGE_CURVE('',#3569,#3873,#2269,.T.);
#4886=EDGE_CURVE('',#3875,#3869,#2270,.T.);
#4887=EDGE_CURVE('',#3875,#3578,#2271,.T.);
#4888=EDGE_CURVE('',#3873,#3876,#2272,.T.);
#4889=EDGE_CURVE('',#3876,#3570,#2273,.T.);
#4890=EDGE_CURVE('',#3877,#3875,#2274,.T.);
#4891=EDGE_CURVE('',#3577,#3877,#2275,.T.);
#4892=EDGE_CURVE('',#3874,#3878,#2276,.T.);
#4893=EDGE_CURVE('',#3878,#3876,#2277,.T.);
#4894=EDGE_CURVE('',#3878,#3871,#2278,.T.);
#4895=EDGE_CURVE('',#3876,#3867,#2279,.T.);
#4896=EDGE_CURVE('',#3877,#3870,#2280,.T.);
#4897=EDGE_CURVE('',#3879,#3870,#2281,.T.);
#4898=EDGE_CURVE('',#3880,#3879,#2282,.T.);
#4899=EDGE_CURVE('',#3880,#3877,#2283,.T.);
#4900=EDGE_CURVE('',#3880,#3881,#2284,.T.);
#4901=EDGE_CURVE('',#3875,#3881,#2285,.T.);
#4902=EDGE_CURVE('',#3881,#3882,#2286,.T.);
#4903=EDGE_CURVE('',#3882,#3879,#2287,.T.);
#4904=EDGE_CURVE('',#3882,#3869,#2288,.T.);
#4905=EDGE_CURVE('',#3883,#3884,#2289,.T.);
#4906=EDGE_CURVE('',#3516,#3884,#2290,.T.);
#4907=EDGE_CURVE('',#3883,#3515,#2291,.T.);
#4908=EDGE_CURVE('',#3885,#3886,#2292,.T.);
#4909=EDGE_CURVE('',#3432,#3886,#2293,.T.);
#4910=EDGE_CURVE('',#3885,#3433,#2294,.T.);
#4911=EDGE_CURVE('',#3887,#3883,#2295,.T.);
#4912=EDGE_CURVE('',#3887,#3888,#2296,.T.);
#4913=EDGE_CURVE('',#3888,#3884,#2297,.T.);
#4914=EDGE_CURVE('',#3889,#3884,#2298,.T.);
#4915=EDGE_CURVE('',#3890,#3888,#2299,.T.);
#4916=EDGE_CURVE('',#3890,#3889,#2300,.T.);
#4917=EDGE_CURVE('',#3517,#3889,#2301,.T.);
#4918=EDGE_CURVE('',#3891,#3885,#2302,.T.);
#4919=EDGE_CURVE('',#3891,#3435,#2303,.T.);
#4920=EDGE_CURVE('',#3889,#3892,#2304,.T.);
#4921=EDGE_CURVE('',#3892,#3518,#2305,.T.);
#4922=EDGE_CURVE('',#3893,#3891,#2306,.T.);
#4923=EDGE_CURVE('',#3434,#3893,#2307,.T.);
#4924=EDGE_CURVE('',#3890,#3894,#2308,.T.);
#4925=EDGE_CURVE('',#3894,#3892,#2309,.T.);
#4926=EDGE_CURVE('',#3894,#3887,#2310,.T.);
#4927=EDGE_CURVE('',#3892,#3883,#2311,.T.);
#4928=EDGE_CURVE('',#3893,#3886,#2312,.T.);
#4929=EDGE_CURVE('',#3895,#3886,#2313,.T.);
#4930=EDGE_CURVE('',#3896,#3895,#2314,.T.);
#4931=EDGE_CURVE('',#3896,#3893,#2315,.T.);
#4932=EDGE_CURVE('',#3896,#3897,#2316,.T.);
#4933=EDGE_CURVE('',#3891,#3897,#2317,.T.);
#4934=EDGE_CURVE('',#3897,#3898,#2318,.T.);
#4935=EDGE_CURVE('',#3898,#3895,#2319,.T.);
#4936=EDGE_CURVE('',#3898,#3885,#2320,.T.);
#4937=EDGE_CURVE('',#3899,#3900,#102,.T.);
#4938=EDGE_CURVE('',#3900,#3900,#46,.T.);
#4939=EDGE_CURVE('',#3899,#3901,#47,.T.);
#4940=EDGE_CURVE('',#3901,#3899,#48,.T.);
#4941=EDGE_CURVE('',#3901,#3902,#49,.T.);
#4942=EDGE_CURVE('',#3902,#3902,#103,.T.);
#4943=EDGE_CURVE('',#3903,#3904,#104,.T.);
#4944=EDGE_CURVE('',#3904,#3904,#50,.T.);
#4945=EDGE_CURVE('',#3903,#3905,#51,.T.);
#4946=EDGE_CURVE('',#3905,#3903,#52,.T.);
#4947=EDGE_CURVE('',#3905,#3906,#53,.T.);
#4948=EDGE_CURVE('',#3906,#3906,#105,.T.);
#4949=EDGE_CURVE('',#3907,#3908,#106,.T.);
#4950=EDGE_CURVE('',#3908,#3908,#54,.T.);
#4951=EDGE_CURVE('',#3907,#3909,#55,.T.);
#4952=EDGE_CURVE('',#3909,#3907,#56,.T.);
#4953=EDGE_CURVE('',#3909,#3910,#57,.T.);
#4954=EDGE_CURVE('',#3910,#3910,#107,.T.);
#4955=EDGE_CURVE('',#3911,#3912,#108,.T.);
#4956=EDGE_CURVE('',#3912,#3912,#58,.T.);
#4957=EDGE_CURVE('',#3911,#3913,#59,.T.);
#4958=EDGE_CURVE('',#3913,#3911,#60,.T.);
#4959=EDGE_CURVE('',#3913,#3914,#61,.T.);
#4960=EDGE_CURVE('',#3914,#3914,#109,.T.);
#4961=EDGE_CURVE('',#3915,#3916,#110,.T.);
#4962=EDGE_CURVE('',#3916,#3916,#62,.T.);
#4963=EDGE_CURVE('',#3915,#3917,#63,.T.);
#4964=EDGE_CURVE('',#3917,#3915,#64,.T.);
#4965=EDGE_CURVE('',#3917,#3918,#65,.T.);
#4966=EDGE_CURVE('',#3918,#3918,#111,.T.);
#4967=EDGE_CURVE('',#3919,#3920,#112,.T.);
#4968=EDGE_CURVE('',#3920,#3920,#66,.T.);
#4969=EDGE_CURVE('',#3919,#3921,#67,.T.);
#4970=EDGE_CURVE('',#3921,#3919,#68,.T.);
#4971=EDGE_CURVE('',#3921,#3922,#69,.T.);
#4972=EDGE_CURVE('',#3922,#3922,#113,.T.);
#4973=EDGE_CURVE('',#3923,#3924,#114,.T.);
#4974=EDGE_CURVE('',#3924,#3924,#70,.T.);
#4975=EDGE_CURVE('',#3923,#3925,#71,.T.);
#4976=EDGE_CURVE('',#3925,#3923,#72,.T.);
#4977=EDGE_CURVE('',#3925,#3926,#73,.T.);
#4978=EDGE_CURVE('',#3926,#3926,#115,.T.);
#4979=EDGE_CURVE('',#3927,#3928,#116,.T.);
#4980=EDGE_CURVE('',#3928,#3928,#74,.T.);
#4981=EDGE_CURVE('',#3927,#3929,#75,.T.);
#4982=EDGE_CURVE('',#3929,#3927,#76,.T.);
#4983=EDGE_CURVE('',#3929,#3930,#77,.T.);
#4984=EDGE_CURVE('',#3930,#3930,#117,.T.);
#4985=EDGE_CURVE('',#3931,#3932,#118,.T.);
#4986=EDGE_CURVE('',#3932,#3932,#78,.T.);
#4987=EDGE_CURVE('',#3931,#3933,#79,.T.);
#4988=EDGE_CURVE('',#3933,#3931,#80,.T.);
#4989=EDGE_CURVE('',#3933,#3934,#81,.T.);
#4990=EDGE_CURVE('',#3934,#3934,#119,.T.);
#4991=EDGE_CURVE('',#3935,#3936,#120,.T.);
#4992=EDGE_CURVE('',#3936,#3936,#82,.T.);
#4993=EDGE_CURVE('',#3935,#3937,#83,.T.);
#4994=EDGE_CURVE('',#3937,#3935,#84,.T.);
#4995=EDGE_CURVE('',#3937,#3938,#85,.T.);
#4996=EDGE_CURVE('',#3938,#3938,#121,.T.);
#4997=EDGE_CURVE('',#3939,#3940,#122,.T.);
#4998=EDGE_CURVE('',#3940,#3940,#86,.T.);
#4999=EDGE_CURVE('',#3939,#3941,#87,.T.);
#5000=EDGE_CURVE('',#3941,#3939,#88,.T.);
#5001=EDGE_CURVE('',#3941,#3942,#89,.T.);
#5002=EDGE_CURVE('',#3942,#3942,#123,.T.);
#5003=EDGE_CURVE('',#3943,#3944,#124,.T.);
#5004=EDGE_CURVE('',#3944,#3944,#90,.T.);
#5005=EDGE_CURVE('',#3943,#3945,#91,.T.);
#5006=EDGE_CURVE('',#3945,#3943,#92,.T.);
#5007=EDGE_CURVE('',#3945,#3946,#93,.T.);
#5008=EDGE_CURVE('',#3946,#3946,#125,.T.);
#5009=EDGE_CURVE('',#3947,#3948,#126,.T.);
#5010=EDGE_CURVE('',#3948,#3948,#94,.T.);
#5011=EDGE_CURVE('',#3947,#3949,#95,.T.);
#5012=EDGE_CURVE('',#3949,#3947,#96,.T.);
#5013=EDGE_CURVE('',#3949,#3950,#97,.T.);
#5014=EDGE_CURVE('',#3950,#3950,#127,.T.);
#5015=EDGE_CURVE('',#3951,#3952,#128,.T.);
#5016=EDGE_CURVE('',#3952,#3952,#98,.T.);
#5017=EDGE_CURVE('',#3951,#3953,#99,.T.);
#5018=EDGE_CURVE('',#3953,#3951,#100,.T.);
#5019=EDGE_CURVE('',#3953,#3954,#101,.T.);
#5020=EDGE_CURVE('',#3954,#3954,#129,.T.);
#5021=EDGE_CURVE('',#3955,#3956,#2321,.T.);
#5022=EDGE_CURVE('',#3955,#3957,#2322,.T.);
#5023=EDGE_CURVE('',#3958,#3957,#2323,.T.);
#5024=EDGE_CURVE('',#3956,#3958,#2324,.T.);
#5025=EDGE_CURVE('',#3956,#3959,#2325,.T.);
#5026=EDGE_CURVE('',#3960,#3958,#2326,.T.);
#5027=EDGE_CURVE('',#3959,#3960,#2327,.T.);
#5028=EDGE_CURVE('',#3959,#3961,#2328,.T.);
#5029=EDGE_CURVE('',#3962,#3960,#2329,.T.);
#5030=EDGE_CURVE('',#3961,#3962,#2330,.T.);
#5031=EDGE_CURVE('',#3961,#3955,#2331,.T.);
#5032=EDGE_CURVE('',#3957,#3962,#2332,.T.);
#5033=EDGE_CURVE('',#3963,#3963,#130,.T.);
#5034=EDGE_CURVE('',#3963,#3964,#2333,.T.);
#5035=EDGE_CURVE('',#3964,#3964,#131,.T.);
#5036=EDGE_CURVE('',#3965,#3965,#132,.T.);
#5037=EDGE_CURVE('',#3965,#3966,#2334,.T.);
#5038=EDGE_CURVE('',#3966,#3966,#133,.T.);
#5039=EDGE_CURVE('',#3967,#3967,#134,.T.);
#5040=EDGE_CURVE('',#3967,#3968,#2335,.T.);
#5041=EDGE_CURVE('',#3968,#3968,#135,.T.);
#5042=EDGE_CURVE('',#3969,#3969,#136,.T.);
#5043=EDGE_CURVE('',#3969,#3970,#2336,.T.);
#5044=EDGE_CURVE('',#3970,#3970,#137,.T.);
#5045=EDGE_CURVE('',#3971,#3971,#138,.T.);
#5046=EDGE_CURVE('',#3971,#3972,#2337,.T.);
#5047=EDGE_CURVE('',#3972,#3972,#139,.T.);
#5048=EDGE_CURVE('',#3973,#3973,#140,.T.);
#5049=EDGE_CURVE('',#3973,#3974,#2338,.T.);
#5050=EDGE_CURVE('',#3974,#3974,#141,.T.);
#5051=EDGE_CURVE('',#3975,#3975,#142,.T.);
#5052=EDGE_CURVE('',#3975,#3976,#2339,.T.);
#5053=EDGE_CURVE('',#3976,#3976,#143,.T.);
#5054=EDGE_CURVE('',#3977,#3977,#144,.T.);
#5055=EDGE_CURVE('',#3977,#3978,#2340,.T.);
#5056=EDGE_CURVE('',#3978,#3978,#145,.T.);
#5057=EDGE_CURVE('',#3979,#3979,#146,.T.);
#5058=EDGE_CURVE('',#3979,#3980,#2341,.T.);
#5059=EDGE_CURVE('',#3980,#3980,#147,.T.);
#5060=EDGE_CURVE('',#3981,#3981,#148,.T.);
#5061=EDGE_CURVE('',#3981,#3982,#2342,.T.);
#5062=EDGE_CURVE('',#3982,#3982,#149,.T.);
#5063=EDGE_CURVE('',#3983,#3983,#150,.T.);
#5064=EDGE_CURVE('',#3983,#3984,#2343,.T.);
#5065=EDGE_CURVE('',#3984,#3984,#151,.T.);
#5066=EDGE_CURVE('',#3985,#3985,#152,.T.);
#5067=EDGE_CURVE('',#3985,#3986,#2344,.T.);
#5068=EDGE_CURVE('',#3986,#3986,#153,.T.);
#5069=EDGE_CURVE('',#3987,#3987,#154,.T.);
#5070=EDGE_CURVE('',#3987,#3988,#2345,.T.);
#5071=EDGE_CURVE('',#3988,#3988,#155,.T.);
#5072=EDGE_CURVE('',#3989,#3989,#156,.T.);
#5073=EDGE_CURVE('',#3989,#3990,#2346,.T.);
#5074=EDGE_CURVE('',#3990,#3990,#157,.T.);
#5075=EDGE_CURVE('',#3991,#3991,#158,.T.);
#5076=EDGE_CURVE('',#3991,#3992,#2347,.T.);
#5077=EDGE_CURVE('',#3992,#3992,#159,.T.);
#5078=EDGE_CURVE('',#3993,#3993,#160,.T.);
#5079=EDGE_CURVE('',#3993,#3994,#2348,.T.);
#5080=EDGE_CURVE('',#3994,#3994,#161,.T.);
#5081=EDGE_CURVE('',#3995,#3995,#162,.T.);
#5082=EDGE_CURVE('',#3995,#3996,#2349,.T.);
#5083=EDGE_CURVE('',#3996,#3996,#163,.T.);
#5084=EDGE_CURVE('',#3997,#3997,#164,.T.);
#5085=EDGE_CURVE('',#3997,#3998,#2350,.T.);
#5086=EDGE_CURVE('',#3998,#3998,#165,.T.);
#5087=EDGE_CURVE('',#3999,#4000,#2351,.T.);
#5088=EDGE_CURVE('',#3999,#4001,#2352,.T.);
#5089=EDGE_CURVE('',#4002,#4001,#2353,.T.);
#5090=EDGE_CURVE('',#4000,#4002,#2354,.T.);
#5091=EDGE_CURVE('',#4000,#4003,#2355,.T.);
#5092=EDGE_CURVE('',#4004,#4002,#2356,.T.);
#5093=EDGE_CURVE('',#4003,#4004,#2357,.T.);
#5094=EDGE_CURVE('',#4003,#4005,#2358,.T.);
#5095=EDGE_CURVE('',#4006,#4004,#2359,.T.);
#5096=EDGE_CURVE('',#4005,#4006,#2360,.T.);
#5097=EDGE_CURVE('',#4005,#3999,#2361,.T.);
#5098=EDGE_CURVE('',#4001,#4006,#2362,.T.);
#5099=ORIENTED_EDGE('',*,*,#4007,.F.);
#5100=ORIENTED_EDGE('',*,*,#4008,.F.);
#5101=ORIENTED_EDGE('',*,*,#4009,.F.);
#5102=ORIENTED_EDGE('',*,*,#4010,.T.);
#5103=ORIENTED_EDGE('',*,*,#4009,.T.);
#5104=ORIENTED_EDGE('',*,*,#4011,.F.);
#5105=ORIENTED_EDGE('',*,*,#4012,.T.);
#5106=ORIENTED_EDGE('',*,*,#4013,.F.);
#5107=ORIENTED_EDGE('',*,*,#4014,.F.);
#5108=ORIENTED_EDGE('',*,*,#4015,.F.);
#5109=ORIENTED_EDGE('',*,*,#4016,.F.);
#5110=ORIENTED_EDGE('',*,*,#4017,.F.);
#5111=ORIENTED_EDGE('',*,*,#4018,.F.);
#5112=ORIENTED_EDGE('',*,*,#4019,.F.);
#5113=ORIENTED_EDGE('',*,*,#4020,.F.);
#5114=ORIENTED_EDGE('',*,*,#4021,.T.);
#5115=ORIENTED_EDGE('',*,*,#4022,.F.);
#5116=ORIENTED_EDGE('',*,*,#4023,.F.);
#5117=ORIENTED_EDGE('',*,*,#4024,.F.);
#5118=ORIENTED_EDGE('',*,*,#4025,.F.);
#5119=ORIENTED_EDGE('',*,*,#4026,.F.);
#5120=ORIENTED_EDGE('',*,*,#4027,.T.);
#5121=ORIENTED_EDGE('',*,*,#4028,.F.);
#5122=ORIENTED_EDGE('',*,*,#4029,.F.);
#5123=ORIENTED_EDGE('',*,*,#4030,.F.);
#5124=ORIENTED_EDGE('',*,*,#4031,.F.);
#5125=ORIENTED_EDGE('',*,*,#4032,.F.);
#5126=ORIENTED_EDGE('',*,*,#4033,.T.);
#5127=ORIENTED_EDGE('',*,*,#4034,.F.);
#5128=ORIENTED_EDGE('',*,*,#4035,.F.);
#5129=ORIENTED_EDGE('',*,*,#4036,.F.);
#5130=ORIENTED_EDGE('',*,*,#4037,.F.);
#5131=ORIENTED_EDGE('',*,*,#4038,.F.);
#5132=ORIENTED_EDGE('',*,*,#4039,.T.);
#5133=ORIENTED_EDGE('',*,*,#4040,.F.);
#5134=ORIENTED_EDGE('',*,*,#4041,.F.);
#5135=ORIENTED_EDGE('',*,*,#4042,.F.);
#5136=ORIENTED_EDGE('',*,*,#4043,.F.);
#5137=ORIENTED_EDGE('',*,*,#4044,.F.);
#5138=ORIENTED_EDGE('',*,*,#4045,.T.);
#5139=ORIENTED_EDGE('',*,*,#4046,.F.);
#5140=ORIENTED_EDGE('',*,*,#4047,.F.);
#5141=ORIENTED_EDGE('',*,*,#4048,.F.);
#5142=ORIENTED_EDGE('',*,*,#4049,.F.);
#5143=ORIENTED_EDGE('',*,*,#4050,.F.);
#5144=ORIENTED_EDGE('',*,*,#4051,.T.);
#5145=ORIENTED_EDGE('',*,*,#4052,.F.);
#5146=ORIENTED_EDGE('',*,*,#4053,.F.);
#5147=ORIENTED_EDGE('',*,*,#4054,.F.);
#5148=ORIENTED_EDGE('',*,*,#4055,.F.);
#5149=ORIENTED_EDGE('',*,*,#4056,.F.);
#5150=ORIENTED_EDGE('',*,*,#4057,.T.);
#5151=ORIENTED_EDGE('',*,*,#4058,.F.);
#5152=ORIENTED_EDGE('',*,*,#4059,.F.);
#5153=ORIENTED_EDGE('',*,*,#4060,.F.);
#5154=ORIENTED_EDGE('',*,*,#4061,.F.);
#5155=ORIENTED_EDGE('',*,*,#4062,.F.);
#5156=ORIENTED_EDGE('',*,*,#4063,.T.);
#5157=ORIENTED_EDGE('',*,*,#4064,.F.);
#5158=ORIENTED_EDGE('',*,*,#4065,.F.);
#5159=ORIENTED_EDGE('',*,*,#4066,.F.);
#5160=ORIENTED_EDGE('',*,*,#4067,.F.);
#5161=ORIENTED_EDGE('',*,*,#4068,.F.);
#5162=ORIENTED_EDGE('',*,*,#4069,.T.);
#5163=ORIENTED_EDGE('',*,*,#4070,.F.);
#5164=ORIENTED_EDGE('',*,*,#4071,.F.);
#5165=ORIENTED_EDGE('',*,*,#4072,.F.);
#5166=ORIENTED_EDGE('',*,*,#4073,.F.);
#5167=ORIENTED_EDGE('',*,*,#4074,.F.);
#5168=ORIENTED_EDGE('',*,*,#4075,.T.);
#5169=ORIENTED_EDGE('',*,*,#4076,.F.);
#5170=ORIENTED_EDGE('',*,*,#4077,.F.);
#5171=ORIENTED_EDGE('',*,*,#4078,.F.);
#5172=ORIENTED_EDGE('',*,*,#4079,.F.);
#5173=ORIENTED_EDGE('',*,*,#4080,.F.);
#5174=ORIENTED_EDGE('',*,*,#4081,.T.);
#5175=ORIENTED_EDGE('',*,*,#4082,.F.);
#5176=ORIENTED_EDGE('',*,*,#4083,.F.);
#5177=ORIENTED_EDGE('',*,*,#4084,.F.);
#5178=ORIENTED_EDGE('',*,*,#4085,.F.);
#5179=ORIENTED_EDGE('',*,*,#4086,.F.);
#5180=ORIENTED_EDGE('',*,*,#4087,.T.);
#5181=ORIENTED_EDGE('',*,*,#4088,.F.);
#5182=ORIENTED_EDGE('',*,*,#4089,.F.);
#5183=ORIENTED_EDGE('',*,*,#4090,.F.);
#5184=ORIENTED_EDGE('',*,*,#4091,.F.);
#5185=ORIENTED_EDGE('',*,*,#4092,.F.);
#5186=ORIENTED_EDGE('',*,*,#4093,.T.);
#5187=ORIENTED_EDGE('',*,*,#4094,.F.);
#5188=ORIENTED_EDGE('',*,*,#4095,.F.);
#5189=ORIENTED_EDGE('',*,*,#4014,.T.);
#5190=ORIENTED_EDGE('',*,*,#4096,.T.);
#5191=ORIENTED_EDGE('',*,*,#4097,.F.);
#5192=ORIENTED_EDGE('',*,*,#4098,.F.);
#5193=ORIENTED_EDGE('',*,*,#4098,.T.);
#5194=ORIENTED_EDGE('',*,*,#4099,.T.);
#5195=ORIENTED_EDGE('',*,*,#4100,.F.);
#5196=ORIENTED_EDGE('',*,*,#4101,.F.);
#5197=ORIENTED_EDGE('',*,*,#4015,.T.);
#5198=ORIENTED_EDGE('',*,*,#4016,.T.);
#5199=ORIENTED_EDGE('',*,*,#4101,.T.);
#5200=ORIENTED_EDGE('',*,*,#4102,.F.);
#5201=ORIENTED_EDGE('',*,*,#4103,.F.);
#5202=ORIENTED_EDGE('',*,*,#4096,.F.);
#5203=ORIENTED_EDGE('',*,*,#4017,.T.);
#5204=ORIENTED_EDGE('',*,*,#4103,.T.);
#5205=ORIENTED_EDGE('',*,*,#4104,.F.);
#5206=ORIENTED_EDGE('',*,*,#4105,.F.);
#5207=ORIENTED_EDGE('',*,*,#4106,.T.);
#5208=ORIENTED_EDGE('',*,*,#4105,.T.);
#5209=ORIENTED_EDGE('',*,*,#4107,.F.);
#5210=ORIENTED_EDGE('',*,*,#4108,.F.);
#5211=ORIENTED_EDGE('',*,*,#4109,.F.);
#5212=ORIENTED_EDGE('',*,*,#4097,.T.);
#5213=ORIENTED_EDGE('',*,*,#4106,.F.);
#5214=ORIENTED_EDGE('',*,*,#4110,.F.);
#5215=ORIENTED_EDGE('',*,*,#4111,.F.);
#5216=ORIENTED_EDGE('',*,*,#4112,.T.);
#5217=ORIENTED_EDGE('',*,*,#4113,.T.);
#5218=ORIENTED_EDGE('',*,*,#4114,.F.);
#5219=ORIENTED_EDGE('',*,*,#4109,.T.);
#5220=ORIENTED_EDGE('',*,*,#4115,.T.);
#5221=ORIENTED_EDGE('',*,*,#4116,.F.);
#5222=ORIENTED_EDGE('',*,*,#4099,.F.);
#5223=ORIENTED_EDGE('',*,*,#4007,.T.);
#5224=ORIENTED_EDGE('',*,*,#4117,.T.);
#5225=ORIENTED_EDGE('',*,*,#4118,.T.);
#5226=ORIENTED_EDGE('',*,*,#4119,.T.);
#5227=ORIENTED_EDGE('',*,*,#4120,.T.);
#5228=ORIENTED_EDGE('',*,*,#4121,.T.);
#5229=ORIENTED_EDGE('',*,*,#4122,.T.);
#5230=ORIENTED_EDGE('',*,*,#4123,.T.);
#5231=ORIENTED_EDGE('',*,*,#4124,.T.);
#5232=ORIENTED_EDGE('',*,*,#4125,.T.);
#5233=ORIENTED_EDGE('',*,*,#4126,.T.);
#5234=ORIENTED_EDGE('',*,*,#4127,.T.);
#5235=ORIENTED_EDGE('',*,*,#4128,.T.);
#5236=ORIENTED_EDGE('',*,*,#4129,.T.);
#5237=ORIENTED_EDGE('',*,*,#4130,.T.);
#5238=ORIENTED_EDGE('',*,*,#4131,.T.);
#5239=ORIENTED_EDGE('',*,*,#4132,.T.);
#5240=ORIENTED_EDGE('',*,*,#4133,.T.);
#5241=ORIENTED_EDGE('',*,*,#4134,.T.);
#5242=ORIENTED_EDGE('',*,*,#4135,.T.);
#5243=ORIENTED_EDGE('',*,*,#4136,.T.);
#5244=ORIENTED_EDGE('',*,*,#4137,.T.);
#5245=ORIENTED_EDGE('',*,*,#4138,.T.);
#5246=ORIENTED_EDGE('',*,*,#4139,.T.);
#5247=ORIENTED_EDGE('',*,*,#4140,.T.);
#5248=ORIENTED_EDGE('',*,*,#4141,.T.);
#5249=ORIENTED_EDGE('',*,*,#4142,.T.);
#5250=ORIENTED_EDGE('',*,*,#4143,.T.);
#5251=ORIENTED_EDGE('',*,*,#4144,.T.);
#5252=ORIENTED_EDGE('',*,*,#4145,.T.);
#5253=ORIENTED_EDGE('',*,*,#4146,.T.);
#5254=ORIENTED_EDGE('',*,*,#4147,.T.);
#5255=ORIENTED_EDGE('',*,*,#4148,.T.);
#5256=ORIENTED_EDGE('',*,*,#4149,.T.);
#5257=ORIENTED_EDGE('',*,*,#4150,.T.);
#5258=ORIENTED_EDGE('',*,*,#4151,.T.);
#5259=ORIENTED_EDGE('',*,*,#4152,.T.);
#5260=ORIENTED_EDGE('',*,*,#4153,.T.);
#5261=ORIENTED_EDGE('',*,*,#4154,.T.);
#5262=ORIENTED_EDGE('',*,*,#4155,.T.);
#5263=ORIENTED_EDGE('',*,*,#4156,.T.);
#5264=ORIENTED_EDGE('',*,*,#4107,.T.);
#5265=ORIENTED_EDGE('',*,*,#4104,.T.);
#5266=ORIENTED_EDGE('',*,*,#4102,.T.);
#5267=ORIENTED_EDGE('',*,*,#4100,.T.);
#5268=ORIENTED_EDGE('',*,*,#4116,.T.);
#5269=ORIENTED_EDGE('',*,*,#4157,.T.);
#5270=ORIENTED_EDGE('',*,*,#4158,.T.);
#5271=ORIENTED_EDGE('',*,*,#4159,.T.);
#5272=ORIENTED_EDGE('',*,*,#4160,.T.);
#5273=ORIENTED_EDGE('',*,*,#4161,.T.);
#5274=ORIENTED_EDGE('',*,*,#4162,.T.);
#5275=ORIENTED_EDGE('',*,*,#4163,.T.);
#5276=ORIENTED_EDGE('',*,*,#4164,.T.);
#5277=ORIENTED_EDGE('',*,*,#4165,.T.);
#5278=ORIENTED_EDGE('',*,*,#4166,.T.);
#5279=ORIENTED_EDGE('',*,*,#4167,.T.);
#5280=ORIENTED_EDGE('',*,*,#4168,.T.);
#5281=ORIENTED_EDGE('',*,*,#4169,.T.);
#5282=ORIENTED_EDGE('',*,*,#4170,.T.);
#5283=ORIENTED_EDGE('',*,*,#4171,.T.);
#5284=ORIENTED_EDGE('',*,*,#4172,.T.);
#5285=ORIENTED_EDGE('',*,*,#4173,.T.);
#5286=ORIENTED_EDGE('',*,*,#4174,.T.);
#5287=ORIENTED_EDGE('',*,*,#4175,.T.);
#5288=ORIENTED_EDGE('',*,*,#4176,.T.);
#5289=ORIENTED_EDGE('',*,*,#4177,.T.);
#5290=ORIENTED_EDGE('',*,*,#4178,.T.);
#5291=ORIENTED_EDGE('',*,*,#4179,.T.);
#5292=ORIENTED_EDGE('',*,*,#4180,.T.);
#5293=ORIENTED_EDGE('',*,*,#4181,.T.);
#5294=ORIENTED_EDGE('',*,*,#4182,.T.);
#5295=ORIENTED_EDGE('',*,*,#4183,.T.);
#5296=ORIENTED_EDGE('',*,*,#4184,.T.);
#5297=ORIENTED_EDGE('',*,*,#4185,.T.);
#5298=ORIENTED_EDGE('',*,*,#4186,.T.);
#5299=ORIENTED_EDGE('',*,*,#4187,.T.);
#5300=ORIENTED_EDGE('',*,*,#4188,.T.);
#5301=ORIENTED_EDGE('',*,*,#4189,.T.);
#5302=ORIENTED_EDGE('',*,*,#4190,.T.);
#5303=ORIENTED_EDGE('',*,*,#4191,.T.);
#5304=ORIENTED_EDGE('',*,*,#4192,.T.);
#5305=ORIENTED_EDGE('',*,*,#4193,.T.);
#5306=ORIENTED_EDGE('',*,*,#4194,.T.);
#5307=ORIENTED_EDGE('',*,*,#4195,.T.);
#5308=ORIENTED_EDGE('',*,*,#4196,.T.);
#5309=ORIENTED_EDGE('',*,*,#4197,.T.);
#5310=ORIENTED_EDGE('',*,*,#4198,.T.);
#5311=ORIENTED_EDGE('',*,*,#4199,.F.);
#5312=ORIENTED_EDGE('',*,*,#4200,.F.);
#5313=ORIENTED_EDGE('',*,*,#4201,.T.);
#5314=ORIENTED_EDGE('',*,*,#4202,.T.);
#5315=ORIENTED_EDGE('',*,*,#4203,.F.);
#5316=ORIENTED_EDGE('',*,*,#4204,.F.);
#5317=ORIENTED_EDGE('',*,*,#4205,.T.);
#5318=ORIENTED_EDGE('',*,*,#4206,.T.);
#5319=ORIENTED_EDGE('',*,*,#4207,.F.);
#5320=ORIENTED_EDGE('',*,*,#4208,.F.);
#5321=ORIENTED_EDGE('',*,*,#4209,.T.);
#5322=ORIENTED_EDGE('',*,*,#4210,.T.);
#5323=ORIENTED_EDGE('',*,*,#4211,.F.);
#5324=ORIENTED_EDGE('',*,*,#4212,.F.);
#5325=ORIENTED_EDGE('',*,*,#4213,.T.);
#5326=ORIENTED_EDGE('',*,*,#4214,.T.);
#5327=ORIENTED_EDGE('',*,*,#4215,.F.);
#5328=ORIENTED_EDGE('',*,*,#4216,.F.);
#5329=ORIENTED_EDGE('',*,*,#4217,.T.);
#5330=ORIENTED_EDGE('',*,*,#4218,.T.);
#5331=ORIENTED_EDGE('',*,*,#4219,.F.);
#5332=ORIENTED_EDGE('',*,*,#4220,.F.);
#5333=ORIENTED_EDGE('',*,*,#4221,.T.);
#5334=ORIENTED_EDGE('',*,*,#4222,.T.);
#5335=ORIENTED_EDGE('',*,*,#4223,.F.);
#5336=ORIENTED_EDGE('',*,*,#4224,.F.);
#5337=ORIENTED_EDGE('',*,*,#4225,.T.);
#5338=ORIENTED_EDGE('',*,*,#4226,.T.);
#5339=ORIENTED_EDGE('',*,*,#4227,.F.);
#5340=ORIENTED_EDGE('',*,*,#4228,.F.);
#5341=ORIENTED_EDGE('',*,*,#4229,.T.);
#5342=ORIENTED_EDGE('',*,*,#4230,.T.);
#5343=ORIENTED_EDGE('',*,*,#4231,.F.);
#5344=ORIENTED_EDGE('',*,*,#4232,.F.);
#5345=ORIENTED_EDGE('',*,*,#4233,.T.);
#5346=ORIENTED_EDGE('',*,*,#4234,.T.);
#5347=ORIENTED_EDGE('',*,*,#4235,.F.);
#5348=ORIENTED_EDGE('',*,*,#4236,.F.);
#5349=ORIENTED_EDGE('',*,*,#4237,.T.);
#5350=ORIENTED_EDGE('',*,*,#4238,.T.);
#5351=ORIENTED_EDGE('',*,*,#4239,.F.);
#5352=ORIENTED_EDGE('',*,*,#4240,.F.);
#5353=ORIENTED_EDGE('',*,*,#4241,.T.);
#5354=ORIENTED_EDGE('',*,*,#4242,.T.);
#5355=ORIENTED_EDGE('',*,*,#4243,.F.);
#5356=ORIENTED_EDGE('',*,*,#4244,.F.);
#5357=ORIENTED_EDGE('',*,*,#4245,.T.);
#5358=ORIENTED_EDGE('',*,*,#4246,.T.);
#5359=ORIENTED_EDGE('',*,*,#4247,.F.);
#5360=ORIENTED_EDGE('',*,*,#4248,.F.);
#5361=ORIENTED_EDGE('',*,*,#4249,.T.);
#5362=ORIENTED_EDGE('',*,*,#4250,.T.);
#5363=ORIENTED_EDGE('',*,*,#4251,.F.);
#5364=ORIENTED_EDGE('',*,*,#4252,.F.);
#5365=ORIENTED_EDGE('',*,*,#4253,.T.);
#5366=ORIENTED_EDGE('',*,*,#4254,.T.);
#5367=ORIENTED_EDGE('',*,*,#4117,.F.);
#5368=ORIENTED_EDGE('',*,*,#4010,.F.);
#5369=ORIENTED_EDGE('',*,*,#4013,.T.);
#5370=ORIENTED_EDGE('',*,*,#4012,.F.);
#5371=ORIENTED_EDGE('',*,*,#4255,.T.);
#5372=ORIENTED_EDGE('',*,*,#4256,.T.);
#5373=ORIENTED_EDGE('',*,*,#4253,.F.);
#5374=ORIENTED_EDGE('',*,*,#4257,.F.);
#5375=ORIENTED_EDGE('',*,*,#4258,.T.);
#5376=ORIENTED_EDGE('',*,*,#4259,.F.);
#5377=ORIENTED_EDGE('',*,*,#4256,.F.);
#5378=ORIENTED_EDGE('',*,*,#4260,.F.);
#5379=ORIENTED_EDGE('',*,*,#4261,.T.);
#5380=ORIENTED_EDGE('',*,*,#4262,.T.);
#5381=ORIENTED_EDGE('',*,*,#4263,.F.);
#5382=ORIENTED_EDGE('',*,*,#4257,.T.);
#5383=ORIENTED_EDGE('',*,*,#4264,.T.);
#5384=ORIENTED_EDGE('',*,*,#4195,.F.);
#5385=ORIENTED_EDGE('',*,*,#4265,.F.);
#5386=ORIENTED_EDGE('',*,*,#4266,.T.);
#5387=ORIENTED_EDGE('',*,*,#4265,.T.);
#5388=ORIENTED_EDGE('',*,*,#4194,.F.);
#5389=ORIENTED_EDGE('',*,*,#4267,.F.);
#5390=ORIENTED_EDGE('',*,*,#4091,.T.);
#5391=ORIENTED_EDGE('',*,*,#4090,.T.);
#5392=ORIENTED_EDGE('',*,*,#4268,.T.);
#5393=ORIENTED_EDGE('',*,*,#4258,.F.);
#5394=ORIENTED_EDGE('',*,*,#4266,.F.);
#5395=ORIENTED_EDGE('',*,*,#4268,.F.);
#5396=ORIENTED_EDGE('',*,*,#4095,.T.);
#5397=ORIENTED_EDGE('',*,*,#4269,.T.);
#5398=ORIENTED_EDGE('',*,*,#4119,.F.);
#5399=ORIENTED_EDGE('',*,*,#4270,.F.);
#5400=ORIENTED_EDGE('',*,*,#4259,.T.);
#5401=ORIENTED_EDGE('',*,*,#4270,.T.);
#5402=ORIENTED_EDGE('',*,*,#4118,.F.);
#5403=ORIENTED_EDGE('',*,*,#4254,.F.);
#5404=ORIENTED_EDGE('',*,*,#4271,.T.);
#5405=ORIENTED_EDGE('',*,*,#4272,.T.);
#5406=ORIENTED_EDGE('',*,*,#4120,.F.);
#5407=ORIENTED_EDGE('',*,*,#4269,.F.);
#5408=ORIENTED_EDGE('',*,*,#4094,.T.);
#5409=ORIENTED_EDGE('',*,*,#4093,.F.);
#5410=ORIENTED_EDGE('',*,*,#4273,.T.);
#5411=ORIENTED_EDGE('',*,*,#4274,.T.);
#5412=ORIENTED_EDGE('',*,*,#4271,.F.);
#5413=ORIENTED_EDGE('',*,*,#4275,.F.);
#5414=ORIENTED_EDGE('',*,*,#4276,.T.);
#5415=ORIENTED_EDGE('',*,*,#4277,.F.);
#5416=ORIENTED_EDGE('',*,*,#4274,.F.);
#5417=ORIENTED_EDGE('',*,*,#4278,.F.);
#5418=ORIENTED_EDGE('',*,*,#4279,.T.);
#5419=ORIENTED_EDGE('',*,*,#4280,.T.);
#5420=ORIENTED_EDGE('',*,*,#4281,.F.);
#5421=ORIENTED_EDGE('',*,*,#4275,.T.);
#5422=ORIENTED_EDGE('',*,*,#4282,.T.);
#5423=ORIENTED_EDGE('',*,*,#4192,.F.);
#5424=ORIENTED_EDGE('',*,*,#4283,.F.);
#5425=ORIENTED_EDGE('',*,*,#4284,.T.);
#5426=ORIENTED_EDGE('',*,*,#4283,.T.);
#5427=ORIENTED_EDGE('',*,*,#4191,.F.);
#5428=ORIENTED_EDGE('',*,*,#4285,.F.);
#5429=ORIENTED_EDGE('',*,*,#4085,.T.);
#5430=ORIENTED_EDGE('',*,*,#4084,.T.);
#5431=ORIENTED_EDGE('',*,*,#4286,.T.);
#5432=ORIENTED_EDGE('',*,*,#4276,.F.);
#5433=ORIENTED_EDGE('',*,*,#4284,.F.);
#5434=ORIENTED_EDGE('',*,*,#4286,.F.);
#5435=ORIENTED_EDGE('',*,*,#4089,.T.);
#5436=ORIENTED_EDGE('',*,*,#4287,.T.);
#5437=ORIENTED_EDGE('',*,*,#4122,.F.);
#5438=ORIENTED_EDGE('',*,*,#4288,.F.);
#5439=ORIENTED_EDGE('',*,*,#4277,.T.);
#5440=ORIENTED_EDGE('',*,*,#4288,.T.);
#5441=ORIENTED_EDGE('',*,*,#4121,.F.);
#5442=ORIENTED_EDGE('',*,*,#4272,.F.);
#5443=ORIENTED_EDGE('',*,*,#4289,.T.);
#5444=ORIENTED_EDGE('',*,*,#4290,.T.);
#5445=ORIENTED_EDGE('',*,*,#4123,.F.);
#5446=ORIENTED_EDGE('',*,*,#4287,.F.);
#5447=ORIENTED_EDGE('',*,*,#4088,.T.);
#5448=ORIENTED_EDGE('',*,*,#4087,.F.);
#5449=ORIENTED_EDGE('',*,*,#4291,.T.);
#5450=ORIENTED_EDGE('',*,*,#4292,.T.);
#5451=ORIENTED_EDGE('',*,*,#4289,.F.);
#5452=ORIENTED_EDGE('',*,*,#4293,.F.);
#5453=ORIENTED_EDGE('',*,*,#4294,.T.);
#5454=ORIENTED_EDGE('',*,*,#4295,.F.);
#5455=ORIENTED_EDGE('',*,*,#4292,.F.);
#5456=ORIENTED_EDGE('',*,*,#4296,.F.);
#5457=ORIENTED_EDGE('',*,*,#4297,.T.);
#5458=ORIENTED_EDGE('',*,*,#4298,.T.);
#5459=ORIENTED_EDGE('',*,*,#4299,.F.);
#5460=ORIENTED_EDGE('',*,*,#4293,.T.);
#5461=ORIENTED_EDGE('',*,*,#4300,.T.);
#5462=ORIENTED_EDGE('',*,*,#4189,.F.);
#5463=ORIENTED_EDGE('',*,*,#4301,.F.);
#5464=ORIENTED_EDGE('',*,*,#4302,.T.);
#5465=ORIENTED_EDGE('',*,*,#4301,.T.);
#5466=ORIENTED_EDGE('',*,*,#4188,.F.);
#5467=ORIENTED_EDGE('',*,*,#4303,.F.);
#5468=ORIENTED_EDGE('',*,*,#4079,.T.);
#5469=ORIENTED_EDGE('',*,*,#4078,.T.);
#5470=ORIENTED_EDGE('',*,*,#4304,.T.);
#5471=ORIENTED_EDGE('',*,*,#4294,.F.);
#5472=ORIENTED_EDGE('',*,*,#4302,.F.);
#5473=ORIENTED_EDGE('',*,*,#4304,.F.);
#5474=ORIENTED_EDGE('',*,*,#4083,.T.);
#5475=ORIENTED_EDGE('',*,*,#4305,.T.);
#5476=ORIENTED_EDGE('',*,*,#4125,.F.);
#5477=ORIENTED_EDGE('',*,*,#4306,.F.);
#5478=ORIENTED_EDGE('',*,*,#4295,.T.);
#5479=ORIENTED_EDGE('',*,*,#4306,.T.);
#5480=ORIENTED_EDGE('',*,*,#4124,.F.);
#5481=ORIENTED_EDGE('',*,*,#4290,.F.);
#5482=ORIENTED_EDGE('',*,*,#4307,.T.);
#5483=ORIENTED_EDGE('',*,*,#4308,.T.);
#5484=ORIENTED_EDGE('',*,*,#4126,.F.);
#5485=ORIENTED_EDGE('',*,*,#4305,.F.);
#5486=ORIENTED_EDGE('',*,*,#4082,.T.);
#5487=ORIENTED_EDGE('',*,*,#4081,.F.);
#5488=ORIENTED_EDGE('',*,*,#4309,.T.);
#5489=ORIENTED_EDGE('',*,*,#4310,.T.);
#5490=ORIENTED_EDGE('',*,*,#4307,.F.);
#5491=ORIENTED_EDGE('',*,*,#4311,.F.);
#5492=ORIENTED_EDGE('',*,*,#4312,.T.);
#5493=ORIENTED_EDGE('',*,*,#4313,.F.);
#5494=ORIENTED_EDGE('',*,*,#4310,.F.);
#5495=ORIENTED_EDGE('',*,*,#4314,.F.);
#5496=ORIENTED_EDGE('',*,*,#4315,.T.);
#5497=ORIENTED_EDGE('',*,*,#4316,.T.);
#5498=ORIENTED_EDGE('',*,*,#4317,.F.);
#5499=ORIENTED_EDGE('',*,*,#4311,.T.);
#5500=ORIENTED_EDGE('',*,*,#4318,.T.);
#5501=ORIENTED_EDGE('',*,*,#4186,.F.);
#5502=ORIENTED_EDGE('',*,*,#4319,.F.);
#5503=ORIENTED_EDGE('',*,*,#4320,.T.);
#5504=ORIENTED_EDGE('',*,*,#4319,.T.);
#5505=ORIENTED_EDGE('',*,*,#4185,.F.);
#5506=ORIENTED_EDGE('',*,*,#4321,.F.);
#5507=ORIENTED_EDGE('',*,*,#4073,.T.);
#5508=ORIENTED_EDGE('',*,*,#4072,.T.);
#5509=ORIENTED_EDGE('',*,*,#4322,.T.);
#5510=ORIENTED_EDGE('',*,*,#4312,.F.);
#5511=ORIENTED_EDGE('',*,*,#4320,.F.);
#5512=ORIENTED_EDGE('',*,*,#4322,.F.);
#5513=ORIENTED_EDGE('',*,*,#4077,.T.);
#5514=ORIENTED_EDGE('',*,*,#4323,.T.);
#5515=ORIENTED_EDGE('',*,*,#4128,.F.);
#5516=ORIENTED_EDGE('',*,*,#4324,.F.);
#5517=ORIENTED_EDGE('',*,*,#4313,.T.);
#5518=ORIENTED_EDGE('',*,*,#4324,.T.);
#5519=ORIENTED_EDGE('',*,*,#4127,.F.);
#5520=ORIENTED_EDGE('',*,*,#4308,.F.);
#5521=ORIENTED_EDGE('',*,*,#4325,.T.);
#5522=ORIENTED_EDGE('',*,*,#4326,.T.);
#5523=ORIENTED_EDGE('',*,*,#4129,.F.);
#5524=ORIENTED_EDGE('',*,*,#4323,.F.);
#5525=ORIENTED_EDGE('',*,*,#4076,.T.);
#5526=ORIENTED_EDGE('',*,*,#4075,.F.);
#5527=ORIENTED_EDGE('',*,*,#4327,.T.);
#5528=ORIENTED_EDGE('',*,*,#4328,.T.);
#5529=ORIENTED_EDGE('',*,*,#4325,.F.);
#5530=ORIENTED_EDGE('',*,*,#4329,.F.);
#5531=ORIENTED_EDGE('',*,*,#4330,.T.);
#5532=ORIENTED_EDGE('',*,*,#4331,.F.);
#5533=ORIENTED_EDGE('',*,*,#4328,.F.);
#5534=ORIENTED_EDGE('',*,*,#4332,.F.);
#5535=ORIENTED_EDGE('',*,*,#4333,.T.);
#5536=ORIENTED_EDGE('',*,*,#4334,.T.);
#5537=ORIENTED_EDGE('',*,*,#4335,.F.);
#5538=ORIENTED_EDGE('',*,*,#4329,.T.);
#5539=ORIENTED_EDGE('',*,*,#4336,.T.);
#5540=ORIENTED_EDGE('',*,*,#4183,.F.);
#5541=ORIENTED_EDGE('',*,*,#4337,.F.);
#5542=ORIENTED_EDGE('',*,*,#4338,.T.);
#5543=ORIENTED_EDGE('',*,*,#4337,.T.);
#5544=ORIENTED_EDGE('',*,*,#4182,.F.);
#5545=ORIENTED_EDGE('',*,*,#4339,.F.);
#5546=ORIENTED_EDGE('',*,*,#4067,.T.);
#5547=ORIENTED_EDGE('',*,*,#4066,.T.);
#5548=ORIENTED_EDGE('',*,*,#4340,.T.);
#5549=ORIENTED_EDGE('',*,*,#4330,.F.);
#5550=ORIENTED_EDGE('',*,*,#4338,.F.);
#5551=ORIENTED_EDGE('',*,*,#4340,.F.);
#5552=ORIENTED_EDGE('',*,*,#4071,.T.);
#5553=ORIENTED_EDGE('',*,*,#4341,.T.);
#5554=ORIENTED_EDGE('',*,*,#4131,.F.);
#5555=ORIENTED_EDGE('',*,*,#4342,.F.);
#5556=ORIENTED_EDGE('',*,*,#4331,.T.);
#5557=ORIENTED_EDGE('',*,*,#4342,.T.);
#5558=ORIENTED_EDGE('',*,*,#4130,.F.);
#5559=ORIENTED_EDGE('',*,*,#4326,.F.);
#5560=ORIENTED_EDGE('',*,*,#4343,.T.);
#5561=ORIENTED_EDGE('',*,*,#4344,.T.);
#5562=ORIENTED_EDGE('',*,*,#4132,.F.);
#5563=ORIENTED_EDGE('',*,*,#4341,.F.);
#5564=ORIENTED_EDGE('',*,*,#4070,.T.);
#5565=ORIENTED_EDGE('',*,*,#4069,.F.);
#5566=ORIENTED_EDGE('',*,*,#4345,.T.);
#5567=ORIENTED_EDGE('',*,*,#4346,.T.);
#5568=ORIENTED_EDGE('',*,*,#4343,.F.);
#5569=ORIENTED_EDGE('',*,*,#4347,.F.);
#5570=ORIENTED_EDGE('',*,*,#4348,.T.);
#5571=ORIENTED_EDGE('',*,*,#4349,.F.);
#5572=ORIENTED_EDGE('',*,*,#4346,.F.);
#5573=ORIENTED_EDGE('',*,*,#4350,.F.);
#5574=ORIENTED_EDGE('',*,*,#4351,.T.);
#5575=ORIENTED_EDGE('',*,*,#4352,.T.);
#5576=ORIENTED_EDGE('',*,*,#4353,.F.);
#5577=ORIENTED_EDGE('',*,*,#4347,.T.);
#5578=ORIENTED_EDGE('',*,*,#4354,.T.);
#5579=ORIENTED_EDGE('',*,*,#4180,.F.);
#5580=ORIENTED_EDGE('',*,*,#4355,.F.);
#5581=ORIENTED_EDGE('',*,*,#4356,.T.);
#5582=ORIENTED_EDGE('',*,*,#4355,.T.);
#5583=ORIENTED_EDGE('',*,*,#4179,.F.);
#5584=ORIENTED_EDGE('',*,*,#4357,.F.);
#5585=ORIENTED_EDGE('',*,*,#4061,.T.);
#5586=ORIENTED_EDGE('',*,*,#4060,.T.);
#5587=ORIENTED_EDGE('',*,*,#4358,.T.);
#5588=ORIENTED_EDGE('',*,*,#4348,.F.);
#5589=ORIENTED_EDGE('',*,*,#4356,.F.);
#5590=ORIENTED_EDGE('',*,*,#4358,.F.);
#5591=ORIENTED_EDGE('',*,*,#4065,.T.);
#5592=ORIENTED_EDGE('',*,*,#4359,.T.);
#5593=ORIENTED_EDGE('',*,*,#4134,.F.);
#5594=ORIENTED_EDGE('',*,*,#4360,.F.);
#5595=ORIENTED_EDGE('',*,*,#4349,.T.);
#5596=ORIENTED_EDGE('',*,*,#4360,.T.);
#5597=ORIENTED_EDGE('',*,*,#4133,.F.);
#5598=ORIENTED_EDGE('',*,*,#4344,.F.);
#5599=ORIENTED_EDGE('',*,*,#4361,.T.);
#5600=ORIENTED_EDGE('',*,*,#4362,.T.);
#5601=ORIENTED_EDGE('',*,*,#4135,.F.);
#5602=ORIENTED_EDGE('',*,*,#4359,.F.);
#5603=ORIENTED_EDGE('',*,*,#4064,.T.);
#5604=ORIENTED_EDGE('',*,*,#4063,.F.);
#5605=ORIENTED_EDGE('',*,*,#4363,.T.);
#5606=ORIENTED_EDGE('',*,*,#4364,.T.);
#5607=ORIENTED_EDGE('',*,*,#4361,.F.);
#5608=ORIENTED_EDGE('',*,*,#4365,.F.);
#5609=ORIENTED_EDGE('',*,*,#4366,.T.);
#5610=ORIENTED_EDGE('',*,*,#4367,.F.);
#5611=ORIENTED_EDGE('',*,*,#4364,.F.);
#5612=ORIENTED_EDGE('',*,*,#4368,.F.);
#5613=ORIENTED_EDGE('',*,*,#4369,.T.);
#5614=ORIENTED_EDGE('',*,*,#4370,.T.);
#5615=ORIENTED_EDGE('',*,*,#4371,.F.);
#5616=ORIENTED_EDGE('',*,*,#4365,.T.);
#5617=ORIENTED_EDGE('',*,*,#4372,.T.);
#5618=ORIENTED_EDGE('',*,*,#4177,.F.);
#5619=ORIENTED_EDGE('',*,*,#4373,.F.);
#5620=ORIENTED_EDGE('',*,*,#4374,.T.);
#5621=ORIENTED_EDGE('',*,*,#4373,.T.);
#5622=ORIENTED_EDGE('',*,*,#4176,.F.);
#5623=ORIENTED_EDGE('',*,*,#4375,.F.);
#5624=ORIENTED_EDGE('',*,*,#4055,.T.);
#5625=ORIENTED_EDGE('',*,*,#4054,.T.);
#5626=ORIENTED_EDGE('',*,*,#4376,.T.);
#5627=ORIENTED_EDGE('',*,*,#4366,.F.);
#5628=ORIENTED_EDGE('',*,*,#4374,.F.);
#5629=ORIENTED_EDGE('',*,*,#4376,.F.);
#5630=ORIENTED_EDGE('',*,*,#4059,.T.);
#5631=ORIENTED_EDGE('',*,*,#4377,.T.);
#5632=ORIENTED_EDGE('',*,*,#4137,.F.);
#5633=ORIENTED_EDGE('',*,*,#4378,.F.);
#5634=ORIENTED_EDGE('',*,*,#4367,.T.);
#5635=ORIENTED_EDGE('',*,*,#4378,.T.);
#5636=ORIENTED_EDGE('',*,*,#4136,.F.);
#5637=ORIENTED_EDGE('',*,*,#4362,.F.);
#5638=ORIENTED_EDGE('',*,*,#4379,.T.);
#5639=ORIENTED_EDGE('',*,*,#4380,.T.);
#5640=ORIENTED_EDGE('',*,*,#4138,.F.);
#5641=ORIENTED_EDGE('',*,*,#4377,.F.);
#5642=ORIENTED_EDGE('',*,*,#4058,.T.);
#5643=ORIENTED_EDGE('',*,*,#4057,.F.);
#5644=ORIENTED_EDGE('',*,*,#4381,.T.);
#5645=ORIENTED_EDGE('',*,*,#4382,.T.);
#5646=ORIENTED_EDGE('',*,*,#4379,.F.);
#5647=ORIENTED_EDGE('',*,*,#4383,.F.);
#5648=ORIENTED_EDGE('',*,*,#4384,.T.);
#5649=ORIENTED_EDGE('',*,*,#4385,.F.);
#5650=ORIENTED_EDGE('',*,*,#4382,.F.);
#5651=ORIENTED_EDGE('',*,*,#4386,.F.);
#5652=ORIENTED_EDGE('',*,*,#4387,.T.);
#5653=ORIENTED_EDGE('',*,*,#4388,.T.);
#5654=ORIENTED_EDGE('',*,*,#4389,.F.);
#5655=ORIENTED_EDGE('',*,*,#4383,.T.);
#5656=ORIENTED_EDGE('',*,*,#4390,.T.);
#5657=ORIENTED_EDGE('',*,*,#4174,.F.);
#5658=ORIENTED_EDGE('',*,*,#4391,.F.);
#5659=ORIENTED_EDGE('',*,*,#4392,.T.);
#5660=ORIENTED_EDGE('',*,*,#4391,.T.);
#5661=ORIENTED_EDGE('',*,*,#4173,.F.);
#5662=ORIENTED_EDGE('',*,*,#4393,.F.);
#5663=ORIENTED_EDGE('',*,*,#4049,.T.);
#5664=ORIENTED_EDGE('',*,*,#4048,.T.);
#5665=ORIENTED_EDGE('',*,*,#4394,.T.);
#5666=ORIENTED_EDGE('',*,*,#4384,.F.);
#5667=ORIENTED_EDGE('',*,*,#4392,.F.);
#5668=ORIENTED_EDGE('',*,*,#4394,.F.);
#5669=ORIENTED_EDGE('',*,*,#4053,.T.);
#5670=ORIENTED_EDGE('',*,*,#4395,.T.);
#5671=ORIENTED_EDGE('',*,*,#4140,.F.);
#5672=ORIENTED_EDGE('',*,*,#4396,.F.);
#5673=ORIENTED_EDGE('',*,*,#4385,.T.);
#5674=ORIENTED_EDGE('',*,*,#4396,.T.);
#5675=ORIENTED_EDGE('',*,*,#4139,.F.);
#5676=ORIENTED_EDGE('',*,*,#4380,.F.);
#5677=ORIENTED_EDGE('',*,*,#4397,.T.);
#5678=ORIENTED_EDGE('',*,*,#4398,.T.);
#5679=ORIENTED_EDGE('',*,*,#4141,.F.);
#5680=ORIENTED_EDGE('',*,*,#4395,.F.);
#5681=ORIENTED_EDGE('',*,*,#4052,.T.);
#5682=ORIENTED_EDGE('',*,*,#4051,.F.);
#5683=ORIENTED_EDGE('',*,*,#4399,.T.);
#5684=ORIENTED_EDGE('',*,*,#4400,.T.);
#5685=ORIENTED_EDGE('',*,*,#4397,.F.);
#5686=ORIENTED_EDGE('',*,*,#4401,.F.);
#5687=ORIENTED_EDGE('',*,*,#4402,.T.);
#5688=ORIENTED_EDGE('',*,*,#4403,.F.);
#5689=ORIENTED_EDGE('',*,*,#4400,.F.);
#5690=ORIENTED_EDGE('',*,*,#4404,.F.);
#5691=ORIENTED_EDGE('',*,*,#4405,.T.);
#5692=ORIENTED_EDGE('',*,*,#4406,.T.);
#5693=ORIENTED_EDGE('',*,*,#4407,.F.);
#5694=ORIENTED_EDGE('',*,*,#4401,.T.);
#5695=ORIENTED_EDGE('',*,*,#4408,.T.);
#5696=ORIENTED_EDGE('',*,*,#4171,.F.);
#5697=ORIENTED_EDGE('',*,*,#4409,.F.);
#5698=ORIENTED_EDGE('',*,*,#4410,.T.);
#5699=ORIENTED_EDGE('',*,*,#4409,.T.);
#5700=ORIENTED_EDGE('',*,*,#4170,.F.);
#5701=ORIENTED_EDGE('',*,*,#4411,.F.);
#5702=ORIENTED_EDGE('',*,*,#4043,.T.);
#5703=ORIENTED_EDGE('',*,*,#4042,.T.);
#5704=ORIENTED_EDGE('',*,*,#4412,.T.);
#5705=ORIENTED_EDGE('',*,*,#4402,.F.);
#5706=ORIENTED_EDGE('',*,*,#4410,.F.);
#5707=ORIENTED_EDGE('',*,*,#4412,.F.);
#5708=ORIENTED_EDGE('',*,*,#4047,.T.);
#5709=ORIENTED_EDGE('',*,*,#4413,.T.);
#5710=ORIENTED_EDGE('',*,*,#4143,.F.);
#5711=ORIENTED_EDGE('',*,*,#4414,.F.);
#5712=ORIENTED_EDGE('',*,*,#4403,.T.);
#5713=ORIENTED_EDGE('',*,*,#4414,.T.);
#5714=ORIENTED_EDGE('',*,*,#4142,.F.);
#5715=ORIENTED_EDGE('',*,*,#4398,.F.);
#5716=ORIENTED_EDGE('',*,*,#4415,.T.);
#5717=ORIENTED_EDGE('',*,*,#4416,.T.);
#5718=ORIENTED_EDGE('',*,*,#4144,.F.);
#5719=ORIENTED_EDGE('',*,*,#4413,.F.);
#5720=ORIENTED_EDGE('',*,*,#4046,.T.);
#5721=ORIENTED_EDGE('',*,*,#4045,.F.);
#5722=ORIENTED_EDGE('',*,*,#4417,.T.);
#5723=ORIENTED_EDGE('',*,*,#4418,.T.);
#5724=ORIENTED_EDGE('',*,*,#4415,.F.);
#5725=ORIENTED_EDGE('',*,*,#4419,.F.);
#5726=ORIENTED_EDGE('',*,*,#4420,.T.);
#5727=ORIENTED_EDGE('',*,*,#4421,.F.);
#5728=ORIENTED_EDGE('',*,*,#4418,.F.);
#5729=ORIENTED_EDGE('',*,*,#4422,.F.);
#5730=ORIENTED_EDGE('',*,*,#4423,.T.);
#5731=ORIENTED_EDGE('',*,*,#4424,.T.);
#5732=ORIENTED_EDGE('',*,*,#4425,.F.);
#5733=ORIENTED_EDGE('',*,*,#4419,.T.);
#5734=ORIENTED_EDGE('',*,*,#4426,.T.);
#5735=ORIENTED_EDGE('',*,*,#4168,.F.);
#5736=ORIENTED_EDGE('',*,*,#4427,.F.);
#5737=ORIENTED_EDGE('',*,*,#4428,.T.);
#5738=ORIENTED_EDGE('',*,*,#4427,.T.);
#5739=ORIENTED_EDGE('',*,*,#4167,.F.);
#5740=ORIENTED_EDGE('',*,*,#4429,.F.);
#5741=ORIENTED_EDGE('',*,*,#4037,.T.);
#5742=ORIENTED_EDGE('',*,*,#4036,.T.);
#5743=ORIENTED_EDGE('',*,*,#4430,.T.);
#5744=ORIENTED_EDGE('',*,*,#4420,.F.);
#5745=ORIENTED_EDGE('',*,*,#4428,.F.);
#5746=ORIENTED_EDGE('',*,*,#4430,.F.);
#5747=ORIENTED_EDGE('',*,*,#4041,.T.);
#5748=ORIENTED_EDGE('',*,*,#4431,.T.);
#5749=ORIENTED_EDGE('',*,*,#4146,.F.);
#5750=ORIENTED_EDGE('',*,*,#4432,.F.);
#5751=ORIENTED_EDGE('',*,*,#4421,.T.);
#5752=ORIENTED_EDGE('',*,*,#4432,.T.);
#5753=ORIENTED_EDGE('',*,*,#4145,.F.);
#5754=ORIENTED_EDGE('',*,*,#4416,.F.);
#5755=ORIENTED_EDGE('',*,*,#4433,.T.);
#5756=ORIENTED_EDGE('',*,*,#4434,.T.);
#5757=ORIENTED_EDGE('',*,*,#4147,.F.);
#5758=ORIENTED_EDGE('',*,*,#4431,.F.);
#5759=ORIENTED_EDGE('',*,*,#4040,.T.);
#5760=ORIENTED_EDGE('',*,*,#4039,.F.);
#5761=ORIENTED_EDGE('',*,*,#4435,.T.);
#5762=ORIENTED_EDGE('',*,*,#4436,.T.);
#5763=ORIENTED_EDGE('',*,*,#4433,.F.);
#5764=ORIENTED_EDGE('',*,*,#4437,.F.);
#5765=ORIENTED_EDGE('',*,*,#4438,.T.);
#5766=ORIENTED_EDGE('',*,*,#4439,.F.);
#5767=ORIENTED_EDGE('',*,*,#4436,.F.);
#5768=ORIENTED_EDGE('',*,*,#4440,.F.);
#5769=ORIENTED_EDGE('',*,*,#4441,.T.);
#5770=ORIENTED_EDGE('',*,*,#4442,.T.);
#5771=ORIENTED_EDGE('',*,*,#4443,.F.);
#5772=ORIENTED_EDGE('',*,*,#4437,.T.);
#5773=ORIENTED_EDGE('',*,*,#4444,.T.);
#5774=ORIENTED_EDGE('',*,*,#4165,.F.);
#5775=ORIENTED_EDGE('',*,*,#4445,.F.);
#5776=ORIENTED_EDGE('',*,*,#4446,.T.);
#5777=ORIENTED_EDGE('',*,*,#4445,.T.);
#5778=ORIENTED_EDGE('',*,*,#4164,.F.);
#5779=ORIENTED_EDGE('',*,*,#4447,.F.);
#5780=ORIENTED_EDGE('',*,*,#4031,.T.);
#5781=ORIENTED_EDGE('',*,*,#4030,.T.);
#5782=ORIENTED_EDGE('',*,*,#4448,.T.);
#5783=ORIENTED_EDGE('',*,*,#4438,.F.);
#5784=ORIENTED_EDGE('',*,*,#4446,.F.);
#5785=ORIENTED_EDGE('',*,*,#4448,.F.);
#5786=ORIENTED_EDGE('',*,*,#4035,.T.);
#5787=ORIENTED_EDGE('',*,*,#4449,.T.);
#5788=ORIENTED_EDGE('',*,*,#4149,.F.);
#5789=ORIENTED_EDGE('',*,*,#4450,.F.);
#5790=ORIENTED_EDGE('',*,*,#4439,.T.);
#5791=ORIENTED_EDGE('',*,*,#4450,.T.);
#5792=ORIENTED_EDGE('',*,*,#4148,.F.);
#5793=ORIENTED_EDGE('',*,*,#4434,.F.);
#5794=ORIENTED_EDGE('',*,*,#4451,.T.);
#5795=ORIENTED_EDGE('',*,*,#4452,.T.);
#5796=ORIENTED_EDGE('',*,*,#4150,.F.);
#5797=ORIENTED_EDGE('',*,*,#4449,.F.);
#5798=ORIENTED_EDGE('',*,*,#4034,.T.);
#5799=ORIENTED_EDGE('',*,*,#4033,.F.);
#5800=ORIENTED_EDGE('',*,*,#4453,.T.);
#5801=ORIENTED_EDGE('',*,*,#4454,.T.);
#5802=ORIENTED_EDGE('',*,*,#4451,.F.);
#5803=ORIENTED_EDGE('',*,*,#4455,.F.);
#5804=ORIENTED_EDGE('',*,*,#4456,.T.);
#5805=ORIENTED_EDGE('',*,*,#4457,.F.);
#5806=ORIENTED_EDGE('',*,*,#4454,.F.);
#5807=ORIENTED_EDGE('',*,*,#4458,.F.);
#5808=ORIENTED_EDGE('',*,*,#4459,.T.);
#5809=ORIENTED_EDGE('',*,*,#4460,.T.);
#5810=ORIENTED_EDGE('',*,*,#4461,.F.);
#5811=ORIENTED_EDGE('',*,*,#4455,.T.);
#5812=ORIENTED_EDGE('',*,*,#4462,.T.);
#5813=ORIENTED_EDGE('',*,*,#4162,.F.);
#5814=ORIENTED_EDGE('',*,*,#4463,.F.);
#5815=ORIENTED_EDGE('',*,*,#4464,.T.);
#5816=ORIENTED_EDGE('',*,*,#4463,.T.);
#5817=ORIENTED_EDGE('',*,*,#4161,.F.);
#5818=ORIENTED_EDGE('',*,*,#4465,.F.);
#5819=ORIENTED_EDGE('',*,*,#4025,.T.);
#5820=ORIENTED_EDGE('',*,*,#4024,.T.);
#5821=ORIENTED_EDGE('',*,*,#4466,.T.);
#5822=ORIENTED_EDGE('',*,*,#4456,.F.);
#5823=ORIENTED_EDGE('',*,*,#4464,.F.);
#5824=ORIENTED_EDGE('',*,*,#4466,.F.);
#5825=ORIENTED_EDGE('',*,*,#4029,.T.);
#5826=ORIENTED_EDGE('',*,*,#4467,.T.);
#5827=ORIENTED_EDGE('',*,*,#4152,.F.);
#5828=ORIENTED_EDGE('',*,*,#4468,.F.);
#5829=ORIENTED_EDGE('',*,*,#4457,.T.);
#5830=ORIENTED_EDGE('',*,*,#4468,.T.);
#5831=ORIENTED_EDGE('',*,*,#4151,.F.);
#5832=ORIENTED_EDGE('',*,*,#4452,.F.);
#5833=ORIENTED_EDGE('',*,*,#4469,.T.);
#5834=ORIENTED_EDGE('',*,*,#4470,.T.);
#5835=ORIENTED_EDGE('',*,*,#4153,.F.);
#5836=ORIENTED_EDGE('',*,*,#4467,.F.);
#5837=ORIENTED_EDGE('',*,*,#4028,.T.);
#5838=ORIENTED_EDGE('',*,*,#4027,.F.);
#5839=ORIENTED_EDGE('',*,*,#4471,.T.);
#5840=ORIENTED_EDGE('',*,*,#4472,.T.);
#5841=ORIENTED_EDGE('',*,*,#4469,.F.);
#5842=ORIENTED_EDGE('',*,*,#4473,.F.);
#5843=ORIENTED_EDGE('',*,*,#4474,.T.);
#5844=ORIENTED_EDGE('',*,*,#4475,.F.);
#5845=ORIENTED_EDGE('',*,*,#4472,.F.);
#5846=ORIENTED_EDGE('',*,*,#4476,.F.);
#5847=ORIENTED_EDGE('',*,*,#4477,.T.);
#5848=ORIENTED_EDGE('',*,*,#4478,.T.);
#5849=ORIENTED_EDGE('',*,*,#4479,.F.);
#5850=ORIENTED_EDGE('',*,*,#4473,.T.);
#5851=ORIENTED_EDGE('',*,*,#4480,.T.);
#5852=ORIENTED_EDGE('',*,*,#4159,.F.);
#5853=ORIENTED_EDGE('',*,*,#4481,.F.);
#5854=ORIENTED_EDGE('',*,*,#4482,.T.);
#5855=ORIENTED_EDGE('',*,*,#4481,.T.);
#5856=ORIENTED_EDGE('',*,*,#4158,.F.);
#5857=ORIENTED_EDGE('',*,*,#4483,.F.);
#5858=ORIENTED_EDGE('',*,*,#4019,.T.);
#5859=ORIENTED_EDGE('',*,*,#4018,.T.);
#5860=ORIENTED_EDGE('',*,*,#4484,.T.);
#5861=ORIENTED_EDGE('',*,*,#4474,.F.);
#5862=ORIENTED_EDGE('',*,*,#4482,.F.);
#5863=ORIENTED_EDGE('',*,*,#4484,.F.);
#5864=ORIENTED_EDGE('',*,*,#4023,.T.);
#5865=ORIENTED_EDGE('',*,*,#4485,.T.);
#5866=ORIENTED_EDGE('',*,*,#4155,.F.);
#5867=ORIENTED_EDGE('',*,*,#4486,.F.);
#5868=ORIENTED_EDGE('',*,*,#4475,.T.);
#5869=ORIENTED_EDGE('',*,*,#4486,.T.);
#5870=ORIENTED_EDGE('',*,*,#4154,.F.);
#5871=ORIENTED_EDGE('',*,*,#4470,.F.);
#5872=ORIENTED_EDGE('',*,*,#4487,.T.);
#5873=ORIENTED_EDGE('',*,*,#4108,.T.);
#5874=ORIENTED_EDGE('',*,*,#4156,.F.);
#5875=ORIENTED_EDGE('',*,*,#4485,.F.);
#5876=ORIENTED_EDGE('',*,*,#4022,.T.);
#5877=ORIENTED_EDGE('',*,*,#4021,.F.);
#5878=ORIENTED_EDGE('',*,*,#4488,.T.);
#5879=ORIENTED_EDGE('',*,*,#4110,.T.);
#5880=ORIENTED_EDGE('',*,*,#4487,.F.);
#5881=ORIENTED_EDGE('',*,*,#4488,.F.);
#5882=ORIENTED_EDGE('',*,*,#4020,.T.);
#5883=ORIENTED_EDGE('',*,*,#4483,.T.);
#5884=ORIENTED_EDGE('',*,*,#4157,.F.);
#5885=ORIENTED_EDGE('',*,*,#4115,.F.);
#5886=ORIENTED_EDGE('',*,*,#4471,.F.);
#5887=ORIENTED_EDGE('',*,*,#4026,.T.);
#5888=ORIENTED_EDGE('',*,*,#4465,.T.);
#5889=ORIENTED_EDGE('',*,*,#4160,.F.);
#5890=ORIENTED_EDGE('',*,*,#4480,.F.);
#5891=ORIENTED_EDGE('',*,*,#4489,.T.);
#5892=ORIENTED_EDGE('',*,*,#4490,.F.);
#5893=ORIENTED_EDGE('',*,*,#4201,.F.);
#5894=ORIENTED_EDGE('',*,*,#4491,.F.);
#5895=ORIENTED_EDGE('',*,*,#4492,.T.);
#5896=ORIENTED_EDGE('',*,*,#4493,.F.);
#5897=ORIENTED_EDGE('',*,*,#4476,.T.);
#5898=ORIENTED_EDGE('',*,*,#4494,.F.);
#5899=ORIENTED_EDGE('',*,*,#4489,.F.);
#5900=ORIENTED_EDGE('',*,*,#4495,.F.);
#5901=ORIENTED_EDGE('',*,*,#4496,.T.);
#5902=ORIENTED_EDGE('',*,*,#4497,.T.);
#5903=ORIENTED_EDGE('',*,*,#4498,.T.);
#5904=ORIENTED_EDGE('',*,*,#4497,.F.);
#5905=ORIENTED_EDGE('',*,*,#4499,.F.);
#5906=ORIENTED_EDGE('',*,*,#4500,.T.);
#5907=ORIENTED_EDGE('',*,*,#4498,.F.);
#5908=ORIENTED_EDGE('',*,*,#4501,.F.);
#5909=ORIENTED_EDGE('',*,*,#4202,.F.);
#5910=ORIENTED_EDGE('',*,*,#4490,.T.);
#5911=ORIENTED_EDGE('',*,*,#4502,.T.);
#5912=ORIENTED_EDGE('',*,*,#4494,.T.);
#5913=ORIENTED_EDGE('',*,*,#4479,.T.);
#5914=ORIENTED_EDGE('',*,*,#4503,.F.);
#5915=ORIENTED_EDGE('',*,*,#4504,.T.);
#5916=ORIENTED_EDGE('',*,*,#4505,.T.);
#5917=ORIENTED_EDGE('',*,*,#4203,.T.);
#5918=ORIENTED_EDGE('',*,*,#4501,.T.);
#5919=ORIENTED_EDGE('',*,*,#4506,.T.);
#5920=ORIENTED_EDGE('',*,*,#4503,.T.);
#5921=ORIENTED_EDGE('',*,*,#4478,.F.);
#5922=ORIENTED_EDGE('',*,*,#4507,.T.);
#5923=ORIENTED_EDGE('',*,*,#4508,.T.);
#5924=ORIENTED_EDGE('',*,*,#4509,.T.);
#5925=ORIENTED_EDGE('',*,*,#4504,.F.);
#5926=ORIENTED_EDGE('',*,*,#4500,.F.);
#5927=ORIENTED_EDGE('',*,*,#4508,.F.);
#5928=ORIENTED_EDGE('',*,*,#4499,.T.);
#5929=ORIENTED_EDGE('',*,*,#4496,.F.);
#5930=ORIENTED_EDGE('',*,*,#4510,.F.);
#5931=ORIENTED_EDGE('',*,*,#4511,.F.);
#5932=ORIENTED_EDGE('',*,*,#4509,.F.);
#5933=ORIENTED_EDGE('',*,*,#4510,.T.);
#5934=ORIENTED_EDGE('',*,*,#4495,.T.);
#5935=ORIENTED_EDGE('',*,*,#4511,.T.);
#5936=ORIENTED_EDGE('',*,*,#4491,.T.);
#5937=ORIENTED_EDGE('',*,*,#4204,.T.);
#5938=ORIENTED_EDGE('',*,*,#4505,.F.);
#5939=ORIENTED_EDGE('',*,*,#4512,.F.);
#5940=ORIENTED_EDGE('',*,*,#4507,.F.);
#5941=ORIENTED_EDGE('',*,*,#4477,.F.);
#5942=ORIENTED_EDGE('',*,*,#4493,.T.);
#5943=ORIENTED_EDGE('',*,*,#4512,.T.);
#5944=ORIENTED_EDGE('',*,*,#4513,.F.);
#5945=ORIENTED_EDGE('',*,*,#4514,.F.);
#5946=ORIENTED_EDGE('',*,*,#4515,.T.);
#5947=ORIENTED_EDGE('',*,*,#4516,.T.);
#5948=ORIENTED_EDGE('',*,*,#4517,.F.);
#5949=ORIENTED_EDGE('',*,*,#4506,.F.);
#5950=ORIENTED_EDGE('',*,*,#4515,.F.);
#5951=ORIENTED_EDGE('',*,*,#4518,.F.);
#5952=ORIENTED_EDGE('',*,*,#4516,.F.);
#5953=ORIENTED_EDGE('',*,*,#4514,.T.);
#5954=ORIENTED_EDGE('',*,*,#4519,.F.);
#5955=ORIENTED_EDGE('',*,*,#4502,.F.);
#5956=ORIENTED_EDGE('',*,*,#4517,.T.);
#5957=ORIENTED_EDGE('',*,*,#4518,.T.);
#5958=ORIENTED_EDGE('',*,*,#4520,.T.);
#5959=ORIENTED_EDGE('',*,*,#4492,.F.);
#5960=ORIENTED_EDGE('',*,*,#4520,.F.);
#5961=ORIENTED_EDGE('',*,*,#4519,.T.);
#5962=ORIENTED_EDGE('',*,*,#4513,.T.);
#5963=ORIENTED_EDGE('',*,*,#4453,.F.);
#5964=ORIENTED_EDGE('',*,*,#4032,.T.);
#5965=ORIENTED_EDGE('',*,*,#4447,.T.);
#5966=ORIENTED_EDGE('',*,*,#4163,.F.);
#5967=ORIENTED_EDGE('',*,*,#4462,.F.);
#5968=ORIENTED_EDGE('',*,*,#4521,.T.);
#5969=ORIENTED_EDGE('',*,*,#4522,.F.);
#5970=ORIENTED_EDGE('',*,*,#4205,.F.);
#5971=ORIENTED_EDGE('',*,*,#4523,.F.);
#5972=ORIENTED_EDGE('',*,*,#4524,.T.);
#5973=ORIENTED_EDGE('',*,*,#4525,.F.);
#5974=ORIENTED_EDGE('',*,*,#4458,.T.);
#5975=ORIENTED_EDGE('',*,*,#4526,.F.);
#5976=ORIENTED_EDGE('',*,*,#4521,.F.);
#5977=ORIENTED_EDGE('',*,*,#4527,.F.);
#5978=ORIENTED_EDGE('',*,*,#4528,.T.);
#5979=ORIENTED_EDGE('',*,*,#4529,.T.);
#5980=ORIENTED_EDGE('',*,*,#4530,.T.);
#5981=ORIENTED_EDGE('',*,*,#4529,.F.);
#5982=ORIENTED_EDGE('',*,*,#4531,.F.);
#5983=ORIENTED_EDGE('',*,*,#4532,.T.);
#5984=ORIENTED_EDGE('',*,*,#4530,.F.);
#5985=ORIENTED_EDGE('',*,*,#4533,.F.);
#5986=ORIENTED_EDGE('',*,*,#4206,.F.);
#5987=ORIENTED_EDGE('',*,*,#4522,.T.);
#5988=ORIENTED_EDGE('',*,*,#4534,.T.);
#5989=ORIENTED_EDGE('',*,*,#4526,.T.);
#5990=ORIENTED_EDGE('',*,*,#4461,.T.);
#5991=ORIENTED_EDGE('',*,*,#4535,.F.);
#5992=ORIENTED_EDGE('',*,*,#4536,.T.);
#5993=ORIENTED_EDGE('',*,*,#4537,.T.);
#5994=ORIENTED_EDGE('',*,*,#4207,.T.);
#5995=ORIENTED_EDGE('',*,*,#4533,.T.);
#5996=ORIENTED_EDGE('',*,*,#4538,.T.);
#5997=ORIENTED_EDGE('',*,*,#4535,.T.);
#5998=ORIENTED_EDGE('',*,*,#4460,.F.);
#5999=ORIENTED_EDGE('',*,*,#4539,.T.);
#6000=ORIENTED_EDGE('',*,*,#4540,.T.);
#6001=ORIENTED_EDGE('',*,*,#4541,.T.);
#6002=ORIENTED_EDGE('',*,*,#4536,.F.);
#6003=ORIENTED_EDGE('',*,*,#4532,.F.);
#6004=ORIENTED_EDGE('',*,*,#4540,.F.);
#6005=ORIENTED_EDGE('',*,*,#4531,.T.);
#6006=ORIENTED_EDGE('',*,*,#4528,.F.);
#6007=ORIENTED_EDGE('',*,*,#4542,.F.);
#6008=ORIENTED_EDGE('',*,*,#4543,.F.);
#6009=ORIENTED_EDGE('',*,*,#4541,.F.);
#6010=ORIENTED_EDGE('',*,*,#4542,.T.);
#6011=ORIENTED_EDGE('',*,*,#4527,.T.);
#6012=ORIENTED_EDGE('',*,*,#4543,.T.);
#6013=ORIENTED_EDGE('',*,*,#4523,.T.);
#6014=ORIENTED_EDGE('',*,*,#4208,.T.);
#6015=ORIENTED_EDGE('',*,*,#4537,.F.);
#6016=ORIENTED_EDGE('',*,*,#4544,.F.);
#6017=ORIENTED_EDGE('',*,*,#4539,.F.);
#6018=ORIENTED_EDGE('',*,*,#4459,.F.);
#6019=ORIENTED_EDGE('',*,*,#4525,.T.);
#6020=ORIENTED_EDGE('',*,*,#4544,.T.);
#6021=ORIENTED_EDGE('',*,*,#4545,.F.);
#6022=ORIENTED_EDGE('',*,*,#4546,.F.);
#6023=ORIENTED_EDGE('',*,*,#4547,.T.);
#6024=ORIENTED_EDGE('',*,*,#4548,.T.);
#6025=ORIENTED_EDGE('',*,*,#4549,.F.);
#6026=ORIENTED_EDGE('',*,*,#4538,.F.);
#6027=ORIENTED_EDGE('',*,*,#4547,.F.);
#6028=ORIENTED_EDGE('',*,*,#4550,.F.);
#6029=ORIENTED_EDGE('',*,*,#4548,.F.);
#6030=ORIENTED_EDGE('',*,*,#4546,.T.);
#6031=ORIENTED_EDGE('',*,*,#4551,.F.);
#6032=ORIENTED_EDGE('',*,*,#4534,.F.);
#6033=ORIENTED_EDGE('',*,*,#4549,.T.);
#6034=ORIENTED_EDGE('',*,*,#4550,.T.);
#6035=ORIENTED_EDGE('',*,*,#4552,.T.);
#6036=ORIENTED_EDGE('',*,*,#4524,.F.);
#6037=ORIENTED_EDGE('',*,*,#4552,.F.);
#6038=ORIENTED_EDGE('',*,*,#4551,.T.);
#6039=ORIENTED_EDGE('',*,*,#4545,.T.);
#6040=ORIENTED_EDGE('',*,*,#4435,.F.);
#6041=ORIENTED_EDGE('',*,*,#4038,.T.);
#6042=ORIENTED_EDGE('',*,*,#4429,.T.);
#6043=ORIENTED_EDGE('',*,*,#4166,.F.);
#6044=ORIENTED_EDGE('',*,*,#4444,.F.);
#6045=ORIENTED_EDGE('',*,*,#4553,.T.);
#6046=ORIENTED_EDGE('',*,*,#4554,.F.);
#6047=ORIENTED_EDGE('',*,*,#4209,.F.);
#6048=ORIENTED_EDGE('',*,*,#4555,.F.);
#6049=ORIENTED_EDGE('',*,*,#4556,.T.);
#6050=ORIENTED_EDGE('',*,*,#4557,.F.);
#6051=ORIENTED_EDGE('',*,*,#4440,.T.);
#6052=ORIENTED_EDGE('',*,*,#4558,.F.);
#6053=ORIENTED_EDGE('',*,*,#4553,.F.);
#6054=ORIENTED_EDGE('',*,*,#4559,.F.);
#6055=ORIENTED_EDGE('',*,*,#4560,.T.);
#6056=ORIENTED_EDGE('',*,*,#4561,.T.);
#6057=ORIENTED_EDGE('',*,*,#4562,.T.);
#6058=ORIENTED_EDGE('',*,*,#4561,.F.);
#6059=ORIENTED_EDGE('',*,*,#4563,.F.);
#6060=ORIENTED_EDGE('',*,*,#4564,.T.);
#6061=ORIENTED_EDGE('',*,*,#4562,.F.);
#6062=ORIENTED_EDGE('',*,*,#4565,.F.);
#6063=ORIENTED_EDGE('',*,*,#4210,.F.);
#6064=ORIENTED_EDGE('',*,*,#4554,.T.);
#6065=ORIENTED_EDGE('',*,*,#4566,.T.);
#6066=ORIENTED_EDGE('',*,*,#4558,.T.);
#6067=ORIENTED_EDGE('',*,*,#4443,.T.);
#6068=ORIENTED_EDGE('',*,*,#4567,.F.);
#6069=ORIENTED_EDGE('',*,*,#4568,.T.);
#6070=ORIENTED_EDGE('',*,*,#4569,.T.);
#6071=ORIENTED_EDGE('',*,*,#4211,.T.);
#6072=ORIENTED_EDGE('',*,*,#4565,.T.);
#6073=ORIENTED_EDGE('',*,*,#4570,.T.);
#6074=ORIENTED_EDGE('',*,*,#4567,.T.);
#6075=ORIENTED_EDGE('',*,*,#4442,.F.);
#6076=ORIENTED_EDGE('',*,*,#4571,.T.);
#6077=ORIENTED_EDGE('',*,*,#4572,.T.);
#6078=ORIENTED_EDGE('',*,*,#4573,.T.);
#6079=ORIENTED_EDGE('',*,*,#4568,.F.);
#6080=ORIENTED_EDGE('',*,*,#4564,.F.);
#6081=ORIENTED_EDGE('',*,*,#4572,.F.);
#6082=ORIENTED_EDGE('',*,*,#4563,.T.);
#6083=ORIENTED_EDGE('',*,*,#4560,.F.);
#6084=ORIENTED_EDGE('',*,*,#4574,.F.);
#6085=ORIENTED_EDGE('',*,*,#4575,.F.);
#6086=ORIENTED_EDGE('',*,*,#4573,.F.);
#6087=ORIENTED_EDGE('',*,*,#4574,.T.);
#6088=ORIENTED_EDGE('',*,*,#4559,.T.);
#6089=ORIENTED_EDGE('',*,*,#4575,.T.);
#6090=ORIENTED_EDGE('',*,*,#4555,.T.);
#6091=ORIENTED_EDGE('',*,*,#4212,.T.);
#6092=ORIENTED_EDGE('',*,*,#4569,.F.);
#6093=ORIENTED_EDGE('',*,*,#4576,.F.);
#6094=ORIENTED_EDGE('',*,*,#4571,.F.);
#6095=ORIENTED_EDGE('',*,*,#4441,.F.);
#6096=ORIENTED_EDGE('',*,*,#4557,.T.);
#6097=ORIENTED_EDGE('',*,*,#4576,.T.);
#6098=ORIENTED_EDGE('',*,*,#4577,.F.);
#6099=ORIENTED_EDGE('',*,*,#4578,.F.);
#6100=ORIENTED_EDGE('',*,*,#4579,.T.);
#6101=ORIENTED_EDGE('',*,*,#4580,.T.);
#6102=ORIENTED_EDGE('',*,*,#4581,.F.);
#6103=ORIENTED_EDGE('',*,*,#4570,.F.);
#6104=ORIENTED_EDGE('',*,*,#4579,.F.);
#6105=ORIENTED_EDGE('',*,*,#4582,.F.);
#6106=ORIENTED_EDGE('',*,*,#4580,.F.);
#6107=ORIENTED_EDGE('',*,*,#4578,.T.);
#6108=ORIENTED_EDGE('',*,*,#4583,.F.);
#6109=ORIENTED_EDGE('',*,*,#4566,.F.);
#6110=ORIENTED_EDGE('',*,*,#4581,.T.);
#6111=ORIENTED_EDGE('',*,*,#4582,.T.);
#6112=ORIENTED_EDGE('',*,*,#4584,.T.);
#6113=ORIENTED_EDGE('',*,*,#4556,.F.);
#6114=ORIENTED_EDGE('',*,*,#4584,.F.);
#6115=ORIENTED_EDGE('',*,*,#4583,.T.);
#6116=ORIENTED_EDGE('',*,*,#4577,.T.);
#6117=ORIENTED_EDGE('',*,*,#4417,.F.);
#6118=ORIENTED_EDGE('',*,*,#4044,.T.);
#6119=ORIENTED_EDGE('',*,*,#4411,.T.);
#6120=ORIENTED_EDGE('',*,*,#4169,.F.);
#6121=ORIENTED_EDGE('',*,*,#4426,.F.);
#6122=ORIENTED_EDGE('',*,*,#4585,.T.);
#6123=ORIENTED_EDGE('',*,*,#4586,.F.);
#6124=ORIENTED_EDGE('',*,*,#4213,.F.);
#6125=ORIENTED_EDGE('',*,*,#4587,.F.);
#6126=ORIENTED_EDGE('',*,*,#4588,.T.);
#6127=ORIENTED_EDGE('',*,*,#4589,.F.);
#6128=ORIENTED_EDGE('',*,*,#4422,.T.);
#6129=ORIENTED_EDGE('',*,*,#4590,.F.);
#6130=ORIENTED_EDGE('',*,*,#4585,.F.);
#6131=ORIENTED_EDGE('',*,*,#4591,.F.);
#6132=ORIENTED_EDGE('',*,*,#4592,.T.);
#6133=ORIENTED_EDGE('',*,*,#4593,.T.);
#6134=ORIENTED_EDGE('',*,*,#4594,.T.);
#6135=ORIENTED_EDGE('',*,*,#4593,.F.);
#6136=ORIENTED_EDGE('',*,*,#4595,.F.);
#6137=ORIENTED_EDGE('',*,*,#4596,.T.);
#6138=ORIENTED_EDGE('',*,*,#4594,.F.);
#6139=ORIENTED_EDGE('',*,*,#4597,.F.);
#6140=ORIENTED_EDGE('',*,*,#4214,.F.);
#6141=ORIENTED_EDGE('',*,*,#4586,.T.);
#6142=ORIENTED_EDGE('',*,*,#4598,.T.);
#6143=ORIENTED_EDGE('',*,*,#4590,.T.);
#6144=ORIENTED_EDGE('',*,*,#4425,.T.);
#6145=ORIENTED_EDGE('',*,*,#4599,.F.);
#6146=ORIENTED_EDGE('',*,*,#4600,.T.);
#6147=ORIENTED_EDGE('',*,*,#4601,.T.);
#6148=ORIENTED_EDGE('',*,*,#4215,.T.);
#6149=ORIENTED_EDGE('',*,*,#4597,.T.);
#6150=ORIENTED_EDGE('',*,*,#4602,.T.);
#6151=ORIENTED_EDGE('',*,*,#4599,.T.);
#6152=ORIENTED_EDGE('',*,*,#4424,.F.);
#6153=ORIENTED_EDGE('',*,*,#4603,.T.);
#6154=ORIENTED_EDGE('',*,*,#4604,.T.);
#6155=ORIENTED_EDGE('',*,*,#4605,.T.);
#6156=ORIENTED_EDGE('',*,*,#4600,.F.);
#6157=ORIENTED_EDGE('',*,*,#4596,.F.);
#6158=ORIENTED_EDGE('',*,*,#4604,.F.);
#6159=ORIENTED_EDGE('',*,*,#4595,.T.);
#6160=ORIENTED_EDGE('',*,*,#4592,.F.);
#6161=ORIENTED_EDGE('',*,*,#4606,.F.);
#6162=ORIENTED_EDGE('',*,*,#4607,.F.);
#6163=ORIENTED_EDGE('',*,*,#4605,.F.);
#6164=ORIENTED_EDGE('',*,*,#4606,.T.);
#6165=ORIENTED_EDGE('',*,*,#4591,.T.);
#6166=ORIENTED_EDGE('',*,*,#4607,.T.);
#6167=ORIENTED_EDGE('',*,*,#4587,.T.);
#6168=ORIENTED_EDGE('',*,*,#4216,.T.);
#6169=ORIENTED_EDGE('',*,*,#4601,.F.);
#6170=ORIENTED_EDGE('',*,*,#4608,.F.);
#6171=ORIENTED_EDGE('',*,*,#4603,.F.);
#6172=ORIENTED_EDGE('',*,*,#4423,.F.);
#6173=ORIENTED_EDGE('',*,*,#4589,.T.);
#6174=ORIENTED_EDGE('',*,*,#4608,.T.);
#6175=ORIENTED_EDGE('',*,*,#4609,.F.);
#6176=ORIENTED_EDGE('',*,*,#4610,.F.);
#6177=ORIENTED_EDGE('',*,*,#4611,.T.);
#6178=ORIENTED_EDGE('',*,*,#4612,.T.);
#6179=ORIENTED_EDGE('',*,*,#4613,.F.);
#6180=ORIENTED_EDGE('',*,*,#4602,.F.);
#6181=ORIENTED_EDGE('',*,*,#4611,.F.);
#6182=ORIENTED_EDGE('',*,*,#4614,.F.);
#6183=ORIENTED_EDGE('',*,*,#4612,.F.);
#6184=ORIENTED_EDGE('',*,*,#4610,.T.);
#6185=ORIENTED_EDGE('',*,*,#4615,.F.);
#6186=ORIENTED_EDGE('',*,*,#4598,.F.);
#6187=ORIENTED_EDGE('',*,*,#4613,.T.);
#6188=ORIENTED_EDGE('',*,*,#4614,.T.);
#6189=ORIENTED_EDGE('',*,*,#4616,.T.);
#6190=ORIENTED_EDGE('',*,*,#4588,.F.);
#6191=ORIENTED_EDGE('',*,*,#4616,.F.);
#6192=ORIENTED_EDGE('',*,*,#4615,.T.);
#6193=ORIENTED_EDGE('',*,*,#4609,.T.);
#6194=ORIENTED_EDGE('',*,*,#4399,.F.);
#6195=ORIENTED_EDGE('',*,*,#4050,.T.);
#6196=ORIENTED_EDGE('',*,*,#4393,.T.);
#6197=ORIENTED_EDGE('',*,*,#4172,.F.);
#6198=ORIENTED_EDGE('',*,*,#4408,.F.);
#6199=ORIENTED_EDGE('',*,*,#4617,.T.);
#6200=ORIENTED_EDGE('',*,*,#4618,.F.);
#6201=ORIENTED_EDGE('',*,*,#4217,.F.);
#6202=ORIENTED_EDGE('',*,*,#4619,.F.);
#6203=ORIENTED_EDGE('',*,*,#4620,.T.);
#6204=ORIENTED_EDGE('',*,*,#4621,.F.);
#6205=ORIENTED_EDGE('',*,*,#4404,.T.);
#6206=ORIENTED_EDGE('',*,*,#4622,.F.);
#6207=ORIENTED_EDGE('',*,*,#4617,.F.);
#6208=ORIENTED_EDGE('',*,*,#4623,.F.);
#6209=ORIENTED_EDGE('',*,*,#4624,.T.);
#6210=ORIENTED_EDGE('',*,*,#4625,.T.);
#6211=ORIENTED_EDGE('',*,*,#4626,.T.);
#6212=ORIENTED_EDGE('',*,*,#4625,.F.);
#6213=ORIENTED_EDGE('',*,*,#4627,.F.);
#6214=ORIENTED_EDGE('',*,*,#4628,.T.);
#6215=ORIENTED_EDGE('',*,*,#4626,.F.);
#6216=ORIENTED_EDGE('',*,*,#4629,.F.);
#6217=ORIENTED_EDGE('',*,*,#4218,.F.);
#6218=ORIENTED_EDGE('',*,*,#4618,.T.);
#6219=ORIENTED_EDGE('',*,*,#4630,.T.);
#6220=ORIENTED_EDGE('',*,*,#4622,.T.);
#6221=ORIENTED_EDGE('',*,*,#4407,.T.);
#6222=ORIENTED_EDGE('',*,*,#4631,.F.);
#6223=ORIENTED_EDGE('',*,*,#4632,.T.);
#6224=ORIENTED_EDGE('',*,*,#4633,.T.);
#6225=ORIENTED_EDGE('',*,*,#4219,.T.);
#6226=ORIENTED_EDGE('',*,*,#4629,.T.);
#6227=ORIENTED_EDGE('',*,*,#4634,.T.);
#6228=ORIENTED_EDGE('',*,*,#4631,.T.);
#6229=ORIENTED_EDGE('',*,*,#4406,.F.);
#6230=ORIENTED_EDGE('',*,*,#4635,.T.);
#6231=ORIENTED_EDGE('',*,*,#4636,.T.);
#6232=ORIENTED_EDGE('',*,*,#4637,.T.);
#6233=ORIENTED_EDGE('',*,*,#4632,.F.);
#6234=ORIENTED_EDGE('',*,*,#4628,.F.);
#6235=ORIENTED_EDGE('',*,*,#4636,.F.);
#6236=ORIENTED_EDGE('',*,*,#4627,.T.);
#6237=ORIENTED_EDGE('',*,*,#4624,.F.);
#6238=ORIENTED_EDGE('',*,*,#4638,.F.);
#6239=ORIENTED_EDGE('',*,*,#4639,.F.);
#6240=ORIENTED_EDGE('',*,*,#4637,.F.);
#6241=ORIENTED_EDGE('',*,*,#4638,.T.);
#6242=ORIENTED_EDGE('',*,*,#4623,.T.);
#6243=ORIENTED_EDGE('',*,*,#4639,.T.);
#6244=ORIENTED_EDGE('',*,*,#4619,.T.);
#6245=ORIENTED_EDGE('',*,*,#4220,.T.);
#6246=ORIENTED_EDGE('',*,*,#4633,.F.);
#6247=ORIENTED_EDGE('',*,*,#4640,.F.);
#6248=ORIENTED_EDGE('',*,*,#4635,.F.);
#6249=ORIENTED_EDGE('',*,*,#4405,.F.);
#6250=ORIENTED_EDGE('',*,*,#4621,.T.);
#6251=ORIENTED_EDGE('',*,*,#4640,.T.);
#6252=ORIENTED_EDGE('',*,*,#4641,.F.);
#6253=ORIENTED_EDGE('',*,*,#4642,.F.);
#6254=ORIENTED_EDGE('',*,*,#4643,.T.);
#6255=ORIENTED_EDGE('',*,*,#4644,.T.);
#6256=ORIENTED_EDGE('',*,*,#4645,.F.);
#6257=ORIENTED_EDGE('',*,*,#4634,.F.);
#6258=ORIENTED_EDGE('',*,*,#4643,.F.);
#6259=ORIENTED_EDGE('',*,*,#4646,.F.);
#6260=ORIENTED_EDGE('',*,*,#4644,.F.);
#6261=ORIENTED_EDGE('',*,*,#4642,.T.);
#6262=ORIENTED_EDGE('',*,*,#4647,.F.);
#6263=ORIENTED_EDGE('',*,*,#4630,.F.);
#6264=ORIENTED_EDGE('',*,*,#4645,.T.);
#6265=ORIENTED_EDGE('',*,*,#4646,.T.);
#6266=ORIENTED_EDGE('',*,*,#4648,.T.);
#6267=ORIENTED_EDGE('',*,*,#4620,.F.);
#6268=ORIENTED_EDGE('',*,*,#4648,.F.);
#6269=ORIENTED_EDGE('',*,*,#4647,.T.);
#6270=ORIENTED_EDGE('',*,*,#4641,.T.);
#6271=ORIENTED_EDGE('',*,*,#4381,.F.);
#6272=ORIENTED_EDGE('',*,*,#4056,.T.);
#6273=ORIENTED_EDGE('',*,*,#4375,.T.);
#6274=ORIENTED_EDGE('',*,*,#4175,.F.);
#6275=ORIENTED_EDGE('',*,*,#4390,.F.);
#6276=ORIENTED_EDGE('',*,*,#4649,.T.);
#6277=ORIENTED_EDGE('',*,*,#4650,.F.);
#6278=ORIENTED_EDGE('',*,*,#4221,.F.);
#6279=ORIENTED_EDGE('',*,*,#4651,.F.);
#6280=ORIENTED_EDGE('',*,*,#4652,.T.);
#6281=ORIENTED_EDGE('',*,*,#4653,.F.);
#6282=ORIENTED_EDGE('',*,*,#4386,.T.);
#6283=ORIENTED_EDGE('',*,*,#4654,.F.);
#6284=ORIENTED_EDGE('',*,*,#4649,.F.);
#6285=ORIENTED_EDGE('',*,*,#4655,.F.);
#6286=ORIENTED_EDGE('',*,*,#4656,.T.);
#6287=ORIENTED_EDGE('',*,*,#4657,.T.);
#6288=ORIENTED_EDGE('',*,*,#4658,.T.);
#6289=ORIENTED_EDGE('',*,*,#4657,.F.);
#6290=ORIENTED_EDGE('',*,*,#4659,.F.);
#6291=ORIENTED_EDGE('',*,*,#4660,.T.);
#6292=ORIENTED_EDGE('',*,*,#4658,.F.);
#6293=ORIENTED_EDGE('',*,*,#4661,.F.);
#6294=ORIENTED_EDGE('',*,*,#4222,.F.);
#6295=ORIENTED_EDGE('',*,*,#4650,.T.);
#6296=ORIENTED_EDGE('',*,*,#4662,.T.);
#6297=ORIENTED_EDGE('',*,*,#4654,.T.);
#6298=ORIENTED_EDGE('',*,*,#4389,.T.);
#6299=ORIENTED_EDGE('',*,*,#4663,.F.);
#6300=ORIENTED_EDGE('',*,*,#4664,.T.);
#6301=ORIENTED_EDGE('',*,*,#4665,.T.);
#6302=ORIENTED_EDGE('',*,*,#4223,.T.);
#6303=ORIENTED_EDGE('',*,*,#4661,.T.);
#6304=ORIENTED_EDGE('',*,*,#4666,.T.);
#6305=ORIENTED_EDGE('',*,*,#4663,.T.);
#6306=ORIENTED_EDGE('',*,*,#4388,.F.);
#6307=ORIENTED_EDGE('',*,*,#4667,.T.);
#6308=ORIENTED_EDGE('',*,*,#4668,.T.);
#6309=ORIENTED_EDGE('',*,*,#4669,.T.);
#6310=ORIENTED_EDGE('',*,*,#4664,.F.);
#6311=ORIENTED_EDGE('',*,*,#4660,.F.);
#6312=ORIENTED_EDGE('',*,*,#4668,.F.);
#6313=ORIENTED_EDGE('',*,*,#4659,.T.);
#6314=ORIENTED_EDGE('',*,*,#4656,.F.);
#6315=ORIENTED_EDGE('',*,*,#4670,.F.);
#6316=ORIENTED_EDGE('',*,*,#4671,.F.);
#6317=ORIENTED_EDGE('',*,*,#4669,.F.);
#6318=ORIENTED_EDGE('',*,*,#4670,.T.);
#6319=ORIENTED_EDGE('',*,*,#4655,.T.);
#6320=ORIENTED_EDGE('',*,*,#4671,.T.);
#6321=ORIENTED_EDGE('',*,*,#4651,.T.);
#6322=ORIENTED_EDGE('',*,*,#4224,.T.);
#6323=ORIENTED_EDGE('',*,*,#4665,.F.);
#6324=ORIENTED_EDGE('',*,*,#4672,.F.);
#6325=ORIENTED_EDGE('',*,*,#4667,.F.);
#6326=ORIENTED_EDGE('',*,*,#4387,.F.);
#6327=ORIENTED_EDGE('',*,*,#4653,.T.);
#6328=ORIENTED_EDGE('',*,*,#4672,.T.);
#6329=ORIENTED_EDGE('',*,*,#4673,.F.);
#6330=ORIENTED_EDGE('',*,*,#4674,.F.);
#6331=ORIENTED_EDGE('',*,*,#4675,.T.);
#6332=ORIENTED_EDGE('',*,*,#4676,.T.);
#6333=ORIENTED_EDGE('',*,*,#4677,.F.);
#6334=ORIENTED_EDGE('',*,*,#4666,.F.);
#6335=ORIENTED_EDGE('',*,*,#4675,.F.);
#6336=ORIENTED_EDGE('',*,*,#4678,.F.);
#6337=ORIENTED_EDGE('',*,*,#4676,.F.);
#6338=ORIENTED_EDGE('',*,*,#4674,.T.);
#6339=ORIENTED_EDGE('',*,*,#4679,.F.);
#6340=ORIENTED_EDGE('',*,*,#4662,.F.);
#6341=ORIENTED_EDGE('',*,*,#4677,.T.);
#6342=ORIENTED_EDGE('',*,*,#4678,.T.);
#6343=ORIENTED_EDGE('',*,*,#4680,.T.);
#6344=ORIENTED_EDGE('',*,*,#4652,.F.);
#6345=ORIENTED_EDGE('',*,*,#4680,.F.);
#6346=ORIENTED_EDGE('',*,*,#4679,.T.);
#6347=ORIENTED_EDGE('',*,*,#4673,.T.);
#6348=ORIENTED_EDGE('',*,*,#4363,.F.);
#6349=ORIENTED_EDGE('',*,*,#4062,.T.);
#6350=ORIENTED_EDGE('',*,*,#4357,.T.);
#6351=ORIENTED_EDGE('',*,*,#4178,.F.);
#6352=ORIENTED_EDGE('',*,*,#4372,.F.);
#6353=ORIENTED_EDGE('',*,*,#4681,.T.);
#6354=ORIENTED_EDGE('',*,*,#4682,.F.);
#6355=ORIENTED_EDGE('',*,*,#4225,.F.);
#6356=ORIENTED_EDGE('',*,*,#4683,.F.);
#6357=ORIENTED_EDGE('',*,*,#4684,.T.);
#6358=ORIENTED_EDGE('',*,*,#4685,.F.);
#6359=ORIENTED_EDGE('',*,*,#4368,.T.);
#6360=ORIENTED_EDGE('',*,*,#4686,.F.);
#6361=ORIENTED_EDGE('',*,*,#4681,.F.);
#6362=ORIENTED_EDGE('',*,*,#4687,.F.);
#6363=ORIENTED_EDGE('',*,*,#4688,.T.);
#6364=ORIENTED_EDGE('',*,*,#4689,.T.);
#6365=ORIENTED_EDGE('',*,*,#4690,.T.);
#6366=ORIENTED_EDGE('',*,*,#4689,.F.);
#6367=ORIENTED_EDGE('',*,*,#4691,.F.);
#6368=ORIENTED_EDGE('',*,*,#4692,.T.);
#6369=ORIENTED_EDGE('',*,*,#4690,.F.);
#6370=ORIENTED_EDGE('',*,*,#4693,.F.);
#6371=ORIENTED_EDGE('',*,*,#4226,.F.);
#6372=ORIENTED_EDGE('',*,*,#4682,.T.);
#6373=ORIENTED_EDGE('',*,*,#4694,.T.);
#6374=ORIENTED_EDGE('',*,*,#4686,.T.);
#6375=ORIENTED_EDGE('',*,*,#4371,.T.);
#6376=ORIENTED_EDGE('',*,*,#4695,.F.);
#6377=ORIENTED_EDGE('',*,*,#4696,.T.);
#6378=ORIENTED_EDGE('',*,*,#4697,.T.);
#6379=ORIENTED_EDGE('',*,*,#4227,.T.);
#6380=ORIENTED_EDGE('',*,*,#4693,.T.);
#6381=ORIENTED_EDGE('',*,*,#4698,.T.);
#6382=ORIENTED_EDGE('',*,*,#4695,.T.);
#6383=ORIENTED_EDGE('',*,*,#4370,.F.);
#6384=ORIENTED_EDGE('',*,*,#4699,.T.);
#6385=ORIENTED_EDGE('',*,*,#4700,.T.);
#6386=ORIENTED_EDGE('',*,*,#4701,.T.);
#6387=ORIENTED_EDGE('',*,*,#4696,.F.);
#6388=ORIENTED_EDGE('',*,*,#4692,.F.);
#6389=ORIENTED_EDGE('',*,*,#4700,.F.);
#6390=ORIENTED_EDGE('',*,*,#4691,.T.);
#6391=ORIENTED_EDGE('',*,*,#4688,.F.);
#6392=ORIENTED_EDGE('',*,*,#4702,.F.);
#6393=ORIENTED_EDGE('',*,*,#4703,.F.);
#6394=ORIENTED_EDGE('',*,*,#4701,.F.);
#6395=ORIENTED_EDGE('',*,*,#4702,.T.);
#6396=ORIENTED_EDGE('',*,*,#4687,.T.);
#6397=ORIENTED_EDGE('',*,*,#4703,.T.);
#6398=ORIENTED_EDGE('',*,*,#4683,.T.);
#6399=ORIENTED_EDGE('',*,*,#4228,.T.);
#6400=ORIENTED_EDGE('',*,*,#4697,.F.);
#6401=ORIENTED_EDGE('',*,*,#4704,.F.);
#6402=ORIENTED_EDGE('',*,*,#4699,.F.);
#6403=ORIENTED_EDGE('',*,*,#4369,.F.);
#6404=ORIENTED_EDGE('',*,*,#4685,.T.);
#6405=ORIENTED_EDGE('',*,*,#4704,.T.);
#6406=ORIENTED_EDGE('',*,*,#4705,.F.);
#6407=ORIENTED_EDGE('',*,*,#4706,.F.);
#6408=ORIENTED_EDGE('',*,*,#4707,.T.);
#6409=ORIENTED_EDGE('',*,*,#4708,.T.);
#6410=ORIENTED_EDGE('',*,*,#4709,.F.);
#6411=ORIENTED_EDGE('',*,*,#4698,.F.);
#6412=ORIENTED_EDGE('',*,*,#4707,.F.);
#6413=ORIENTED_EDGE('',*,*,#4710,.F.);
#6414=ORIENTED_EDGE('',*,*,#4708,.F.);
#6415=ORIENTED_EDGE('',*,*,#4706,.T.);
#6416=ORIENTED_EDGE('',*,*,#4711,.F.);
#6417=ORIENTED_EDGE('',*,*,#4694,.F.);
#6418=ORIENTED_EDGE('',*,*,#4709,.T.);
#6419=ORIENTED_EDGE('',*,*,#4710,.T.);
#6420=ORIENTED_EDGE('',*,*,#4712,.T.);
#6421=ORIENTED_EDGE('',*,*,#4684,.F.);
#6422=ORIENTED_EDGE('',*,*,#4712,.F.);
#6423=ORIENTED_EDGE('',*,*,#4711,.T.);
#6424=ORIENTED_EDGE('',*,*,#4705,.T.);
#6425=ORIENTED_EDGE('',*,*,#4345,.F.);
#6426=ORIENTED_EDGE('',*,*,#4068,.T.);
#6427=ORIENTED_EDGE('',*,*,#4339,.T.);
#6428=ORIENTED_EDGE('',*,*,#4181,.F.);
#6429=ORIENTED_EDGE('',*,*,#4354,.F.);
#6430=ORIENTED_EDGE('',*,*,#4713,.T.);
#6431=ORIENTED_EDGE('',*,*,#4714,.F.);
#6432=ORIENTED_EDGE('',*,*,#4229,.F.);
#6433=ORIENTED_EDGE('',*,*,#4715,.F.);
#6434=ORIENTED_EDGE('',*,*,#4716,.T.);
#6435=ORIENTED_EDGE('',*,*,#4717,.F.);
#6436=ORIENTED_EDGE('',*,*,#4350,.T.);
#6437=ORIENTED_EDGE('',*,*,#4718,.F.);
#6438=ORIENTED_EDGE('',*,*,#4713,.F.);
#6439=ORIENTED_EDGE('',*,*,#4719,.F.);
#6440=ORIENTED_EDGE('',*,*,#4720,.T.);
#6441=ORIENTED_EDGE('',*,*,#4721,.T.);
#6442=ORIENTED_EDGE('',*,*,#4722,.T.);
#6443=ORIENTED_EDGE('',*,*,#4721,.F.);
#6444=ORIENTED_EDGE('',*,*,#4723,.F.);
#6445=ORIENTED_EDGE('',*,*,#4724,.T.);
#6446=ORIENTED_EDGE('',*,*,#4722,.F.);
#6447=ORIENTED_EDGE('',*,*,#4725,.F.);
#6448=ORIENTED_EDGE('',*,*,#4230,.F.);
#6449=ORIENTED_EDGE('',*,*,#4714,.T.);
#6450=ORIENTED_EDGE('',*,*,#4726,.T.);
#6451=ORIENTED_EDGE('',*,*,#4718,.T.);
#6452=ORIENTED_EDGE('',*,*,#4353,.T.);
#6453=ORIENTED_EDGE('',*,*,#4727,.F.);
#6454=ORIENTED_EDGE('',*,*,#4728,.T.);
#6455=ORIENTED_EDGE('',*,*,#4729,.T.);
#6456=ORIENTED_EDGE('',*,*,#4231,.T.);
#6457=ORIENTED_EDGE('',*,*,#4725,.T.);
#6458=ORIENTED_EDGE('',*,*,#4730,.T.);
#6459=ORIENTED_EDGE('',*,*,#4727,.T.);
#6460=ORIENTED_EDGE('',*,*,#4352,.F.);
#6461=ORIENTED_EDGE('',*,*,#4731,.T.);
#6462=ORIENTED_EDGE('',*,*,#4732,.T.);
#6463=ORIENTED_EDGE('',*,*,#4733,.T.);
#6464=ORIENTED_EDGE('',*,*,#4728,.F.);
#6465=ORIENTED_EDGE('',*,*,#4724,.F.);
#6466=ORIENTED_EDGE('',*,*,#4732,.F.);
#6467=ORIENTED_EDGE('',*,*,#4723,.T.);
#6468=ORIENTED_EDGE('',*,*,#4720,.F.);
#6469=ORIENTED_EDGE('',*,*,#4734,.F.);
#6470=ORIENTED_EDGE('',*,*,#4735,.F.);
#6471=ORIENTED_EDGE('',*,*,#4733,.F.);
#6472=ORIENTED_EDGE('',*,*,#4734,.T.);
#6473=ORIENTED_EDGE('',*,*,#4719,.T.);
#6474=ORIENTED_EDGE('',*,*,#4735,.T.);
#6475=ORIENTED_EDGE('',*,*,#4715,.T.);
#6476=ORIENTED_EDGE('',*,*,#4232,.T.);
#6477=ORIENTED_EDGE('',*,*,#4729,.F.);
#6478=ORIENTED_EDGE('',*,*,#4736,.F.);
#6479=ORIENTED_EDGE('',*,*,#4731,.F.);
#6480=ORIENTED_EDGE('',*,*,#4351,.F.);
#6481=ORIENTED_EDGE('',*,*,#4717,.T.);
#6482=ORIENTED_EDGE('',*,*,#4736,.T.);
#6483=ORIENTED_EDGE('',*,*,#4737,.F.);
#6484=ORIENTED_EDGE('',*,*,#4738,.F.);
#6485=ORIENTED_EDGE('',*,*,#4739,.T.);
#6486=ORIENTED_EDGE('',*,*,#4740,.T.);
#6487=ORIENTED_EDGE('',*,*,#4741,.F.);
#6488=ORIENTED_EDGE('',*,*,#4730,.F.);
#6489=ORIENTED_EDGE('',*,*,#4739,.F.);
#6490=ORIENTED_EDGE('',*,*,#4742,.F.);
#6491=ORIENTED_EDGE('',*,*,#4740,.F.);
#6492=ORIENTED_EDGE('',*,*,#4738,.T.);
#6493=ORIENTED_EDGE('',*,*,#4743,.F.);
#6494=ORIENTED_EDGE('',*,*,#4726,.F.);
#6495=ORIENTED_EDGE('',*,*,#4741,.T.);
#6496=ORIENTED_EDGE('',*,*,#4742,.T.);
#6497=ORIENTED_EDGE('',*,*,#4744,.T.);
#6498=ORIENTED_EDGE('',*,*,#4716,.F.);
#6499=ORIENTED_EDGE('',*,*,#4744,.F.);
#6500=ORIENTED_EDGE('',*,*,#4743,.T.);
#6501=ORIENTED_EDGE('',*,*,#4737,.T.);
#6502=ORIENTED_EDGE('',*,*,#4327,.F.);
#6503=ORIENTED_EDGE('',*,*,#4074,.T.);
#6504=ORIENTED_EDGE('',*,*,#4321,.T.);
#6505=ORIENTED_EDGE('',*,*,#4184,.F.);
#6506=ORIENTED_EDGE('',*,*,#4336,.F.);
#6507=ORIENTED_EDGE('',*,*,#4745,.T.);
#6508=ORIENTED_EDGE('',*,*,#4746,.F.);
#6509=ORIENTED_EDGE('',*,*,#4233,.F.);
#6510=ORIENTED_EDGE('',*,*,#4747,.F.);
#6511=ORIENTED_EDGE('',*,*,#4748,.T.);
#6512=ORIENTED_EDGE('',*,*,#4749,.F.);
#6513=ORIENTED_EDGE('',*,*,#4332,.T.);
#6514=ORIENTED_EDGE('',*,*,#4750,.F.);
#6515=ORIENTED_EDGE('',*,*,#4745,.F.);
#6516=ORIENTED_EDGE('',*,*,#4751,.F.);
#6517=ORIENTED_EDGE('',*,*,#4752,.T.);
#6518=ORIENTED_EDGE('',*,*,#4753,.T.);
#6519=ORIENTED_EDGE('',*,*,#4754,.T.);
#6520=ORIENTED_EDGE('',*,*,#4753,.F.);
#6521=ORIENTED_EDGE('',*,*,#4755,.F.);
#6522=ORIENTED_EDGE('',*,*,#4756,.T.);
#6523=ORIENTED_EDGE('',*,*,#4754,.F.);
#6524=ORIENTED_EDGE('',*,*,#4757,.F.);
#6525=ORIENTED_EDGE('',*,*,#4234,.F.);
#6526=ORIENTED_EDGE('',*,*,#4746,.T.);
#6527=ORIENTED_EDGE('',*,*,#4758,.T.);
#6528=ORIENTED_EDGE('',*,*,#4750,.T.);
#6529=ORIENTED_EDGE('',*,*,#4335,.T.);
#6530=ORIENTED_EDGE('',*,*,#4759,.F.);
#6531=ORIENTED_EDGE('',*,*,#4760,.T.);
#6532=ORIENTED_EDGE('',*,*,#4761,.T.);
#6533=ORIENTED_EDGE('',*,*,#4235,.T.);
#6534=ORIENTED_EDGE('',*,*,#4757,.T.);
#6535=ORIENTED_EDGE('',*,*,#4762,.T.);
#6536=ORIENTED_EDGE('',*,*,#4759,.T.);
#6537=ORIENTED_EDGE('',*,*,#4334,.F.);
#6538=ORIENTED_EDGE('',*,*,#4763,.T.);
#6539=ORIENTED_EDGE('',*,*,#4764,.T.);
#6540=ORIENTED_EDGE('',*,*,#4765,.T.);
#6541=ORIENTED_EDGE('',*,*,#4760,.F.);
#6542=ORIENTED_EDGE('',*,*,#4756,.F.);
#6543=ORIENTED_EDGE('',*,*,#4764,.F.);
#6544=ORIENTED_EDGE('',*,*,#4755,.T.);
#6545=ORIENTED_EDGE('',*,*,#4752,.F.);
#6546=ORIENTED_EDGE('',*,*,#4766,.F.);
#6547=ORIENTED_EDGE('',*,*,#4767,.F.);
#6548=ORIENTED_EDGE('',*,*,#4765,.F.);
#6549=ORIENTED_EDGE('',*,*,#4766,.T.);
#6550=ORIENTED_EDGE('',*,*,#4751,.T.);
#6551=ORIENTED_EDGE('',*,*,#4767,.T.);
#6552=ORIENTED_EDGE('',*,*,#4747,.T.);
#6553=ORIENTED_EDGE('',*,*,#4236,.T.);
#6554=ORIENTED_EDGE('',*,*,#4761,.F.);
#6555=ORIENTED_EDGE('',*,*,#4768,.F.);
#6556=ORIENTED_EDGE('',*,*,#4763,.F.);
#6557=ORIENTED_EDGE('',*,*,#4333,.F.);
#6558=ORIENTED_EDGE('',*,*,#4749,.T.);
#6559=ORIENTED_EDGE('',*,*,#4768,.T.);
#6560=ORIENTED_EDGE('',*,*,#4769,.F.);
#6561=ORIENTED_EDGE('',*,*,#4770,.F.);
#6562=ORIENTED_EDGE('',*,*,#4771,.T.);
#6563=ORIENTED_EDGE('',*,*,#4772,.T.);
#6564=ORIENTED_EDGE('',*,*,#4773,.F.);
#6565=ORIENTED_EDGE('',*,*,#4762,.F.);
#6566=ORIENTED_EDGE('',*,*,#4771,.F.);
#6567=ORIENTED_EDGE('',*,*,#4774,.F.);
#6568=ORIENTED_EDGE('',*,*,#4772,.F.);
#6569=ORIENTED_EDGE('',*,*,#4770,.T.);
#6570=ORIENTED_EDGE('',*,*,#4775,.F.);
#6571=ORIENTED_EDGE('',*,*,#4758,.F.);
#6572=ORIENTED_EDGE('',*,*,#4773,.T.);
#6573=ORIENTED_EDGE('',*,*,#4774,.T.);
#6574=ORIENTED_EDGE('',*,*,#4776,.T.);
#6575=ORIENTED_EDGE('',*,*,#4748,.F.);
#6576=ORIENTED_EDGE('',*,*,#4776,.F.);
#6577=ORIENTED_EDGE('',*,*,#4775,.T.);
#6578=ORIENTED_EDGE('',*,*,#4769,.T.);
#6579=ORIENTED_EDGE('',*,*,#4309,.F.);
#6580=ORIENTED_EDGE('',*,*,#4080,.T.);
#6581=ORIENTED_EDGE('',*,*,#4303,.T.);
#6582=ORIENTED_EDGE('',*,*,#4187,.F.);
#6583=ORIENTED_EDGE('',*,*,#4318,.F.);
#6584=ORIENTED_EDGE('',*,*,#4777,.T.);
#6585=ORIENTED_EDGE('',*,*,#4778,.F.);
#6586=ORIENTED_EDGE('',*,*,#4237,.F.);
#6587=ORIENTED_EDGE('',*,*,#4779,.F.);
#6588=ORIENTED_EDGE('',*,*,#4780,.T.);
#6589=ORIENTED_EDGE('',*,*,#4781,.F.);
#6590=ORIENTED_EDGE('',*,*,#4314,.T.);
#6591=ORIENTED_EDGE('',*,*,#4782,.F.);
#6592=ORIENTED_EDGE('',*,*,#4777,.F.);
#6593=ORIENTED_EDGE('',*,*,#4783,.F.);
#6594=ORIENTED_EDGE('',*,*,#4784,.T.);
#6595=ORIENTED_EDGE('',*,*,#4785,.T.);
#6596=ORIENTED_EDGE('',*,*,#4786,.T.);
#6597=ORIENTED_EDGE('',*,*,#4785,.F.);
#6598=ORIENTED_EDGE('',*,*,#4787,.F.);
#6599=ORIENTED_EDGE('',*,*,#4788,.T.);
#6600=ORIENTED_EDGE('',*,*,#4786,.F.);
#6601=ORIENTED_EDGE('',*,*,#4789,.F.);
#6602=ORIENTED_EDGE('',*,*,#4238,.F.);
#6603=ORIENTED_EDGE('',*,*,#4778,.T.);
#6604=ORIENTED_EDGE('',*,*,#4790,.T.);
#6605=ORIENTED_EDGE('',*,*,#4782,.T.);
#6606=ORIENTED_EDGE('',*,*,#4317,.T.);
#6607=ORIENTED_EDGE('',*,*,#4791,.F.);
#6608=ORIENTED_EDGE('',*,*,#4792,.T.);
#6609=ORIENTED_EDGE('',*,*,#4793,.T.);
#6610=ORIENTED_EDGE('',*,*,#4239,.T.);
#6611=ORIENTED_EDGE('',*,*,#4789,.T.);
#6612=ORIENTED_EDGE('',*,*,#4794,.T.);
#6613=ORIENTED_EDGE('',*,*,#4791,.T.);
#6614=ORIENTED_EDGE('',*,*,#4316,.F.);
#6615=ORIENTED_EDGE('',*,*,#4795,.T.);
#6616=ORIENTED_EDGE('',*,*,#4796,.T.);
#6617=ORIENTED_EDGE('',*,*,#4797,.T.);
#6618=ORIENTED_EDGE('',*,*,#4792,.F.);
#6619=ORIENTED_EDGE('',*,*,#4788,.F.);
#6620=ORIENTED_EDGE('',*,*,#4796,.F.);
#6621=ORIENTED_EDGE('',*,*,#4787,.T.);
#6622=ORIENTED_EDGE('',*,*,#4784,.F.);
#6623=ORIENTED_EDGE('',*,*,#4798,.F.);
#6624=ORIENTED_EDGE('',*,*,#4799,.F.);
#6625=ORIENTED_EDGE('',*,*,#4797,.F.);
#6626=ORIENTED_EDGE('',*,*,#4798,.T.);
#6627=ORIENTED_EDGE('',*,*,#4783,.T.);
#6628=ORIENTED_EDGE('',*,*,#4799,.T.);
#6629=ORIENTED_EDGE('',*,*,#4779,.T.);
#6630=ORIENTED_EDGE('',*,*,#4240,.T.);
#6631=ORIENTED_EDGE('',*,*,#4793,.F.);
#6632=ORIENTED_EDGE('',*,*,#4800,.F.);
#6633=ORIENTED_EDGE('',*,*,#4795,.F.);
#6634=ORIENTED_EDGE('',*,*,#4315,.F.);
#6635=ORIENTED_EDGE('',*,*,#4781,.T.);
#6636=ORIENTED_EDGE('',*,*,#4800,.T.);
#6637=ORIENTED_EDGE('',*,*,#4801,.F.);
#6638=ORIENTED_EDGE('',*,*,#4802,.F.);
#6639=ORIENTED_EDGE('',*,*,#4803,.T.);
#6640=ORIENTED_EDGE('',*,*,#4804,.T.);
#6641=ORIENTED_EDGE('',*,*,#4805,.F.);
#6642=ORIENTED_EDGE('',*,*,#4794,.F.);
#6643=ORIENTED_EDGE('',*,*,#4803,.F.);
#6644=ORIENTED_EDGE('',*,*,#4806,.F.);
#6645=ORIENTED_EDGE('',*,*,#4804,.F.);
#6646=ORIENTED_EDGE('',*,*,#4802,.T.);
#6647=ORIENTED_EDGE('',*,*,#4807,.F.);
#6648=ORIENTED_EDGE('',*,*,#4790,.F.);
#6649=ORIENTED_EDGE('',*,*,#4805,.T.);
#6650=ORIENTED_EDGE('',*,*,#4806,.T.);
#6651=ORIENTED_EDGE('',*,*,#4808,.T.);
#6652=ORIENTED_EDGE('',*,*,#4780,.F.);
#6653=ORIENTED_EDGE('',*,*,#4808,.F.);
#6654=ORIENTED_EDGE('',*,*,#4807,.T.);
#6655=ORIENTED_EDGE('',*,*,#4801,.T.);
#6656=ORIENTED_EDGE('',*,*,#4291,.F.);
#6657=ORIENTED_EDGE('',*,*,#4086,.T.);
#6658=ORIENTED_EDGE('',*,*,#4285,.T.);
#6659=ORIENTED_EDGE('',*,*,#4190,.F.);
#6660=ORIENTED_EDGE('',*,*,#4300,.F.);
#6661=ORIENTED_EDGE('',*,*,#4809,.T.);
#6662=ORIENTED_EDGE('',*,*,#4810,.F.);
#6663=ORIENTED_EDGE('',*,*,#4241,.F.);
#6664=ORIENTED_EDGE('',*,*,#4811,.F.);
#6665=ORIENTED_EDGE('',*,*,#4812,.T.);
#6666=ORIENTED_EDGE('',*,*,#4813,.F.);
#6667=ORIENTED_EDGE('',*,*,#4296,.T.);
#6668=ORIENTED_EDGE('',*,*,#4814,.F.);
#6669=ORIENTED_EDGE('',*,*,#4809,.F.);
#6670=ORIENTED_EDGE('',*,*,#4815,.F.);
#6671=ORIENTED_EDGE('',*,*,#4816,.T.);
#6672=ORIENTED_EDGE('',*,*,#4817,.T.);
#6673=ORIENTED_EDGE('',*,*,#4818,.T.);
#6674=ORIENTED_EDGE('',*,*,#4817,.F.);
#6675=ORIENTED_EDGE('',*,*,#4819,.F.);
#6676=ORIENTED_EDGE('',*,*,#4820,.T.);
#6677=ORIENTED_EDGE('',*,*,#4818,.F.);
#6678=ORIENTED_EDGE('',*,*,#4821,.F.);
#6679=ORIENTED_EDGE('',*,*,#4242,.F.);
#6680=ORIENTED_EDGE('',*,*,#4810,.T.);
#6681=ORIENTED_EDGE('',*,*,#4822,.T.);
#6682=ORIENTED_EDGE('',*,*,#4814,.T.);
#6683=ORIENTED_EDGE('',*,*,#4299,.T.);
#6684=ORIENTED_EDGE('',*,*,#4823,.F.);
#6685=ORIENTED_EDGE('',*,*,#4824,.T.);
#6686=ORIENTED_EDGE('',*,*,#4825,.T.);
#6687=ORIENTED_EDGE('',*,*,#4243,.T.);
#6688=ORIENTED_EDGE('',*,*,#4821,.T.);
#6689=ORIENTED_EDGE('',*,*,#4826,.T.);
#6690=ORIENTED_EDGE('',*,*,#4823,.T.);
#6691=ORIENTED_EDGE('',*,*,#4298,.F.);
#6692=ORIENTED_EDGE('',*,*,#4827,.T.);
#6693=ORIENTED_EDGE('',*,*,#4828,.T.);
#6694=ORIENTED_EDGE('',*,*,#4829,.T.);
#6695=ORIENTED_EDGE('',*,*,#4824,.F.);
#6696=ORIENTED_EDGE('',*,*,#4820,.F.);
#6697=ORIENTED_EDGE('',*,*,#4828,.F.);
#6698=ORIENTED_EDGE('',*,*,#4819,.T.);
#6699=ORIENTED_EDGE('',*,*,#4816,.F.);
#6700=ORIENTED_EDGE('',*,*,#4830,.F.);
#6701=ORIENTED_EDGE('',*,*,#4831,.F.);
#6702=ORIENTED_EDGE('',*,*,#4829,.F.);
#6703=ORIENTED_EDGE('',*,*,#4830,.T.);
#6704=ORIENTED_EDGE('',*,*,#4815,.T.);
#6705=ORIENTED_EDGE('',*,*,#4831,.T.);
#6706=ORIENTED_EDGE('',*,*,#4811,.T.);
#6707=ORIENTED_EDGE('',*,*,#4244,.T.);
#6708=ORIENTED_EDGE('',*,*,#4825,.F.);
#6709=ORIENTED_EDGE('',*,*,#4832,.F.);
#6710=ORIENTED_EDGE('',*,*,#4827,.F.);
#6711=ORIENTED_EDGE('',*,*,#4297,.F.);
#6712=ORIENTED_EDGE('',*,*,#4813,.T.);
#6713=ORIENTED_EDGE('',*,*,#4832,.T.);
#6714=ORIENTED_EDGE('',*,*,#4833,.F.);
#6715=ORIENTED_EDGE('',*,*,#4834,.F.);
#6716=ORIENTED_EDGE('',*,*,#4835,.T.);
#6717=ORIENTED_EDGE('',*,*,#4836,.T.);
#6718=ORIENTED_EDGE('',*,*,#4837,.F.);
#6719=ORIENTED_EDGE('',*,*,#4826,.F.);
#6720=ORIENTED_EDGE('',*,*,#4835,.F.);
#6721=ORIENTED_EDGE('',*,*,#4838,.F.);
#6722=ORIENTED_EDGE('',*,*,#4836,.F.);
#6723=ORIENTED_EDGE('',*,*,#4834,.T.);
#6724=ORIENTED_EDGE('',*,*,#4839,.F.);
#6725=ORIENTED_EDGE('',*,*,#4822,.F.);
#6726=ORIENTED_EDGE('',*,*,#4837,.T.);
#6727=ORIENTED_EDGE('',*,*,#4838,.T.);
#6728=ORIENTED_EDGE('',*,*,#4840,.T.);
#6729=ORIENTED_EDGE('',*,*,#4812,.F.);
#6730=ORIENTED_EDGE('',*,*,#4840,.F.);
#6731=ORIENTED_EDGE('',*,*,#4839,.T.);
#6732=ORIENTED_EDGE('',*,*,#4833,.T.);
#6733=ORIENTED_EDGE('',*,*,#4273,.F.);
#6734=ORIENTED_EDGE('',*,*,#4092,.T.);
#6735=ORIENTED_EDGE('',*,*,#4267,.T.);
#6736=ORIENTED_EDGE('',*,*,#4193,.F.);
#6737=ORIENTED_EDGE('',*,*,#4282,.F.);
#6738=ORIENTED_EDGE('',*,*,#4841,.T.);
#6739=ORIENTED_EDGE('',*,*,#4842,.F.);
#6740=ORIENTED_EDGE('',*,*,#4245,.F.);
#6741=ORIENTED_EDGE('',*,*,#4843,.F.);
#6742=ORIENTED_EDGE('',*,*,#4844,.T.);
#6743=ORIENTED_EDGE('',*,*,#4845,.F.);
#6744=ORIENTED_EDGE('',*,*,#4278,.T.);
#6745=ORIENTED_EDGE('',*,*,#4846,.F.);
#6746=ORIENTED_EDGE('',*,*,#4841,.F.);
#6747=ORIENTED_EDGE('',*,*,#4847,.F.);
#6748=ORIENTED_EDGE('',*,*,#4848,.T.);
#6749=ORIENTED_EDGE('',*,*,#4849,.T.);
#6750=ORIENTED_EDGE('',*,*,#4850,.T.);
#6751=ORIENTED_EDGE('',*,*,#4849,.F.);
#6752=ORIENTED_EDGE('',*,*,#4851,.F.);
#6753=ORIENTED_EDGE('',*,*,#4852,.T.);
#6754=ORIENTED_EDGE('',*,*,#4850,.F.);
#6755=ORIENTED_EDGE('',*,*,#4853,.F.);
#6756=ORIENTED_EDGE('',*,*,#4246,.F.);
#6757=ORIENTED_EDGE('',*,*,#4842,.T.);
#6758=ORIENTED_EDGE('',*,*,#4854,.T.);
#6759=ORIENTED_EDGE('',*,*,#4846,.T.);
#6760=ORIENTED_EDGE('',*,*,#4281,.T.);
#6761=ORIENTED_EDGE('',*,*,#4855,.F.);
#6762=ORIENTED_EDGE('',*,*,#4856,.T.);
#6763=ORIENTED_EDGE('',*,*,#4857,.T.);
#6764=ORIENTED_EDGE('',*,*,#4247,.T.);
#6765=ORIENTED_EDGE('',*,*,#4853,.T.);
#6766=ORIENTED_EDGE('',*,*,#4858,.T.);
#6767=ORIENTED_EDGE('',*,*,#4855,.T.);
#6768=ORIENTED_EDGE('',*,*,#4280,.F.);
#6769=ORIENTED_EDGE('',*,*,#4859,.T.);
#6770=ORIENTED_EDGE('',*,*,#4860,.T.);
#6771=ORIENTED_EDGE('',*,*,#4861,.T.);
#6772=ORIENTED_EDGE('',*,*,#4856,.F.);
#6773=ORIENTED_EDGE('',*,*,#4852,.F.);
#6774=ORIENTED_EDGE('',*,*,#4860,.F.);
#6775=ORIENTED_EDGE('',*,*,#4851,.T.);
#6776=ORIENTED_EDGE('',*,*,#4848,.F.);
#6777=ORIENTED_EDGE('',*,*,#4862,.F.);
#6778=ORIENTED_EDGE('',*,*,#4863,.F.);
#6779=ORIENTED_EDGE('',*,*,#4861,.F.);
#6780=ORIENTED_EDGE('',*,*,#4862,.T.);
#6781=ORIENTED_EDGE('',*,*,#4847,.T.);
#6782=ORIENTED_EDGE('',*,*,#4863,.T.);
#6783=ORIENTED_EDGE('',*,*,#4843,.T.);
#6784=ORIENTED_EDGE('',*,*,#4248,.T.);
#6785=ORIENTED_EDGE('',*,*,#4857,.F.);
#6786=ORIENTED_EDGE('',*,*,#4864,.F.);
#6787=ORIENTED_EDGE('',*,*,#4859,.F.);
#6788=ORIENTED_EDGE('',*,*,#4279,.F.);
#6789=ORIENTED_EDGE('',*,*,#4845,.T.);
#6790=ORIENTED_EDGE('',*,*,#4864,.T.);
#6791=ORIENTED_EDGE('',*,*,#4865,.F.);
#6792=ORIENTED_EDGE('',*,*,#4866,.F.);
#6793=ORIENTED_EDGE('',*,*,#4867,.T.);
#6794=ORIENTED_EDGE('',*,*,#4868,.T.);
#6795=ORIENTED_EDGE('',*,*,#4869,.F.);
#6796=ORIENTED_EDGE('',*,*,#4858,.F.);
#6797=ORIENTED_EDGE('',*,*,#4867,.F.);
#6798=ORIENTED_EDGE('',*,*,#4870,.F.);
#6799=ORIENTED_EDGE('',*,*,#4868,.F.);
#6800=ORIENTED_EDGE('',*,*,#4866,.T.);
#6801=ORIENTED_EDGE('',*,*,#4871,.F.);
#6802=ORIENTED_EDGE('',*,*,#4854,.F.);
#6803=ORIENTED_EDGE('',*,*,#4869,.T.);
#6804=ORIENTED_EDGE('',*,*,#4870,.T.);
#6805=ORIENTED_EDGE('',*,*,#4872,.T.);
#6806=ORIENTED_EDGE('',*,*,#4844,.F.);
#6807=ORIENTED_EDGE('',*,*,#4872,.F.);
#6808=ORIENTED_EDGE('',*,*,#4871,.T.);
#6809=ORIENTED_EDGE('',*,*,#4865,.T.);
#6810=ORIENTED_EDGE('',*,*,#4255,.F.);
#6811=ORIENTED_EDGE('',*,*,#4011,.T.);
#6812=ORIENTED_EDGE('',*,*,#4008,.T.);
#6813=ORIENTED_EDGE('',*,*,#4196,.F.);
#6814=ORIENTED_EDGE('',*,*,#4264,.F.);
#6815=ORIENTED_EDGE('',*,*,#4873,.T.);
#6816=ORIENTED_EDGE('',*,*,#4874,.F.);
#6817=ORIENTED_EDGE('',*,*,#4249,.F.);
#6818=ORIENTED_EDGE('',*,*,#4875,.F.);
#6819=ORIENTED_EDGE('',*,*,#4876,.T.);
#6820=ORIENTED_EDGE('',*,*,#4877,.F.);
#6821=ORIENTED_EDGE('',*,*,#4260,.T.);
#6822=ORIENTED_EDGE('',*,*,#4878,.F.);
#6823=ORIENTED_EDGE('',*,*,#4873,.F.);
#6824=ORIENTED_EDGE('',*,*,#4879,.F.);
#6825=ORIENTED_EDGE('',*,*,#4880,.T.);
#6826=ORIENTED_EDGE('',*,*,#4881,.T.);
#6827=ORIENTED_EDGE('',*,*,#4882,.T.);
#6828=ORIENTED_EDGE('',*,*,#4881,.F.);
#6829=ORIENTED_EDGE('',*,*,#4883,.F.);
#6830=ORIENTED_EDGE('',*,*,#4884,.T.);
#6831=ORIENTED_EDGE('',*,*,#4882,.F.);
#6832=ORIENTED_EDGE('',*,*,#4885,.F.);
#6833=ORIENTED_EDGE('',*,*,#4250,.F.);
#6834=ORIENTED_EDGE('',*,*,#4874,.T.);
#6835=ORIENTED_EDGE('',*,*,#4886,.T.);
#6836=ORIENTED_EDGE('',*,*,#4878,.T.);
#6837=ORIENTED_EDGE('',*,*,#4263,.T.);
#6838=ORIENTED_EDGE('',*,*,#4887,.F.);
#6839=ORIENTED_EDGE('',*,*,#4888,.T.);
#6840=ORIENTED_EDGE('',*,*,#4889,.T.);
#6841=ORIENTED_EDGE('',*,*,#4251,.T.);
#6842=ORIENTED_EDGE('',*,*,#4885,.T.);
#6843=ORIENTED_EDGE('',*,*,#4890,.T.);
#6844=ORIENTED_EDGE('',*,*,#4887,.T.);
#6845=ORIENTED_EDGE('',*,*,#4262,.F.);
#6846=ORIENTED_EDGE('',*,*,#4891,.T.);
#6847=ORIENTED_EDGE('',*,*,#4892,.T.);
#6848=ORIENTED_EDGE('',*,*,#4893,.T.);
#6849=ORIENTED_EDGE('',*,*,#4888,.F.);
#6850=ORIENTED_EDGE('',*,*,#4884,.F.);
#6851=ORIENTED_EDGE('',*,*,#4892,.F.);
#6852=ORIENTED_EDGE('',*,*,#4883,.T.);
#6853=ORIENTED_EDGE('',*,*,#4880,.F.);
#6854=ORIENTED_EDGE('',*,*,#4894,.F.);
#6855=ORIENTED_EDGE('',*,*,#4895,.F.);
#6856=ORIENTED_EDGE('',*,*,#4893,.F.);
#6857=ORIENTED_EDGE('',*,*,#4894,.T.);
#6858=ORIENTED_EDGE('',*,*,#4879,.T.);
#6859=ORIENTED_EDGE('',*,*,#4895,.T.);
#6860=ORIENTED_EDGE('',*,*,#4875,.T.);
#6861=ORIENTED_EDGE('',*,*,#4252,.T.);
#6862=ORIENTED_EDGE('',*,*,#4889,.F.);
#6863=ORIENTED_EDGE('',*,*,#4896,.F.);
#6864=ORIENTED_EDGE('',*,*,#4891,.F.);
#6865=ORIENTED_EDGE('',*,*,#4261,.F.);
#6866=ORIENTED_EDGE('',*,*,#4877,.T.);
#6867=ORIENTED_EDGE('',*,*,#4896,.T.);
#6868=ORIENTED_EDGE('',*,*,#4897,.F.);
#6869=ORIENTED_EDGE('',*,*,#4898,.F.);
#6870=ORIENTED_EDGE('',*,*,#4899,.T.);
#6871=ORIENTED_EDGE('',*,*,#4900,.T.);
#6872=ORIENTED_EDGE('',*,*,#4901,.F.);
#6873=ORIENTED_EDGE('',*,*,#4890,.F.);
#6874=ORIENTED_EDGE('',*,*,#4899,.F.);
#6875=ORIENTED_EDGE('',*,*,#4902,.F.);
#6876=ORIENTED_EDGE('',*,*,#4900,.F.);
#6877=ORIENTED_EDGE('',*,*,#4898,.T.);
#6878=ORIENTED_EDGE('',*,*,#4903,.F.);
#6879=ORIENTED_EDGE('',*,*,#4886,.F.);
#6880=ORIENTED_EDGE('',*,*,#4901,.T.);
#6881=ORIENTED_EDGE('',*,*,#4902,.T.);
#6882=ORIENTED_EDGE('',*,*,#4904,.T.);
#6883=ORIENTED_EDGE('',*,*,#4876,.F.);
#6884=ORIENTED_EDGE('',*,*,#4904,.F.);
#6885=ORIENTED_EDGE('',*,*,#4903,.T.);
#6886=ORIENTED_EDGE('',*,*,#4897,.T.);
#6887=ORIENTED_EDGE('',*,*,#4905,.T.);
#6888=ORIENTED_EDGE('',*,*,#4906,.F.);
#6889=ORIENTED_EDGE('',*,*,#4197,.F.);
#6890=ORIENTED_EDGE('',*,*,#4907,.F.);
#6891=ORIENTED_EDGE('',*,*,#4908,.T.);
#6892=ORIENTED_EDGE('',*,*,#4909,.F.);
#6893=ORIENTED_EDGE('',*,*,#4111,.T.);
#6894=ORIENTED_EDGE('',*,*,#4910,.F.);
#6895=ORIENTED_EDGE('',*,*,#4905,.F.);
#6896=ORIENTED_EDGE('',*,*,#4911,.F.);
#6897=ORIENTED_EDGE('',*,*,#4912,.T.);
#6898=ORIENTED_EDGE('',*,*,#4913,.T.);
#6899=ORIENTED_EDGE('',*,*,#4914,.T.);
#6900=ORIENTED_EDGE('',*,*,#4913,.F.);
#6901=ORIENTED_EDGE('',*,*,#4915,.F.);
#6902=ORIENTED_EDGE('',*,*,#4916,.T.);
#6903=ORIENTED_EDGE('',*,*,#4914,.F.);
#6904=ORIENTED_EDGE('',*,*,#4917,.F.);
#6905=ORIENTED_EDGE('',*,*,#4198,.F.);
#6906=ORIENTED_EDGE('',*,*,#4906,.T.);
#6907=ORIENTED_EDGE('',*,*,#4918,.T.);
#6908=ORIENTED_EDGE('',*,*,#4910,.T.);
#6909=ORIENTED_EDGE('',*,*,#4114,.T.);
#6910=ORIENTED_EDGE('',*,*,#4919,.F.);
#6911=ORIENTED_EDGE('',*,*,#4920,.T.);
#6912=ORIENTED_EDGE('',*,*,#4921,.T.);
#6913=ORIENTED_EDGE('',*,*,#4199,.T.);
#6914=ORIENTED_EDGE('',*,*,#4917,.T.);
#6915=ORIENTED_EDGE('',*,*,#4922,.T.);
#6916=ORIENTED_EDGE('',*,*,#4919,.T.);
#6917=ORIENTED_EDGE('',*,*,#4113,.F.);
#6918=ORIENTED_EDGE('',*,*,#4923,.T.);
#6919=ORIENTED_EDGE('',*,*,#4924,.T.);
#6920=ORIENTED_EDGE('',*,*,#4925,.T.);
#6921=ORIENTED_EDGE('',*,*,#4920,.F.);
#6922=ORIENTED_EDGE('',*,*,#4916,.F.);
#6923=ORIENTED_EDGE('',*,*,#4924,.F.);
#6924=ORIENTED_EDGE('',*,*,#4915,.T.);
#6925=ORIENTED_EDGE('',*,*,#4912,.F.);
#6926=ORIENTED_EDGE('',*,*,#4926,.F.);
#6927=ORIENTED_EDGE('',*,*,#4927,.F.);
#6928=ORIENTED_EDGE('',*,*,#4925,.F.);
#6929=ORIENTED_EDGE('',*,*,#4926,.T.);
#6930=ORIENTED_EDGE('',*,*,#4911,.T.);
#6931=ORIENTED_EDGE('',*,*,#4927,.T.);
#6932=ORIENTED_EDGE('',*,*,#4907,.T.);
#6933=ORIENTED_EDGE('',*,*,#4200,.T.);
#6934=ORIENTED_EDGE('',*,*,#4921,.F.);
#6935=ORIENTED_EDGE('',*,*,#4928,.F.);
#6936=ORIENTED_EDGE('',*,*,#4923,.F.);
#6937=ORIENTED_EDGE('',*,*,#4112,.F.);
#6938=ORIENTED_EDGE('',*,*,#4909,.T.);
#6939=ORIENTED_EDGE('',*,*,#4928,.T.);
#6940=ORIENTED_EDGE('',*,*,#4929,.F.);
#6941=ORIENTED_EDGE('',*,*,#4930,.F.);
#6942=ORIENTED_EDGE('',*,*,#4931,.T.);
#6943=ORIENTED_EDGE('',*,*,#4932,.T.);
#6944=ORIENTED_EDGE('',*,*,#4933,.F.);
#6945=ORIENTED_EDGE('',*,*,#4922,.F.);
#6946=ORIENTED_EDGE('',*,*,#4931,.F.);
#6947=ORIENTED_EDGE('',*,*,#4934,.F.);
#6948=ORIENTED_EDGE('',*,*,#4932,.F.);
#6949=ORIENTED_EDGE('',*,*,#4930,.T.);
#6950=ORIENTED_EDGE('',*,*,#4935,.F.);
#6951=ORIENTED_EDGE('',*,*,#4918,.F.);
#6952=ORIENTED_EDGE('',*,*,#4933,.T.);
#6953=ORIENTED_EDGE('',*,*,#4934,.T.);
#6954=ORIENTED_EDGE('',*,*,#4936,.T.);
#6955=ORIENTED_EDGE('',*,*,#4908,.F.);
#6956=ORIENTED_EDGE('',*,*,#4936,.F.);
#6957=ORIENTED_EDGE('',*,*,#4935,.T.);
#6958=ORIENTED_EDGE('',*,*,#4929,.T.);
#6959=ORIENTED_EDGE('',*,*,#4937,.T.);
#6960=ORIENTED_EDGE('',*,*,#4938,.T.);
#6961=ORIENTED_EDGE('',*,*,#4937,.F.);
#6962=ORIENTED_EDGE('',*,*,#4939,.T.);
#6963=ORIENTED_EDGE('',*,*,#4940,.T.);
#6964=ORIENTED_EDGE('',*,*,#4938,.F.);
#6965=ORIENTED_EDGE('',*,*,#4939,.F.);
#6966=ORIENTED_EDGE('',*,*,#4940,.F.);
#6967=ORIENTED_EDGE('',*,*,#4941,.T.);
#6968=ORIENTED_EDGE('',*,*,#4942,.T.);
#6969=ORIENTED_EDGE('',*,*,#4941,.F.);
#6970=ORIENTED_EDGE('',*,*,#4942,.F.);
#6971=ORIENTED_EDGE('',*,*,#4943,.T.);
#6972=ORIENTED_EDGE('',*,*,#4944,.T.);
#6973=ORIENTED_EDGE('',*,*,#4943,.F.);
#6974=ORIENTED_EDGE('',*,*,#4945,.T.);
#6975=ORIENTED_EDGE('',*,*,#4946,.T.);
#6976=ORIENTED_EDGE('',*,*,#4944,.F.);
#6977=ORIENTED_EDGE('',*,*,#4945,.F.);
#6978=ORIENTED_EDGE('',*,*,#4946,.F.);
#6979=ORIENTED_EDGE('',*,*,#4947,.T.);
#6980=ORIENTED_EDGE('',*,*,#4948,.T.);
#6981=ORIENTED_EDGE('',*,*,#4947,.F.);
#6982=ORIENTED_EDGE('',*,*,#4948,.F.);
#6983=ORIENTED_EDGE('',*,*,#4949,.T.);
#6984=ORIENTED_EDGE('',*,*,#4950,.T.);
#6985=ORIENTED_EDGE('',*,*,#4949,.F.);
#6986=ORIENTED_EDGE('',*,*,#4951,.T.);
#6987=ORIENTED_EDGE('',*,*,#4952,.T.);
#6988=ORIENTED_EDGE('',*,*,#4950,.F.);
#6989=ORIENTED_EDGE('',*,*,#4951,.F.);
#6990=ORIENTED_EDGE('',*,*,#4952,.F.);
#6991=ORIENTED_EDGE('',*,*,#4953,.T.);
#6992=ORIENTED_EDGE('',*,*,#4954,.T.);
#6993=ORIENTED_EDGE('',*,*,#4953,.F.);
#6994=ORIENTED_EDGE('',*,*,#4954,.F.);
#6995=ORIENTED_EDGE('',*,*,#4955,.T.);
#6996=ORIENTED_EDGE('',*,*,#4956,.T.);
#6997=ORIENTED_EDGE('',*,*,#4955,.F.);
#6998=ORIENTED_EDGE('',*,*,#4957,.T.);
#6999=ORIENTED_EDGE('',*,*,#4958,.T.);
#7000=ORIENTED_EDGE('',*,*,#4956,.F.);
#7001=ORIENTED_EDGE('',*,*,#4957,.F.);
#7002=ORIENTED_EDGE('',*,*,#4958,.F.);
#7003=ORIENTED_EDGE('',*,*,#4959,.T.);
#7004=ORIENTED_EDGE('',*,*,#4960,.T.);
#7005=ORIENTED_EDGE('',*,*,#4959,.F.);
#7006=ORIENTED_EDGE('',*,*,#4960,.F.);
#7007=ORIENTED_EDGE('',*,*,#4961,.T.);
#7008=ORIENTED_EDGE('',*,*,#4962,.T.);
#7009=ORIENTED_EDGE('',*,*,#4961,.F.);
#7010=ORIENTED_EDGE('',*,*,#4963,.T.);
#7011=ORIENTED_EDGE('',*,*,#4964,.T.);
#7012=ORIENTED_EDGE('',*,*,#4962,.F.);
#7013=ORIENTED_EDGE('',*,*,#4963,.F.);
#7014=ORIENTED_EDGE('',*,*,#4964,.F.);
#7015=ORIENTED_EDGE('',*,*,#4965,.T.);
#7016=ORIENTED_EDGE('',*,*,#4966,.T.);
#7017=ORIENTED_EDGE('',*,*,#4965,.F.);
#7018=ORIENTED_EDGE('',*,*,#4966,.F.);
#7019=ORIENTED_EDGE('',*,*,#4967,.T.);
#7020=ORIENTED_EDGE('',*,*,#4968,.T.);
#7021=ORIENTED_EDGE('',*,*,#4967,.F.);
#7022=ORIENTED_EDGE('',*,*,#4969,.T.);
#7023=ORIENTED_EDGE('',*,*,#4970,.T.);
#7024=ORIENTED_EDGE('',*,*,#4968,.F.);
#7025=ORIENTED_EDGE('',*,*,#4969,.F.);
#7026=ORIENTED_EDGE('',*,*,#4970,.F.);
#7027=ORIENTED_EDGE('',*,*,#4971,.T.);
#7028=ORIENTED_EDGE('',*,*,#4972,.T.);
#7029=ORIENTED_EDGE('',*,*,#4971,.F.);
#7030=ORIENTED_EDGE('',*,*,#4972,.F.);
#7031=ORIENTED_EDGE('',*,*,#4973,.T.);
#7032=ORIENTED_EDGE('',*,*,#4974,.T.);
#7033=ORIENTED_EDGE('',*,*,#4973,.F.);
#7034=ORIENTED_EDGE('',*,*,#4975,.T.);
#7035=ORIENTED_EDGE('',*,*,#4976,.T.);
#7036=ORIENTED_EDGE('',*,*,#4974,.F.);
#7037=ORIENTED_EDGE('',*,*,#4975,.F.);
#7038=ORIENTED_EDGE('',*,*,#4976,.F.);
#7039=ORIENTED_EDGE('',*,*,#4977,.T.);
#7040=ORIENTED_EDGE('',*,*,#4978,.T.);
#7041=ORIENTED_EDGE('',*,*,#4977,.F.);
#7042=ORIENTED_EDGE('',*,*,#4978,.F.);
#7043=ORIENTED_EDGE('',*,*,#4979,.T.);
#7044=ORIENTED_EDGE('',*,*,#4980,.T.);
#7045=ORIENTED_EDGE('',*,*,#4979,.F.);
#7046=ORIENTED_EDGE('',*,*,#4981,.T.);
#7047=ORIENTED_EDGE('',*,*,#4982,.T.);
#7048=ORIENTED_EDGE('',*,*,#4980,.F.);
#7049=ORIENTED_EDGE('',*,*,#4981,.F.);
#7050=ORIENTED_EDGE('',*,*,#4982,.F.);
#7051=ORIENTED_EDGE('',*,*,#4983,.T.);
#7052=ORIENTED_EDGE('',*,*,#4984,.T.);
#7053=ORIENTED_EDGE('',*,*,#4983,.F.);
#7054=ORIENTED_EDGE('',*,*,#4984,.F.);
#7055=ORIENTED_EDGE('',*,*,#4985,.T.);
#7056=ORIENTED_EDGE('',*,*,#4986,.T.);
#7057=ORIENTED_EDGE('',*,*,#4985,.F.);
#7058=ORIENTED_EDGE('',*,*,#4987,.T.);
#7059=ORIENTED_EDGE('',*,*,#4988,.T.);
#7060=ORIENTED_EDGE('',*,*,#4986,.F.);
#7061=ORIENTED_EDGE('',*,*,#4987,.F.);
#7062=ORIENTED_EDGE('',*,*,#4988,.F.);
#7063=ORIENTED_EDGE('',*,*,#4989,.T.);
#7064=ORIENTED_EDGE('',*,*,#4990,.T.);
#7065=ORIENTED_EDGE('',*,*,#4989,.F.);
#7066=ORIENTED_EDGE('',*,*,#4990,.F.);
#7067=ORIENTED_EDGE('',*,*,#4991,.T.);
#7068=ORIENTED_EDGE('',*,*,#4992,.T.);
#7069=ORIENTED_EDGE('',*,*,#4991,.F.);
#7070=ORIENTED_EDGE('',*,*,#4993,.T.);
#7071=ORIENTED_EDGE('',*,*,#4994,.T.);
#7072=ORIENTED_EDGE('',*,*,#4992,.F.);
#7073=ORIENTED_EDGE('',*,*,#4993,.F.);
#7074=ORIENTED_EDGE('',*,*,#4994,.F.);
#7075=ORIENTED_EDGE('',*,*,#4995,.T.);
#7076=ORIENTED_EDGE('',*,*,#4996,.T.);
#7077=ORIENTED_EDGE('',*,*,#4995,.F.);
#7078=ORIENTED_EDGE('',*,*,#4996,.F.);
#7079=ORIENTED_EDGE('',*,*,#4997,.T.);
#7080=ORIENTED_EDGE('',*,*,#4998,.T.);
#7081=ORIENTED_EDGE('',*,*,#4997,.F.);
#7082=ORIENTED_EDGE('',*,*,#4999,.T.);
#7083=ORIENTED_EDGE('',*,*,#5000,.T.);
#7084=ORIENTED_EDGE('',*,*,#4998,.F.);
#7085=ORIENTED_EDGE('',*,*,#4999,.F.);
#7086=ORIENTED_EDGE('',*,*,#5000,.F.);
#7087=ORIENTED_EDGE('',*,*,#5001,.T.);
#7088=ORIENTED_EDGE('',*,*,#5002,.T.);
#7089=ORIENTED_EDGE('',*,*,#5001,.F.);
#7090=ORIENTED_EDGE('',*,*,#5002,.F.);
#7091=ORIENTED_EDGE('',*,*,#5003,.T.);
#7092=ORIENTED_EDGE('',*,*,#5004,.T.);
#7093=ORIENTED_EDGE('',*,*,#5003,.F.);
#7094=ORIENTED_EDGE('',*,*,#5005,.T.);
#7095=ORIENTED_EDGE('',*,*,#5006,.T.);
#7096=ORIENTED_EDGE('',*,*,#5004,.F.);
#7097=ORIENTED_EDGE('',*,*,#5005,.F.);
#7098=ORIENTED_EDGE('',*,*,#5006,.F.);
#7099=ORIENTED_EDGE('',*,*,#5007,.T.);
#7100=ORIENTED_EDGE('',*,*,#5008,.T.);
#7101=ORIENTED_EDGE('',*,*,#5007,.F.);
#7102=ORIENTED_EDGE('',*,*,#5008,.F.);
#7103=ORIENTED_EDGE('',*,*,#5009,.T.);
#7104=ORIENTED_EDGE('',*,*,#5010,.T.);
#7105=ORIENTED_EDGE('',*,*,#5009,.F.);
#7106=ORIENTED_EDGE('',*,*,#5011,.T.);
#7107=ORIENTED_EDGE('',*,*,#5012,.T.);
#7108=ORIENTED_EDGE('',*,*,#5010,.F.);
#7109=ORIENTED_EDGE('',*,*,#5011,.F.);
#7110=ORIENTED_EDGE('',*,*,#5012,.F.);
#7111=ORIENTED_EDGE('',*,*,#5013,.T.);
#7112=ORIENTED_EDGE('',*,*,#5014,.T.);
#7113=ORIENTED_EDGE('',*,*,#5013,.F.);
#7114=ORIENTED_EDGE('',*,*,#5014,.F.);
#7115=ORIENTED_EDGE('',*,*,#5015,.T.);
#7116=ORIENTED_EDGE('',*,*,#5016,.T.);
#7117=ORIENTED_EDGE('',*,*,#5015,.F.);
#7118=ORIENTED_EDGE('',*,*,#5017,.T.);
#7119=ORIENTED_EDGE('',*,*,#5018,.T.);
#7120=ORIENTED_EDGE('',*,*,#5016,.F.);
#7121=ORIENTED_EDGE('',*,*,#5017,.F.);
#7122=ORIENTED_EDGE('',*,*,#5018,.F.);
#7123=ORIENTED_EDGE('',*,*,#5019,.T.);
#7124=ORIENTED_EDGE('',*,*,#5020,.T.);
#7125=ORIENTED_EDGE('',*,*,#5019,.F.);
#7126=ORIENTED_EDGE('',*,*,#5020,.F.);
#7127=ORIENTED_EDGE('',*,*,#5021,.F.);
#7128=ORIENTED_EDGE('',*,*,#5022,.T.);
#7129=ORIENTED_EDGE('',*,*,#5023,.F.);
#7130=ORIENTED_EDGE('',*,*,#5024,.F.);
#7131=ORIENTED_EDGE('',*,*,#5025,.F.);
#7132=ORIENTED_EDGE('',*,*,#5024,.T.);
#7133=ORIENTED_EDGE('',*,*,#5026,.F.);
#7134=ORIENTED_EDGE('',*,*,#5027,.F.);
#7135=ORIENTED_EDGE('',*,*,#5028,.F.);
#7136=ORIENTED_EDGE('',*,*,#5027,.T.);
#7137=ORIENTED_EDGE('',*,*,#5029,.F.);
#7138=ORIENTED_EDGE('',*,*,#5030,.F.);
#7139=ORIENTED_EDGE('',*,*,#5031,.F.);
#7140=ORIENTED_EDGE('',*,*,#5030,.T.);
#7141=ORIENTED_EDGE('',*,*,#5032,.F.);
#7142=ORIENTED_EDGE('',*,*,#5022,.F.);
#7143=ORIENTED_EDGE('',*,*,#5032,.T.);
#7144=ORIENTED_EDGE('',*,*,#5029,.T.);
#7145=ORIENTED_EDGE('',*,*,#5026,.T.);
#7146=ORIENTED_EDGE('',*,*,#5023,.T.);
#7147=ORIENTED_EDGE('',*,*,#5031,.T.);
#7148=ORIENTED_EDGE('',*,*,#5021,.T.);
#7149=ORIENTED_EDGE('',*,*,#5025,.T.);
#7150=ORIENTED_EDGE('',*,*,#5028,.T.);
#7151=ORIENTED_EDGE('',*,*,#5033,.F.);
#7152=ORIENTED_EDGE('',*,*,#5034,.T.);
#7153=ORIENTED_EDGE('',*,*,#5035,.T.);
#7154=ORIENTED_EDGE('',*,*,#5034,.F.);
#7155=ORIENTED_EDGE('',*,*,#5036,.F.);
#7156=ORIENTED_EDGE('',*,*,#5037,.T.);
#7157=ORIENTED_EDGE('',*,*,#5038,.T.);
#7158=ORIENTED_EDGE('',*,*,#5037,.F.);
#7159=ORIENTED_EDGE('',*,*,#5039,.F.);
#7160=ORIENTED_EDGE('',*,*,#5040,.T.);
#7161=ORIENTED_EDGE('',*,*,#5041,.T.);
#7162=ORIENTED_EDGE('',*,*,#5040,.F.);
#7163=ORIENTED_EDGE('',*,*,#5042,.F.);
#7164=ORIENTED_EDGE('',*,*,#5043,.T.);
#7165=ORIENTED_EDGE('',*,*,#5044,.T.);
#7166=ORIENTED_EDGE('',*,*,#5043,.F.);
#7167=ORIENTED_EDGE('',*,*,#5045,.F.);
#7168=ORIENTED_EDGE('',*,*,#5046,.T.);
#7169=ORIENTED_EDGE('',*,*,#5047,.T.);
#7170=ORIENTED_EDGE('',*,*,#5046,.F.);
#7171=ORIENTED_EDGE('',*,*,#5048,.F.);
#7172=ORIENTED_EDGE('',*,*,#5049,.T.);
#7173=ORIENTED_EDGE('',*,*,#5050,.T.);
#7174=ORIENTED_EDGE('',*,*,#5049,.F.);
#7175=ORIENTED_EDGE('',*,*,#5051,.F.);
#7176=ORIENTED_EDGE('',*,*,#5052,.T.);
#7177=ORIENTED_EDGE('',*,*,#5053,.T.);
#7178=ORIENTED_EDGE('',*,*,#5052,.F.);
#7179=ORIENTED_EDGE('',*,*,#5054,.F.);
#7180=ORIENTED_EDGE('',*,*,#5055,.T.);
#7181=ORIENTED_EDGE('',*,*,#5056,.T.);
#7182=ORIENTED_EDGE('',*,*,#5055,.F.);
#7183=ORIENTED_EDGE('',*,*,#5057,.F.);
#7184=ORIENTED_EDGE('',*,*,#5058,.T.);
#7185=ORIENTED_EDGE('',*,*,#5059,.T.);
#7186=ORIENTED_EDGE('',*,*,#5058,.F.);
#7187=ORIENTED_EDGE('',*,*,#5060,.F.);
#7188=ORIENTED_EDGE('',*,*,#5061,.T.);
#7189=ORIENTED_EDGE('',*,*,#5062,.T.);
#7190=ORIENTED_EDGE('',*,*,#5061,.F.);
#7191=ORIENTED_EDGE('',*,*,#5063,.F.);
#7192=ORIENTED_EDGE('',*,*,#5064,.T.);
#7193=ORIENTED_EDGE('',*,*,#5065,.T.);
#7194=ORIENTED_EDGE('',*,*,#5064,.F.);
#7195=ORIENTED_EDGE('',*,*,#5066,.F.);
#7196=ORIENTED_EDGE('',*,*,#5067,.T.);
#7197=ORIENTED_EDGE('',*,*,#5068,.T.);
#7198=ORIENTED_EDGE('',*,*,#5067,.F.);
#7199=ORIENTED_EDGE('',*,*,#5069,.F.);
#7200=ORIENTED_EDGE('',*,*,#5070,.T.);
#7201=ORIENTED_EDGE('',*,*,#5071,.T.);
#7202=ORIENTED_EDGE('',*,*,#5070,.F.);
#7203=ORIENTED_EDGE('',*,*,#5072,.F.);
#7204=ORIENTED_EDGE('',*,*,#5073,.T.);
#7205=ORIENTED_EDGE('',*,*,#5074,.T.);
#7206=ORIENTED_EDGE('',*,*,#5073,.F.);
#7207=ORIENTED_EDGE('',*,*,#5075,.F.);
#7208=ORIENTED_EDGE('',*,*,#5076,.T.);
#7209=ORIENTED_EDGE('',*,*,#5077,.T.);
#7210=ORIENTED_EDGE('',*,*,#5076,.F.);
#7211=ORIENTED_EDGE('',*,*,#5078,.F.);
#7212=ORIENTED_EDGE('',*,*,#5079,.T.);
#7213=ORIENTED_EDGE('',*,*,#5080,.T.);
#7214=ORIENTED_EDGE('',*,*,#5079,.F.);
#7215=ORIENTED_EDGE('',*,*,#5081,.F.);
#7216=ORIENTED_EDGE('',*,*,#5082,.T.);
#7217=ORIENTED_EDGE('',*,*,#5083,.T.);
#7218=ORIENTED_EDGE('',*,*,#5082,.F.);
#7219=ORIENTED_EDGE('',*,*,#5084,.F.);
#7220=ORIENTED_EDGE('',*,*,#5085,.T.);
#7221=ORIENTED_EDGE('',*,*,#5086,.T.);
#7222=ORIENTED_EDGE('',*,*,#5085,.F.);
#7223=ORIENTED_EDGE('',*,*,#5087,.F.);
#7224=ORIENTED_EDGE('',*,*,#5088,.T.);
#7225=ORIENTED_EDGE('',*,*,#5089,.F.);
#7226=ORIENTED_EDGE('',*,*,#5090,.F.);
#7227=ORIENTED_EDGE('',*,*,#5091,.F.);
#7228=ORIENTED_EDGE('',*,*,#5090,.T.);
#7229=ORIENTED_EDGE('',*,*,#5092,.F.);
#7230=ORIENTED_EDGE('',*,*,#5093,.F.);
#7231=ORIENTED_EDGE('',*,*,#5094,.F.);
#7232=ORIENTED_EDGE('',*,*,#5093,.T.);
#7233=ORIENTED_EDGE('',*,*,#5095,.F.);
#7234=ORIENTED_EDGE('',*,*,#5096,.F.);
#7235=ORIENTED_EDGE('',*,*,#5097,.F.);
#7236=ORIENTED_EDGE('',*,*,#5096,.T.);
#7237=ORIENTED_EDGE('',*,*,#5098,.F.);
#7238=ORIENTED_EDGE('',*,*,#5088,.F.);
#7239=ORIENTED_EDGE('',*,*,#5098,.T.);
#7240=ORIENTED_EDGE('',*,*,#5095,.T.);
#7241=ORIENTED_EDGE('',*,*,#5092,.T.);
#7242=ORIENTED_EDGE('',*,*,#5089,.T.);
#7243=ORIENTED_EDGE('',*,*,#5084,.T.);
#7244=ORIENTED_EDGE('',*,*,#5081,.T.);
#7245=ORIENTED_EDGE('',*,*,#5078,.T.);
#7246=ORIENTED_EDGE('',*,*,#5075,.T.);
#7247=ORIENTED_EDGE('',*,*,#5072,.T.);
#7248=ORIENTED_EDGE('',*,*,#5069,.T.);
#7249=ORIENTED_EDGE('',*,*,#5066,.T.);
#7250=ORIENTED_EDGE('',*,*,#5063,.T.);
#7251=ORIENTED_EDGE('',*,*,#5060,.T.);
#7252=ORIENTED_EDGE('',*,*,#5057,.T.);
#7253=ORIENTED_EDGE('',*,*,#5054,.T.);
#7254=ORIENTED_EDGE('',*,*,#5051,.T.);
#7255=ORIENTED_EDGE('',*,*,#5048,.T.);
#7256=ORIENTED_EDGE('',*,*,#5045,.T.);
#7257=ORIENTED_EDGE('',*,*,#5042,.T.);
#7258=ORIENTED_EDGE('',*,*,#5039,.T.);
#7259=ORIENTED_EDGE('',*,*,#5036,.T.);
#7260=ORIENTED_EDGE('',*,*,#5033,.T.);
#7261=ORIENTED_EDGE('',*,*,#5097,.T.);
#7262=ORIENTED_EDGE('',*,*,#5087,.T.);
#7263=ORIENTED_EDGE('',*,*,#5091,.T.);
#7264=ORIENTED_EDGE('',*,*,#5094,.T.);
#7265=ORIENTED_EDGE('',*,*,#5086,.F.);
#7266=ORIENTED_EDGE('',*,*,#5083,.F.);
#7267=ORIENTED_EDGE('',*,*,#5080,.F.);
#7268=ORIENTED_EDGE('',*,*,#5077,.F.);
#7269=ORIENTED_EDGE('',*,*,#5074,.F.);
#7270=ORIENTED_EDGE('',*,*,#5071,.F.);
#7271=ORIENTED_EDGE('',*,*,#5068,.F.);
#7272=ORIENTED_EDGE('',*,*,#5065,.F.);
#7273=ORIENTED_EDGE('',*,*,#5062,.F.);
#7274=ORIENTED_EDGE('',*,*,#5059,.F.);
#7275=ORIENTED_EDGE('',*,*,#5056,.F.);
#7276=ORIENTED_EDGE('',*,*,#5053,.F.);
#7277=ORIENTED_EDGE('',*,*,#5050,.F.);
#7278=ORIENTED_EDGE('',*,*,#5047,.F.);
#7279=ORIENTED_EDGE('',*,*,#5044,.F.);
#7280=ORIENTED_EDGE('',*,*,#5041,.F.);
#7281=ORIENTED_EDGE('',*,*,#5038,.F.);
#7282=ORIENTED_EDGE('',*,*,#5035,.F.);
#7283=PLANE('',#8560);
#7284=PLANE('',#8561);
#7285=PLANE('',#8562);
#7286=PLANE('',#8563);
#7287=PLANE('',#8564);
#7288=PLANE('',#8565);
#7289=PLANE('',#8566);
#7290=PLANE('',#8567);
#7291=PLANE('',#8568);
#7292=PLANE('',#8569);
#7293=PLANE('',#8570);
#7294=PLANE('',#8571);
#7295=PLANE('',#8572);
#7296=PLANE('',#8573);
#7297=PLANE('',#8574);
#7298=PLANE('',#8575);
#7299=PLANE('',#8576);
#7300=PLANE('',#8577);
#7301=PLANE('',#8578);
#7302=PLANE('',#8579);
#7303=PLANE('',#8580);
#7304=PLANE('',#8581);
#7305=PLANE('',#8582);
#7306=PLANE('',#8583);
#7307=PLANE('',#8584);
#7308=PLANE('',#8585);
#7309=PLANE('',#8586);
#7310=PLANE('',#8587);
#7311=PLANE('',#8588);
#7312=PLANE('',#8589);
#7313=PLANE('',#8590);
#7314=PLANE('',#8591);
#7315=PLANE('',#8592);
#7316=PLANE('',#8593);
#7317=PLANE('',#8594);
#7318=PLANE('',#8595);
#7319=PLANE('',#8596);
#7320=PLANE('',#8597);
#7321=PLANE('',#8598);
#7322=PLANE('',#8599);
#7323=PLANE('',#8600);
#7324=PLANE('',#8601);
#7325=PLANE('',#8602);
#7326=PLANE('',#8603);
#7327=PLANE('',#8604);
#7328=PLANE('',#8605);
#7329=PLANE('',#8606);
#7330=PLANE('',#8607);
#7331=PLANE('',#8608);
#7332=PLANE('',#8609);
#7333=PLANE('',#8610);
#7334=PLANE('',#8611);
#7335=PLANE('',#8612);
#7336=PLANE('',#8613);
#7337=PLANE('',#8614);
#7338=PLANE('',#8615);
#7339=PLANE('',#8616);
#7340=PLANE('',#8617);
#7341=PLANE('',#8618);
#7342=PLANE('',#8619);
#7343=PLANE('',#8620);
#7344=PLANE('',#8621);
#7345=PLANE('',#8622);
#7346=PLANE('',#8623);
#7347=PLANE('',#8624);
#7348=PLANE('',#8625);
#7349=PLANE('',#8626);
#7350=PLANE('',#8627);
#7351=PLANE('',#8628);
#7352=PLANE('',#8629);
#7353=PLANE('',#8630);
#7354=PLANE('',#8631);
#7355=PLANE('',#8632);
#7356=PLANE('',#8633);
#7357=PLANE('',#8634);
#7358=PLANE('',#8635);
#7359=PLANE('',#8636);
#7360=PLANE('',#8637);
#7361=PLANE('',#8638);
#7362=PLANE('',#8639);
#7363=PLANE('',#8640);
#7364=PLANE('',#8641);
#7365=PLANE('',#8642);
#7366=PLANE('',#8643);
#7367=PLANE('',#8644);
#7368=PLANE('',#8645);
#7369=PLANE('',#8646);
#7370=PLANE('',#8647);
#7371=PLANE('',#8648);
#7372=PLANE('',#8649);
#7373=PLANE('',#8650);
#7374=PLANE('',#8651);
#7375=PLANE('',#8652);
#7376=PLANE('',#8653);
#7377=PLANE('',#8654);
#7378=PLANE('',#8655);
#7379=PLANE('',#8656);
#7380=PLANE('',#8657);
#7381=PLANE('',#8658);
#7382=PLANE('',#8659);
#7383=PLANE('',#8660);
#7384=PLANE('',#8661);
#7385=PLANE('',#8662);
#7386=PLANE('',#8663);
#7387=PLANE('',#8664);
#7388=PLANE('',#8665);
#7389=PLANE('',#8666);
#7390=PLANE('',#8667);
#7391=PLANE('',#8668);
#7392=PLANE('',#8669);
#7393=PLANE('',#8670);
#7394=PLANE('',#8671);
#7395=PLANE('',#8672);
#7396=PLANE('',#8673);
#7397=PLANE('',#8674);
#7398=PLANE('',#8675);
#7399=PLANE('',#8676);
#7400=PLANE('',#8677);
#7401=PLANE('',#8678);
#7402=PLANE('',#8679);
#7403=PLANE('',#8680);
#7404=PLANE('',#8681);
#7405=PLANE('',#8682);
#7406=PLANE('',#8683);
#7407=PLANE('',#8684);
#7408=PLANE('',#8685);
#7409=PLANE('',#8686);
#7410=PLANE('',#8687);
#7411=PLANE('',#8688);
#7412=PLANE('',#8689);
#7413=PLANE('',#8690);
#7414=PLANE('',#8691);
#7415=PLANE('',#8692);
#7416=PLANE('',#8693);
#7417=PLANE('',#8694);
#7418=PLANE('',#8695);
#7419=PLANE('',#8696);
#7420=PLANE('',#8697);
#7421=PLANE('',#8698);
#7422=PLANE('',#8699);
#7423=PLANE('',#8700);
#7424=PLANE('',#8701);
#7425=PLANE('',#8702);
#7426=PLANE('',#8703);
#7427=PLANE('',#8704);
#7428=PLANE('',#8705);
#7429=PLANE('',#8706);
#7430=PLANE('',#8707);
#7431=PLANE('',#8708);
#7432=PLANE('',#8709);
#7433=PLANE('',#8710);
#7434=PLANE('',#8711);
#7435=PLANE('',#8712);
#7436=PLANE('',#8713);
#7437=PLANE('',#8714);
#7438=PLANE('',#8715);
#7439=PLANE('',#8716);
#7440=PLANE('',#8717);
#7441=PLANE('',#8718);
#7442=PLANE('',#8719);
#7443=PLANE('',#8720);
#7444=PLANE('',#8721);
#7445=PLANE('',#8722);
#7446=PLANE('',#8723);
#7447=PLANE('',#8724);
#7448=PLANE('',#8725);
#7449=PLANE('',#8726);
#7450=PLANE('',#8727);
#7451=PLANE('',#8728);
#7452=PLANE('',#8729);
#7453=PLANE('',#8730);
#7454=PLANE('',#8731);
#7455=PLANE('',#8732);
#7456=PLANE('',#8733);
#7457=PLANE('',#8734);
#7458=PLANE('',#8735);
#7459=PLANE('',#8736);
#7460=PLANE('',#8737);
#7461=PLANE('',#8738);
#7462=PLANE('',#8739);
#7463=PLANE('',#8740);
#7464=PLANE('',#8741);
#7465=PLANE('',#8742);
#7466=PLANE('',#8743);
#7467=PLANE('',#8744);
#7468=PLANE('',#8745);
#7469=PLANE('',#8746);
#7470=PLANE('',#8747);
#7471=PLANE('',#8748);
#7472=PLANE('',#8749);
#7473=PLANE('',#8750);
#7474=PLANE('',#8751);
#7475=PLANE('',#8752);
#7476=PLANE('',#8753);
#7477=PLANE('',#8754);
#7478=PLANE('',#8755);
#7479=PLANE('',#8756);
#7480=PLANE('',#8757);
#7481=PLANE('',#8758);
#7482=PLANE('',#8759);
#7483=PLANE('',#8760);
#7484=PLANE('',#8761);
#7485=PLANE('',#8762);
#7486=PLANE('',#8763);
#7487=PLANE('',#8764);
#7488=PLANE('',#8765);
#7489=PLANE('',#8766);
#7490=PLANE('',#8767);
#7491=PLANE('',#8768);
#7492=PLANE('',#8769);
#7493=PLANE('',#8770);
#7494=PLANE('',#8771);
#7495=PLANE('',#8772);
#7496=PLANE('',#8773);
#7497=PLANE('',#8774);
#7498=PLANE('',#8775);
#7499=PLANE('',#8776);
#7500=PLANE('',#8777);
#7501=PLANE('',#8778);
#7502=PLANE('',#8779);
#7503=PLANE('',#8780);
#7504=PLANE('',#8781);
#7505=PLANE('',#8782);
#7506=PLANE('',#8783);
#7507=PLANE('',#8784);
#7508=PLANE('',#8785);
#7509=PLANE('',#8786);
#7510=PLANE('',#8787);
#7511=PLANE('',#8788);
#7512=PLANE('',#8789);
#7513=PLANE('',#8790);
#7514=PLANE('',#8791);
#7515=PLANE('',#8792);
#7516=PLANE('',#8793);
#7517=PLANE('',#8794);
#7518=PLANE('',#8795);
#7519=PLANE('',#8796);
#7520=PLANE('',#8797);
#7521=PLANE('',#8798);
#7522=PLANE('',#8799);
#7523=PLANE('',#8800);
#7524=PLANE('',#8801);
#7525=PLANE('',#8802);
#7526=PLANE('',#8803);
#7527=PLANE('',#8804);
#7528=PLANE('',#8805);
#7529=PLANE('',#8806);
#7530=PLANE('',#8807);
#7531=PLANE('',#8808);
#7532=PLANE('',#8809);
#7533=PLANE('',#8810);
#7534=PLANE('',#8811);
#7535=PLANE('',#8812);
#7536=PLANE('',#8813);
#7537=PLANE('',#8814);
#7538=PLANE('',#8815);
#7539=PLANE('',#8816);
#7540=PLANE('',#8817);
#7541=PLANE('',#8818);
#7542=PLANE('',#8819);
#7543=PLANE('',#8820);
#7544=PLANE('',#8821);
#7545=PLANE('',#8822);
#7546=PLANE('',#8823);
#7547=PLANE('',#8824);
#7548=PLANE('',#8825);
#7549=PLANE('',#8826);
#7550=PLANE('',#8827);
#7551=PLANE('',#8828);
#7552=PLANE('',#8829);
#7553=PLANE('',#8830);
#7554=PLANE('',#8831);
#7555=PLANE('',#8832);
#7556=PLANE('',#8833);
#7557=PLANE('',#8834);
#7558=PLANE('',#8835);
#7559=PLANE('',#8836);
#7560=PLANE('',#8837);
#7561=PLANE('',#8838);
#7562=PLANE('',#8839);
#7563=PLANE('',#8840);
#7564=PLANE('',#8841);
#7565=PLANE('',#8842);
#7566=PLANE('',#8843);
#7567=PLANE('',#8844);
#7568=PLANE('',#8845);
#7569=PLANE('',#8846);
#7570=PLANE('',#8847);
#7571=PLANE('',#8848);
#7572=PLANE('',#8849);
#7573=PLANE('',#8850);
#7574=PLANE('',#8851);
#7575=PLANE('',#8852);
#7576=PLANE('',#8853);
#7577=PLANE('',#8854);
#7578=PLANE('',#8855);
#7579=PLANE('',#8856);
#7580=PLANE('',#8857);
#7581=PLANE('',#8858);
#7582=PLANE('',#8859);
#7583=PLANE('',#8860);
#7584=PLANE('',#8861);
#7585=PLANE('',#8862);
#7586=PLANE('',#8863);
#7587=PLANE('',#8864);
#7588=PLANE('',#8865);
#7589=PLANE('',#8866);
#7590=PLANE('',#8867);
#7591=PLANE('',#8868);
#7592=PLANE('',#8869);
#7593=PLANE('',#8870);
#7594=PLANE('',#8871);
#7595=PLANE('',#8872);
#7596=PLANE('',#8873);
#7597=PLANE('',#8874);
#7598=PLANE('',#8875);
#7599=PLANE('',#8876);
#7600=PLANE('',#8877);
#7601=PLANE('',#8878);
#7602=PLANE('',#8879);
#7603=PLANE('',#8880);
#7604=PLANE('',#8881);
#7605=PLANE('',#8882);
#7606=PLANE('',#8883);
#7607=PLANE('',#8884);
#7608=PLANE('',#8885);
#7609=PLANE('',#8886);
#7610=PLANE('',#8887);
#7611=PLANE('',#8888);
#7612=PLANE('',#8889);
#7613=PLANE('',#8890);
#7614=PLANE('',#8891);
#7615=PLANE('',#8892);
#7616=PLANE('',#8893);
#7617=PLANE('',#8894);
#7618=PLANE('',#8895);
#7619=PLANE('',#8896);
#7620=PLANE('',#8897);
#7621=PLANE('',#8898);
#7622=PLANE('',#8899);
#7623=PLANE('',#8900);
#7624=PLANE('',#8901);
#7625=PLANE('',#8902);
#7626=PLANE('',#8903);
#7627=PLANE('',#8904);
#7628=PLANE('',#8905);
#7629=PLANE('',#8906);
#7630=PLANE('',#8907);
#7631=PLANE('',#8908);
#7632=PLANE('',#8909);
#7633=PLANE('',#8910);
#7634=PLANE('',#8911);
#7635=PLANE('',#8912);
#7636=PLANE('',#8913);
#7637=PLANE('',#8914);
#7638=PLANE('',#8915);
#7639=PLANE('',#8916);
#7640=PLANE('',#8917);
#7641=PLANE('',#8918);
#7642=PLANE('',#8919);
#7643=PLANE('',#8920);
#7644=PLANE('',#8921);
#7645=PLANE('',#8922);
#7646=PLANE('',#8923);
#7647=PLANE('',#8924);
#7648=PLANE('',#8925);
#7649=PLANE('',#8926);
#7650=PLANE('',#8927);
#7651=PLANE('',#8928);
#7652=PLANE('',#8929);
#7653=PLANE('',#8930);
#7654=PLANE('',#8931);
#7655=PLANE('',#8932);
#7656=PLANE('',#8933);
#7657=PLANE('',#8934);
#7658=PLANE('',#8935);
#7659=PLANE('',#8936);
#7660=PLANE('',#8937);
#7661=PLANE('',#8938);
#7662=PLANE('',#8939);
#7663=PLANE('',#8940);
#7664=PLANE('',#8941);
#7665=PLANE('',#8942);
#7666=PLANE('',#8943);
#7667=PLANE('',#8944);
#7668=PLANE('',#8945);
#7669=PLANE('',#8946);
#7670=PLANE('',#8947);
#7671=PLANE('',#8948);
#7672=PLANE('',#8949);
#7673=PLANE('',#8950);
#7674=PLANE('',#8951);
#7675=PLANE('',#8952);
#7676=PLANE('',#8953);
#7677=PLANE('',#8954);
#7678=PLANE('',#8955);
#7679=PLANE('',#8959);
#7680=PLANE('',#8961);
#7681=PLANE('',#8964);
#7682=PLANE('',#8966);
#7683=PLANE('',#8969);
#7684=PLANE('',#8971);
#7685=PLANE('',#8974);
#7686=PLANE('',#8976);
#7687=PLANE('',#8979);
#7688=PLANE('',#8981);
#7689=PLANE('',#8984);
#7690=PLANE('',#8986);
#7691=PLANE('',#8989);
#7692=PLANE('',#8991);
#7693=PLANE('',#8994);
#7694=PLANE('',#8996);
#7695=PLANE('',#8999);
#7696=PLANE('',#9001);
#7697=PLANE('',#9004);
#7698=PLANE('',#9006);
#7699=PLANE('',#9009);
#7700=PLANE('',#9011);
#7701=PLANE('',#9014);
#7702=PLANE('',#9016);
#7703=PLANE('',#9019);
#7704=PLANE('',#9021);
#7705=PLANE('',#9024);
#7706=PLANE('',#9026);
#7707=PLANE('',#9028);
#7708=PLANE('',#9029);
#7709=PLANE('',#9030);
#7710=PLANE('',#9031);
#7711=PLANE('',#9032);
#7712=PLANE('',#9033);
#7713=PLANE('',#9088);
#7714=PLANE('',#9089);
#7715=PLANE('',#9090);
#7716=PLANE('',#9091);
#7717=PLANE('',#9092);
#7718=PLANE('',#9093);
#7719=STYLED_ITEM('',(#14898),#7881);
#7720=STYLED_ITEM('',(#14898),#7882);
#7721=STYLED_ITEM('',(#14898),#7883);
#7722=STYLED_ITEM('',(#14898),#7884);
#7723=STYLED_ITEM('',(#14898),#7885);
#7724=STYLED_ITEM('',(#14898),#7886);
#7725=STYLED_ITEM('',(#14898),#7887);
#7726=STYLED_ITEM('',(#14898),#7888);
#7727=STYLED_ITEM('',(#14898),#7889);
#7728=STYLED_ITEM('',(#14898),#7890);
#7729=STYLED_ITEM('',(#14898),#7891);
#7730=STYLED_ITEM('',(#14898),#7892);
#7731=STYLED_ITEM('',(#14898),#7893);
#7732=STYLED_ITEM('',(#14898),#7894);
#7733=STYLED_ITEM('',(#14898),#7895);
#7734=STYLED_ITEM('',(#14898),#7896);
#7735=STYLED_ITEM('',(#14898),#7897);
#7736=STYLED_ITEM('',(#14898),#7898);
#7737=STYLED_ITEM('',(#14898),#7899);
#7738=STYLED_ITEM('',(#14898),#7900);
#7739=STYLED_ITEM('',(#14898),#7901);
#7740=STYLED_ITEM('',(#14898),#7902);
#7741=STYLED_ITEM('',(#14898),#7903);
#7742=STYLED_ITEM('',(#14898),#7904);
#7743=STYLED_ITEM('',(#14898),#7905);
#7744=STYLED_ITEM('',(#14898),#7906);
#7745=STYLED_ITEM('',(#14898),#7907);
#7746=STYLED_ITEM('',(#14898),#7908);
#7747=STYLED_ITEM('',(#14898),#7909);
#7748=STYLED_ITEM('',(#14898),#7910);
#7749=STYLED_ITEM('',(#14898),#7911);
#7750=STYLED_ITEM('',(#14898),#7912);
#7751=STYLED_ITEM('',(#14898),#7913);
#7752=STYLED_ITEM('',(#14898),#7914);
#7753=STYLED_ITEM('',(#14898),#7915);
#7754=STYLED_ITEM('',(#14898),#7916);
#7755=STYLED_ITEM('',(#14898),#7917);
#7756=STYLED_ITEM('',(#14898),#7918);
#7757=STYLED_ITEM('',(#14898),#7919);
#7758=STYLED_ITEM('',(#14898),#7920);
#7759=STYLED_ITEM('',(#14898),#7921);
#7760=STYLED_ITEM('',(#14898),#7922);
#7761=STYLED_ITEM('',(#14898),#7923);
#7762=STYLED_ITEM('',(#14898),#7924);
#7763=STYLED_ITEM('',(#14898),#7925);
#7764=STYLED_ITEM('',(#14898),#7926);
#7765=STYLED_ITEM('',(#14898),#7927);
#7766=STYLED_ITEM('',(#14898),#7928);
#7767=STYLED_ITEM('',(#14898),#7929);
#7768=STYLED_ITEM('',(#14898),#7930);
#7769=STYLED_ITEM('',(#14898),#7931);
#7770=STYLED_ITEM('',(#14898),#7932);
#7771=STYLED_ITEM('',(#14898),#7933);
#7772=STYLED_ITEM('',(#14898),#7934);
#7773=STYLED_ITEM('',(#14898),#7935);
#7774=STYLED_ITEM('',(#14898),#7936);
#7775=STYLED_ITEM('',(#14898),#7937);
#7776=STYLED_ITEM('',(#14898),#7938);
#7777=STYLED_ITEM('',(#14898),#7939);
#7778=STYLED_ITEM('',(#14898),#7940);
#7779=STYLED_ITEM('',(#14898),#7941);
#7780=STYLED_ITEM('',(#14898),#7942);
#7781=STYLED_ITEM('',(#14898),#7943);
#7782=STYLED_ITEM('',(#14898),#7944);
#7783=STYLED_ITEM('',(#14898),#7945);
#7784=STYLED_ITEM('',(#14898),#7946);
#7785=STYLED_ITEM('',(#14898),#7947);
#7786=STYLED_ITEM('',(#14898),#7948);
#7787=STYLED_ITEM('',(#14898),#7949);
#7788=STYLED_ITEM('',(#14898),#7950);
#7789=STYLED_ITEM('',(#14898),#7951);
#7790=STYLED_ITEM('',(#14898),#7952);
#7791=STYLED_ITEM('',(#14898),#7953);
#7792=STYLED_ITEM('',(#14898),#7954);
#7793=STYLED_ITEM('',(#14898),#7955);
#7794=STYLED_ITEM('',(#14898),#7956);
#7795=STYLED_ITEM('',(#14898),#7957);
#7796=STYLED_ITEM('',(#14898),#7958);
#7797=STYLED_ITEM('',(#14898),#7959);
#7798=STYLED_ITEM('',(#14898),#7960);
#7799=STYLED_ITEM('',(#14898),#7961);
#7800=STYLED_ITEM('',(#14898),#7962);
#7801=STYLED_ITEM('',(#14898),#7963);
#7802=STYLED_ITEM('',(#14898),#7964);
#7803=STYLED_ITEM('',(#14898),#7965);
#7804=STYLED_ITEM('',(#14898),#7966);
#7805=STYLED_ITEM('',(#14898),#7967);
#7806=STYLED_ITEM('',(#14898),#7968);
#7807=STYLED_ITEM('',(#14898),#7969);
#7808=STYLED_ITEM('',(#14898),#7970);
#7809=STYLED_ITEM('',(#14898),#7971);
#7810=STYLED_ITEM('',(#14898),#7972);
#7811=STYLED_ITEM('',(#14898),#7973);
#7812=STYLED_ITEM('',(#14898),#7974);
#7813=STYLED_ITEM('',(#14898),#7975);
#7814=STYLED_ITEM('',(#14898),#7976);
#7815=STYLED_ITEM('',(#14898),#7977);
#7816=STYLED_ITEM('',(#14898),#7978);
#7817=STYLED_ITEM('',(#14898),#7979);
#7818=STYLED_ITEM('',(#14898),#7980);
#7819=STYLED_ITEM('',(#14898),#7981);
#7820=STYLED_ITEM('',(#14898),#7982);
#7821=STYLED_ITEM('',(#14898),#7983);
#7822=STYLED_ITEM('',(#14898),#7984);
#7823=STYLED_ITEM('',(#14898),#7985);
#7824=STYLED_ITEM('',(#14898),#7986);
#7825=STYLED_ITEM('',(#14898),#7987);
#7826=STYLED_ITEM('',(#14898),#7988);
#7827=STYLED_ITEM('',(#14898),#7989);
#7828=STYLED_ITEM('',(#14898),#7990);
#7829=STYLED_ITEM('',(#14898),#7991);
#7830=STYLED_ITEM('',(#14898),#7992);
#7831=STYLED_ITEM('',(#14898),#7993);
#7832=STYLED_ITEM('',(#14898),#7994);
#7833=STYLED_ITEM('',(#14898),#7995);
#7834=STYLED_ITEM('',(#14898),#7996);
#7835=STYLED_ITEM('',(#14898),#7997);
#7836=STYLED_ITEM('',(#14898),#7998);
#7837=STYLED_ITEM('',(#14898),#7999);
#7838=STYLED_ITEM('',(#14898),#8000);
#7839=STYLED_ITEM('',(#14898),#8001);
#7840=STYLED_ITEM('',(#14898),#8002);
#7841=STYLED_ITEM('',(#14898),#8003);
#7842=STYLED_ITEM('',(#14898),#8004);
#7843=STYLED_ITEM('',(#14898),#8005);
#7844=STYLED_ITEM('',(#14898),#8006);
#7845=STYLED_ITEM('',(#14898),#8007);
#7846=STYLED_ITEM('',(#14898),#8008);
#7847=STYLED_ITEM('',(#14898),#8009);
#7848=STYLED_ITEM('',(#14898),#8010);
#7849=STYLED_ITEM('',(#14898),#8011);
#7850=STYLED_ITEM('',(#14898),#8012);
#7851=STYLED_ITEM('',(#14898),#8031);
#7852=STYLED_ITEM('',(#14898),#8050);
#7853=STYLED_ITEM('',(#14898),#8069);
#7854=STYLED_ITEM('',(#14898),#8088);
#7855=STYLED_ITEM('',(#14898),#8107);
#7856=STYLED_ITEM('',(#14898),#8126);
#7857=STYLED_ITEM('',(#14898),#8145);
#7858=STYLED_ITEM('',(#14898),#8164);
#7859=STYLED_ITEM('',(#14898),#8183);
#7860=STYLED_ITEM('',(#14898),#8202);
#7861=STYLED_ITEM('',(#14898),#8221);
#7862=STYLED_ITEM('',(#14898),#8240);
#7863=STYLED_ITEM('',(#14897),#282);
#7864=STYLED_ITEM('',(#14895),#283);
#7865=STYLED_ITEM('',(#14895),#284);
#7866=STYLED_ITEM('',(#14895),#285);
#7867=STYLED_ITEM('',(#14895),#286);
#7868=STYLED_ITEM('',(#14895),#287);
#7869=STYLED_ITEM('',(#14895),#288);
#7870=STYLED_ITEM('',(#14895),#289);
#7871=STYLED_ITEM('',(#14895),#290);
#7872=STYLED_ITEM('',(#14895),#291);
#7873=STYLED_ITEM('',(#14895),#292);
#7874=STYLED_ITEM('',(#14895),#293);
#7875=STYLED_ITEM('',(#14895),#294);
#7876=STYLED_ITEM('',(#14895),#295);
#7877=STYLED_ITEM('',(#14895),#296);
#7878=STYLED_ITEM('',(#14899),#297);
#7879=STYLED_ITEM('',(#14896),#298);
#7880=STYLED_ITEM('',(#14900),#12);
#7881=ADVANCED_FACE('',(#363),#7283,.F.);
#7882=ADVANCED_FACE('',(#364),#7284,.F.);
#7883=ADVANCED_FACE('',(#365),#7285,.F.);
#7884=ADVANCED_FACE('',(#366),#7286,.F.);
#7885=ADVANCED_FACE('',(#367),#7287,.F.);
#7886=ADVANCED_FACE('',(#368),#7288,.F.);
#7887=ADVANCED_FACE('',(#369),#7289,.F.);
#7888=ADVANCED_FACE('',(#370),#7290,.F.);
#7889=ADVANCED_FACE('',(#371),#7291,.F.);
#7890=ADVANCED_FACE('',(#372),#7292,.F.);
#7891=ADVANCED_FACE('',(#373),#7293,.F.);
#7892=ADVANCED_FACE('',(#374),#7294,.F.);
#7893=ADVANCED_FACE('',(#375),#7295,.F.);
#7894=ADVANCED_FACE('',(#376),#7296,.F.);
#7895=ADVANCED_FACE('',(#377),#7297,.F.);
#7896=ADVANCED_FACE('',(#378),#7298,.F.);
#7897=ADVANCED_FACE('',(#379),#7299,.F.);
#7898=ADVANCED_FACE('',(#380),#7300,.T.);
#7899=ADVANCED_FACE('',(#381),#7301,.T.);
#7900=ADVANCED_FACE('',(#382),#7302,.T.);
#7901=ADVANCED_FACE('',(#383),#7303,.T.);
#7902=ADVANCED_FACE('',(#384,#299),#7304,.F.);
#7903=ADVANCED_FACE('',(#385),#7305,.T.);
#7904=ADVANCED_FACE('',(#386,#300,#301,#302,#303,#304,#305,#306,#307,#308,
#309,#310,#311,#312,#313),#7306,.T.);
#7905=ADVANCED_FACE('',(#387),#7307,.T.);
#7906=ADVANCED_FACE('',(#388),#7308,.F.);
#7907=ADVANCED_FACE('',(#389,#314),#7309,.F.);
#7908=ADVANCED_FACE('',(#390),#7310,.T.);
#7909=ADVANCED_FACE('',(#391),#7311,.T.);
#7910=ADVANCED_FACE('',(#392),#7312,.F.);
#7911=ADVANCED_FACE('',(#393),#7313,.T.);
#7912=ADVANCED_FACE('',(#394),#7314,.T.);
#7913=ADVANCED_FACE('',(#395),#7315,.T.);
#7914=ADVANCED_FACE('',(#396),#7316,.F.);
#7915=ADVANCED_FACE('',(#397,#315),#7317,.F.);
#7916=ADVANCED_FACE('',(#398),#7318,.T.);
#7917=ADVANCED_FACE('',(#399),#7319,.T.);
#7918=ADVANCED_FACE('',(#400),#7320,.F.);
#7919=ADVANCED_FACE('',(#401),#7321,.T.);
#7920=ADVANCED_FACE('',(#402),#7322,.T.);
#7921=ADVANCED_FACE('',(#403),#7323,.T.);
#7922=ADVANCED_FACE('',(#404),#7324,.F.);
#7923=ADVANCED_FACE('',(#405,#316),#7325,.F.);
#7924=ADVANCED_FACE('',(#406),#7326,.T.);
#7925=ADVANCED_FACE('',(#407),#7327,.T.);
#7926=ADVANCED_FACE('',(#408),#7328,.F.);
#7927=ADVANCED_FACE('',(#409),#7329,.T.);
#7928=ADVANCED_FACE('',(#410),#7330,.T.);
#7929=ADVANCED_FACE('',(#411),#7331,.T.);
#7930=ADVANCED_FACE('',(#412),#7332,.F.);
#7931=ADVANCED_FACE('',(#413,#317),#7333,.F.);
#7932=ADVANCED_FACE('',(#414),#7334,.T.);
#7933=ADVANCED_FACE('',(#415),#7335,.T.);
#7934=ADVANCED_FACE('',(#416),#7336,.F.);
#7935=ADVANCED_FACE('',(#417),#7337,.T.);
#7936=ADVANCED_FACE('',(#418),#7338,.T.);
#7937=ADVANCED_FACE('',(#419),#7339,.T.);
#7938=ADVANCED_FACE('',(#420),#7340,.F.);
#7939=ADVANCED_FACE('',(#421,#318),#7341,.F.);
#7940=ADVANCED_FACE('',(#422),#7342,.T.);
#7941=ADVANCED_FACE('',(#423),#7343,.T.);
#7942=ADVANCED_FACE('',(#424),#7344,.F.);
#7943=ADVANCED_FACE('',(#425),#7345,.T.);
#7944=ADVANCED_FACE('',(#426),#7346,.T.);
#7945=ADVANCED_FACE('',(#427),#7347,.T.);
#7946=ADVANCED_FACE('',(#428),#7348,.F.);
#7947=ADVANCED_FACE('',(#429,#319),#7349,.F.);
#7948=ADVANCED_FACE('',(#430),#7350,.T.);
#7949=ADVANCED_FACE('',(#431),#7351,.T.);
#7950=ADVANCED_FACE('',(#432),#7352,.F.);
#7951=ADVANCED_FACE('',(#433),#7353,.T.);
#7952=ADVANCED_FACE('',(#434),#7354,.T.);
#7953=ADVANCED_FACE('',(#435),#7355,.T.);
#7954=ADVANCED_FACE('',(#436),#7356,.F.);
#7955=ADVANCED_FACE('',(#437,#320),#7357,.F.);
#7956=ADVANCED_FACE('',(#438),#7358,.T.);
#7957=ADVANCED_FACE('',(#439),#7359,.T.);
#7958=ADVANCED_FACE('',(#440),#7360,.F.);
#7959=ADVANCED_FACE('',(#441),#7361,.T.);
#7960=ADVANCED_FACE('',(#442),#7362,.T.);
#7961=ADVANCED_FACE('',(#443),#7363,.T.);
#7962=ADVANCED_FACE('',(#444),#7364,.F.);
#7963=ADVANCED_FACE('',(#445,#321),#7365,.F.);
#7964=ADVANCED_FACE('',(#446),#7366,.T.);
#7965=ADVANCED_FACE('',(#447),#7367,.T.);
#7966=ADVANCED_FACE('',(#448),#7368,.F.);
#7967=ADVANCED_FACE('',(#449),#7369,.T.);
#7968=ADVANCED_FACE('',(#450),#7370,.T.);
#7969=ADVANCED_FACE('',(#451),#7371,.T.);
#7970=ADVANCED_FACE('',(#452),#7372,.F.);
#7971=ADVANCED_FACE('',(#453,#322),#7373,.F.);
#7972=ADVANCED_FACE('',(#454),#7374,.T.);
#7973=ADVANCED_FACE('',(#455),#7375,.T.);
#7974=ADVANCED_FACE('',(#456),#7376,.F.);
#7975=ADVANCED_FACE('',(#457),#7377,.T.);
#7976=ADVANCED_FACE('',(#458),#7378,.T.);
#7977=ADVANCED_FACE('',(#459),#7379,.T.);
#7978=ADVANCED_FACE('',(#460),#7380,.F.);
#7979=ADVANCED_FACE('',(#461,#323),#7381,.F.);
#7980=ADVANCED_FACE('',(#462),#7382,.T.);
#7981=ADVANCED_FACE('',(#463),#7383,.T.);
#7982=ADVANCED_FACE('',(#464),#7384,.F.);
#7983=ADVANCED_FACE('',(#465),#7385,.T.);
#7984=ADVANCED_FACE('',(#466),#7386,.T.);
#7985=ADVANCED_FACE('',(#467),#7387,.T.);
#7986=ADVANCED_FACE('',(#468),#7388,.F.);
#7987=ADVANCED_FACE('',(#469,#324),#7389,.F.);
#7988=ADVANCED_FACE('',(#470),#7390,.T.);
#7989=ADVANCED_FACE('',(#471),#7391,.T.);
#7990=ADVANCED_FACE('',(#472),#7392,.F.);
#7991=ADVANCED_FACE('',(#473),#7393,.T.);
#7992=ADVANCED_FACE('',(#474),#7394,.T.);
#7993=ADVANCED_FACE('',(#475),#7395,.T.);
#7994=ADVANCED_FACE('',(#476),#7396,.F.);
#7995=ADVANCED_FACE('',(#477,#325),#7397,.F.);
#7996=ADVANCED_FACE('',(#478),#7398,.T.);
#7997=ADVANCED_FACE('',(#479),#7399,.T.);
#7998=ADVANCED_FACE('',(#480),#7400,.F.);
#7999=ADVANCED_FACE('',(#481),#7401,.T.);
#8000=ADVANCED_FACE('',(#482),#7402,.T.);
#8001=ADVANCED_FACE('',(#483),#7403,.T.);
#8002=ADVANCED_FACE('',(#484),#7404,.F.);
#8003=ADVANCED_FACE('',(#485,#326),#7405,.F.);
#8004=ADVANCED_FACE('',(#486),#7406,.T.);
#8005=ADVANCED_FACE('',(#487),#7407,.T.);
#8006=ADVANCED_FACE('',(#488),#7408,.F.);
#8007=ADVANCED_FACE('',(#489),#7409,.T.);
#8008=ADVANCED_FACE('',(#490),#7410,.T.);
#8009=ADVANCED_FACE('',(#491),#7411,.T.);
#8010=ADVANCED_FACE('',(#492),#7412,.F.);
#8011=ADVANCED_FACE('',(#493),#7413,.T.);
#8012=ADVANCED_FACE('',(#494),#7414,.T.);
#8013=ADVANCED_FACE('',(#495),#7415,.F.);
#8014=ADVANCED_FACE('',(#496),#7416,.F.);
#8015=ADVANCED_FACE('',(#497),#7417,.T.);
#8016=ADVANCED_FACE('',(#498),#7418,.T.);
#8017=ADVANCED_FACE('',(#499),#7419,.T.);
#8018=ADVANCED_FACE('',(#500),#7420,.T.);
#8019=ADVANCED_FACE('',(#501),#7421,.T.);
#8020=ADVANCED_FACE('',(#502),#7422,.T.);
#8021=ADVANCED_FACE('',(#503),#7423,.T.);
#8022=ADVANCED_FACE('',(#504),#7424,.T.);
#8023=ADVANCED_FACE('',(#505),#7425,.T.);
#8024=ADVANCED_FACE('',(#506),#7426,.T.);
#8025=ADVANCED_FACE('',(#507),#7427,.T.);
#8026=ADVANCED_FACE('',(#508),#7428,.T.);
#8027=ADVANCED_FACE('',(#509),#7429,.T.);
#8028=ADVANCED_FACE('',(#510),#7430,.T.);
#8029=ADVANCED_FACE('',(#511),#7431,.T.);
#8030=ADVANCED_FACE('',(#512),#7432,.T.);
#8031=ADVANCED_FACE('',(#513),#7433,.T.);
#8032=ADVANCED_FACE('',(#514),#7434,.F.);
#8033=ADVANCED_FACE('',(#515),#7435,.F.);
#8034=ADVANCED_FACE('',(#516),#7436,.T.);
#8035=ADVANCED_FACE('',(#517),#7437,.T.);
#8036=ADVANCED_FACE('',(#518),#7438,.T.);
#8037=ADVANCED_FACE('',(#519),#7439,.T.);
#8038=ADVANCED_FACE('',(#520),#7440,.T.);
#8039=ADVANCED_FACE('',(#521),#7441,.T.);
#8040=ADVANCED_FACE('',(#522),#7442,.T.);
#8041=ADVANCED_FACE('',(#523),#7443,.T.);
#8042=ADVANCED_FACE('',(#524),#7444,.T.);
#8043=ADVANCED_FACE('',(#525),#7445,.T.);
#8044=ADVANCED_FACE('',(#526),#7446,.T.);
#8045=ADVANCED_FACE('',(#527),#7447,.T.);
#8046=ADVANCED_FACE('',(#528),#7448,.T.);
#8047=ADVANCED_FACE('',(#529),#7449,.T.);
#8048=ADVANCED_FACE('',(#530),#7450,.T.);
#8049=ADVANCED_FACE('',(#531),#7451,.T.);
#8050=ADVANCED_FACE('',(#532),#7452,.T.);
#8051=ADVANCED_FACE('',(#533),#7453,.F.);
#8052=ADVANCED_FACE('',(#534),#7454,.F.);
#8053=ADVANCED_FACE('',(#535),#7455,.T.);
#8054=ADVANCED_FACE('',(#536),#7456,.T.);
#8055=ADVANCED_FACE('',(#537),#7457,.T.);
#8056=ADVANCED_FACE('',(#538),#7458,.T.);
#8057=ADVANCED_FACE('',(#539),#7459,.T.);
#8058=ADVANCED_FACE('',(#540),#7460,.T.);
#8059=ADVANCED_FACE('',(#541),#7461,.T.);
#8060=ADVANCED_FACE('',(#542),#7462,.T.);
#8061=ADVANCED_FACE('',(#543),#7463,.T.);
#8062=ADVANCED_FACE('',(#544),#7464,.T.);
#8063=ADVANCED_FACE('',(#545),#7465,.T.);
#8064=ADVANCED_FACE('',(#546),#7466,.T.);
#8065=ADVANCED_FACE('',(#547),#7467,.T.);
#8066=ADVANCED_FACE('',(#548),#7468,.T.);
#8067=ADVANCED_FACE('',(#549),#7469,.T.);
#8068=ADVANCED_FACE('',(#550),#7470,.T.);
#8069=ADVANCED_FACE('',(#551),#7471,.T.);
#8070=ADVANCED_FACE('',(#552),#7472,.F.);
#8071=ADVANCED_FACE('',(#553),#7473,.F.);
#8072=ADVANCED_FACE('',(#554),#7474,.T.);
#8073=ADVANCED_FACE('',(#555),#7475,.T.);
#8074=ADVANCED_FACE('',(#556),#7476,.T.);
#8075=ADVANCED_FACE('',(#557),#7477,.T.);
#8076=ADVANCED_FACE('',(#558),#7478,.T.);
#8077=ADVANCED_FACE('',(#559),#7479,.T.);
#8078=ADVANCED_FACE('',(#560),#7480,.T.);
#8079=ADVANCED_FACE('',(#561),#7481,.T.);
#8080=ADVANCED_FACE('',(#562),#7482,.T.);
#8081=ADVANCED_FACE('',(#563),#7483,.T.);
#8082=ADVANCED_FACE('',(#564),#7484,.T.);
#8083=ADVANCED_FACE('',(#565),#7485,.T.);
#8084=ADVANCED_FACE('',(#566),#7486,.T.);
#8085=ADVANCED_FACE('',(#567),#7487,.T.);
#8086=ADVANCED_FACE('',(#568),#7488,.T.);
#8087=ADVANCED_FACE('',(#569),#7489,.T.);
#8088=ADVANCED_FACE('',(#570),#7490,.T.);
#8089=ADVANCED_FACE('',(#571),#7491,.F.);
#8090=ADVANCED_FACE('',(#572),#7492,.F.);
#8091=ADVANCED_FACE('',(#573),#7493,.T.);
#8092=ADVANCED_FACE('',(#574),#7494,.T.);
#8093=ADVANCED_FACE('',(#575),#7495,.T.);
#8094=ADVANCED_FACE('',(#576),#7496,.T.);
#8095=ADVANCED_FACE('',(#577),#7497,.T.);
#8096=ADVANCED_FACE('',(#578),#7498,.T.);
#8097=ADVANCED_FACE('',(#579),#7499,.T.);
#8098=ADVANCED_FACE('',(#580),#7500,.T.);
#8099=ADVANCED_FACE('',(#581),#7501,.T.);
#8100=ADVANCED_FACE('',(#582),#7502,.T.);
#8101=ADVANCED_FACE('',(#583),#7503,.T.);
#8102=ADVANCED_FACE('',(#584),#7504,.T.);
#8103=ADVANCED_FACE('',(#585),#7505,.T.);
#8104=ADVANCED_FACE('',(#586),#7506,.T.);
#8105=ADVANCED_FACE('',(#587),#7507,.T.);
#8106=ADVANCED_FACE('',(#588),#7508,.T.);
#8107=ADVANCED_FACE('',(#589),#7509,.T.);
#8108=ADVANCED_FACE('',(#590),#7510,.F.);
#8109=ADVANCED_FACE('',(#591),#7511,.F.);
#8110=ADVANCED_FACE('',(#592),#7512,.T.);
#8111=ADVANCED_FACE('',(#593),#7513,.T.);
#8112=ADVANCED_FACE('',(#594),#7514,.T.);
#8113=ADVANCED_FACE('',(#595),#7515,.T.);
#8114=ADVANCED_FACE('',(#596),#7516,.T.);
#8115=ADVANCED_FACE('',(#597),#7517,.T.);
#8116=ADVANCED_FACE('',(#598),#7518,.T.);
#8117=ADVANCED_FACE('',(#599),#7519,.T.);
#8118=ADVANCED_FACE('',(#600),#7520,.T.);
#8119=ADVANCED_FACE('',(#601),#7521,.T.);
#8120=ADVANCED_FACE('',(#602),#7522,.T.);
#8121=ADVANCED_FACE('',(#603),#7523,.T.);
#8122=ADVANCED_FACE('',(#604),#7524,.T.);
#8123=ADVANCED_FACE('',(#605),#7525,.T.);
#8124=ADVANCED_FACE('',(#606),#7526,.T.);
#8125=ADVANCED_FACE('',(#607),#7527,.T.);
#8126=ADVANCED_FACE('',(#608),#7528,.T.);
#8127=ADVANCED_FACE('',(#609),#7529,.F.);
#8128=ADVANCED_FACE('',(#610),#7530,.F.);
#8129=ADVANCED_FACE('',(#611),#7531,.T.);
#8130=ADVANCED_FACE('',(#612),#7532,.T.);
#8131=ADVANCED_FACE('',(#613),#7533,.T.);
#8132=ADVANCED_FACE('',(#614),#7534,.T.);
#8133=ADVANCED_FACE('',(#615),#7535,.T.);
#8134=ADVANCED_FACE('',(#616),#7536,.T.);
#8135=ADVANCED_FACE('',(#617),#7537,.T.);
#8136=ADVANCED_FACE('',(#618),#7538,.T.);
#8137=ADVANCED_FACE('',(#619),#7539,.T.);
#8138=ADVANCED_FACE('',(#620),#7540,.T.);
#8139=ADVANCED_FACE('',(#621),#7541,.T.);
#8140=ADVANCED_FACE('',(#622),#7542,.T.);
#8141=ADVANCED_FACE('',(#623),#7543,.T.);
#8142=ADVANCED_FACE('',(#624),#7544,.T.);
#8143=ADVANCED_FACE('',(#625),#7545,.T.);
#8144=ADVANCED_FACE('',(#626),#7546,.T.);
#8145=ADVANCED_FACE('',(#627),#7547,.T.);
#8146=ADVANCED_FACE('',(#628),#7548,.F.);
#8147=ADVANCED_FACE('',(#629),#7549,.F.);
#8148=ADVANCED_FACE('',(#630),#7550,.T.);
#8149=ADVANCED_FACE('',(#631),#7551,.T.);
#8150=ADVANCED_FACE('',(#632),#7552,.T.);
#8151=ADVANCED_FACE('',(#633),#7553,.T.);
#8152=ADVANCED_FACE('',(#634),#7554,.T.);
#8153=ADVANCED_FACE('',(#635),#7555,.T.);
#8154=ADVANCED_FACE('',(#636),#7556,.T.);
#8155=ADVANCED_FACE('',(#637),#7557,.T.);
#8156=ADVANCED_FACE('',(#638),#7558,.T.);
#8157=ADVANCED_FACE('',(#639),#7559,.T.);
#8158=ADVANCED_FACE('',(#640),#7560,.T.);
#8159=ADVANCED_FACE('',(#641),#7561,.T.);
#8160=ADVANCED_FACE('',(#642),#7562,.T.);
#8161=ADVANCED_FACE('',(#643),#7563,.T.);
#8162=ADVANCED_FACE('',(#644),#7564,.T.);
#8163=ADVANCED_FACE('',(#645),#7565,.T.);
#8164=ADVANCED_FACE('',(#646),#7566,.T.);
#8165=ADVANCED_FACE('',(#647),#7567,.F.);
#8166=ADVANCED_FACE('',(#648),#7568,.F.);
#8167=ADVANCED_FACE('',(#649),#7569,.T.);
#8168=ADVANCED_FACE('',(#650),#7570,.T.);
#8169=ADVANCED_FACE('',(#651),#7571,.T.);
#8170=ADVANCED_FACE('',(#652),#7572,.T.);
#8171=ADVANCED_FACE('',(#653),#7573,.T.);
#8172=ADVANCED_FACE('',(#654),#7574,.T.);
#8173=ADVANCED_FACE('',(#655),#7575,.T.);
#8174=ADVANCED_FACE('',(#656),#7576,.T.);
#8175=ADVANCED_FACE('',(#657),#7577,.T.);
#8176=ADVANCED_FACE('',(#658),#7578,.T.);
#8177=ADVANCED_FACE('',(#659),#7579,.T.);
#8178=ADVANCED_FACE('',(#660),#7580,.T.);
#8179=ADVANCED_FACE('',(#661),#7581,.T.);
#8180=ADVANCED_FACE('',(#662),#7582,.T.);
#8181=ADVANCED_FACE('',(#663),#7583,.T.);
#8182=ADVANCED_FACE('',(#664),#7584,.T.);
#8183=ADVANCED_FACE('',(#665),#7585,.T.);
#8184=ADVANCED_FACE('',(#666),#7586,.F.);
#8185=ADVANCED_FACE('',(#667),#7587,.F.);
#8186=ADVANCED_FACE('',(#668),#7588,.T.);
#8187=ADVANCED_FACE('',(#669),#7589,.T.);
#8188=ADVANCED_FACE('',(#670),#7590,.T.);
#8189=ADVANCED_FACE('',(#671),#7591,.T.);
#8190=ADVANCED_FACE('',(#672),#7592,.T.);
#8191=ADVANCED_FACE('',(#673),#7593,.T.);
#8192=ADVANCED_FACE('',(#674),#7594,.T.);
#8193=ADVANCED_FACE('',(#675),#7595,.T.);
#8194=ADVANCED_FACE('',(#676),#7596,.T.);
#8195=ADVANCED_FACE('',(#677),#7597,.T.);
#8196=ADVANCED_FACE('',(#678),#7598,.T.);
#8197=ADVANCED_FACE('',(#679),#7599,.T.);
#8198=ADVANCED_FACE('',(#680),#7600,.T.);
#8199=ADVANCED_FACE('',(#681),#7601,.T.);
#8200=ADVANCED_FACE('',(#682),#7602,.T.);
#8201=ADVANCED_FACE('',(#683),#7603,.T.);
#8202=ADVANCED_FACE('',(#684),#7604,.T.);
#8203=ADVANCED_FACE('',(#685),#7605,.F.);
#8204=ADVANCED_FACE('',(#686),#7606,.F.);
#8205=ADVANCED_FACE('',(#687),#7607,.T.);
#8206=ADVANCED_FACE('',(#688),#7608,.T.);
#8207=ADVANCED_FACE('',(#689),#7609,.T.);
#8208=ADVANCED_FACE('',(#690),#7610,.T.);
#8209=ADVANCED_FACE('',(#691),#7611,.T.);
#8210=ADVANCED_FACE('',(#692),#7612,.T.);
#8211=ADVANCED_FACE('',(#693),#7613,.T.);
#8212=ADVANCED_FACE('',(#694),#7614,.T.);
#8213=ADVANCED_FACE('',(#695),#7615,.T.);
#8214=ADVANCED_FACE('',(#696),#7616,.T.);
#8215=ADVANCED_FACE('',(#697),#7617,.T.);
#8216=ADVANCED_FACE('',(#698),#7618,.T.);
#8217=ADVANCED_FACE('',(#699),#7619,.T.);
#8218=ADVANCED_FACE('',(#700),#7620,.T.);
#8219=ADVANCED_FACE('',(#701),#7621,.T.);
#8220=ADVANCED_FACE('',(#702),#7622,.T.);
#8221=ADVANCED_FACE('',(#703),#7623,.T.);
#8222=ADVANCED_FACE('',(#704),#7624,.F.);
#8223=ADVANCED_FACE('',(#705),#7625,.F.);
#8224=ADVANCED_FACE('',(#706),#7626,.T.);
#8225=ADVANCED_FACE('',(#707),#7627,.T.);
#8226=ADVANCED_FACE('',(#708),#7628,.T.);
#8227=ADVANCED_FACE('',(#709),#7629,.T.);
#8228=ADVANCED_FACE('',(#710),#7630,.T.);
#8229=ADVANCED_FACE('',(#711),#7631,.T.);
#8230=ADVANCED_FACE('',(#712),#7632,.T.);
#8231=ADVANCED_FACE('',(#713),#7633,.T.);
#8232=ADVANCED_FACE('',(#714),#7634,.T.);
#8233=ADVANCED_FACE('',(#715),#7635,.T.);
#8234=ADVANCED_FACE('',(#716),#7636,.T.);
#8235=ADVANCED_FACE('',(#717),#7637,.T.);
#8236=ADVANCED_FACE('',(#718),#7638,.T.);
#8237=ADVANCED_FACE('',(#719),#7639,.T.);
#8238=ADVANCED_FACE('',(#720),#7640,.T.);
#8239=ADVANCED_FACE('',(#721),#7641,.T.);
#8240=ADVANCED_FACE('',(#722),#7642,.T.);
#8241=ADVANCED_FACE('',(#723),#7643,.F.);
#8242=ADVANCED_FACE('',(#724),#7644,.F.);
#8243=ADVANCED_FACE('',(#725),#7645,.T.);
#8244=ADVANCED_FACE('',(#726),#7646,.T.);
#8245=ADVANCED_FACE('',(#727),#7647,.T.);
#8246=ADVANCED_FACE('',(#728),#7648,.T.);
#8247=ADVANCED_FACE('',(#729),#7649,.T.);
#8248=ADVANCED_FACE('',(#730),#7650,.T.);
#8249=ADVANCED_FACE('',(#731),#7651,.T.);
#8250=ADVANCED_FACE('',(#732),#7652,.T.);
#8251=ADVANCED_FACE('',(#733),#7653,.T.);
#8252=ADVANCED_FACE('',(#734),#7654,.T.);
#8253=ADVANCED_FACE('',(#735),#7655,.T.);
#8254=ADVANCED_FACE('',(#736),#7656,.T.);
#8255=ADVANCED_FACE('',(#737),#7657,.T.);
#8256=ADVANCED_FACE('',(#738),#7658,.T.);
#8257=ADVANCED_FACE('',(#739),#7659,.T.);
#8258=ADVANCED_FACE('',(#740),#7660,.T.);
#8259=ADVANCED_FACE('',(#741),#7661,.F.);
#8260=ADVANCED_FACE('',(#742),#7662,.F.);
#8261=ADVANCED_FACE('',(#743),#7663,.T.);
#8262=ADVANCED_FACE('',(#744),#7664,.T.);
#8263=ADVANCED_FACE('',(#745),#7665,.T.);
#8264=ADVANCED_FACE('',(#746),#7666,.T.);
#8265=ADVANCED_FACE('',(#747),#7667,.T.);
#8266=ADVANCED_FACE('',(#748),#7668,.T.);
#8267=ADVANCED_FACE('',(#749),#7669,.T.);
#8268=ADVANCED_FACE('',(#750),#7670,.T.);
#8269=ADVANCED_FACE('',(#751),#7671,.T.);
#8270=ADVANCED_FACE('',(#752),#7672,.T.);
#8271=ADVANCED_FACE('',(#753),#7673,.T.);
#8272=ADVANCED_FACE('',(#754),#7674,.T.);
#8273=ADVANCED_FACE('',(#755),#7675,.T.);
#8274=ADVANCED_FACE('',(#756),#7676,.T.);
#8275=ADVANCED_FACE('',(#757),#7677,.T.);
#8276=ADVANCED_FACE('',(#758),#7678,.T.);
#8277=ADVANCED_FACE('',(#759),#166,.F.);
#8278=ADVANCED_FACE('',(#760),#7679,.F.);
#8279=ADVANCED_FACE('',(#761),#32,.F.);
#8280=ADVANCED_FACE('',(#762),#7680,.F.);
#8281=ADVANCED_FACE('',(#763),#167,.F.);
#8282=ADVANCED_FACE('',(#764),#7681,.F.);
#8283=ADVANCED_FACE('',(#765),#33,.F.);
#8284=ADVANCED_FACE('',(#766),#7682,.F.);
#8285=ADVANCED_FACE('',(#767),#168,.F.);
#8286=ADVANCED_FACE('',(#768),#7683,.F.);
#8287=ADVANCED_FACE('',(#769),#34,.F.);
#8288=ADVANCED_FACE('',(#770),#7684,.F.);
#8289=ADVANCED_FACE('',(#771),#169,.F.);
#8290=ADVANCED_FACE('',(#772),#7685,.F.);
#8291=ADVANCED_FACE('',(#773),#35,.F.);
#8292=ADVANCED_FACE('',(#774),#7686,.F.);
#8293=ADVANCED_FACE('',(#775),#170,.F.);
#8294=ADVANCED_FACE('',(#776),#7687,.F.);
#8295=ADVANCED_FACE('',(#777),#36,.F.);
#8296=ADVANCED_FACE('',(#778),#7688,.F.);
#8297=ADVANCED_FACE('',(#779),#171,.F.);
#8298=ADVANCED_FACE('',(#780),#7689,.F.);
#8299=ADVANCED_FACE('',(#781),#37,.F.);
#8300=ADVANCED_FACE('',(#782),#7690,.F.);
#8301=ADVANCED_FACE('',(#783),#172,.F.);
#8302=ADVANCED_FACE('',(#784),#7691,.F.);
#8303=ADVANCED_FACE('',(#785),#38,.F.);
#8304=ADVANCED_FACE('',(#786),#7692,.F.);
#8305=ADVANCED_FACE('',(#787),#173,.F.);
#8306=ADVANCED_FACE('',(#788),#7693,.F.);
#8307=ADVANCED_FACE('',(#789),#39,.F.);
#8308=ADVANCED_FACE('',(#790),#7694,.F.);
#8309=ADVANCED_FACE('',(#791),#174,.F.);
#8310=ADVANCED_FACE('',(#792),#7695,.F.);
#8311=ADVANCED_FACE('',(#793),#40,.F.);
#8312=ADVANCED_FACE('',(#794),#7696,.F.);
#8313=ADVANCED_FACE('',(#795),#175,.F.);
#8314=ADVANCED_FACE('',(#796),#7697,.F.);
#8315=ADVANCED_FACE('',(#797),#41,.F.);
#8316=ADVANCED_FACE('',(#798),#7698,.F.);
#8317=ADVANCED_FACE('',(#799),#176,.F.);
#8318=ADVANCED_FACE('',(#800),#7699,.F.);
#8319=ADVANCED_FACE('',(#801),#42,.F.);
#8320=ADVANCED_FACE('',(#802),#7700,.F.);
#8321=ADVANCED_FACE('',(#803),#177,.F.);
#8322=ADVANCED_FACE('',(#804),#7701,.F.);
#8323=ADVANCED_FACE('',(#805),#43,.F.);
#8324=ADVANCED_FACE('',(#806),#7702,.F.);
#8325=ADVANCED_FACE('',(#807),#178,.F.);
#8326=ADVANCED_FACE('',(#808),#7703,.F.);
#8327=ADVANCED_FACE('',(#809),#44,.F.);
#8328=ADVANCED_FACE('',(#810),#7704,.F.);
#8329=ADVANCED_FACE('',(#811),#179,.F.);
#8330=ADVANCED_FACE('',(#812),#7705,.F.);
#8331=ADVANCED_FACE('',(#813),#45,.F.);
#8332=ADVANCED_FACE('',(#814),#7706,.F.);
#8333=ADVANCED_FACE('',(#815),#7707,.T.);
#8334=ADVANCED_FACE('',(#816),#7708,.T.);
#8335=ADVANCED_FACE('',(#817),#7709,.T.);
#8336=ADVANCED_FACE('',(#818),#7710,.T.);
#8337=ADVANCED_FACE('',(#819),#7711,.T.);
#8338=ADVANCED_FACE('',(#820),#7712,.F.);
#8339=ADVANCED_FACE('',(#821),#14,.F.);
#8340=ADVANCED_FACE('',(#822),#15,.F.);
#8341=ADVANCED_FACE('',(#823),#16,.F.);
#8342=ADVANCED_FACE('',(#824),#17,.F.);
#8343=ADVANCED_FACE('',(#825),#18,.F.);
#8344=ADVANCED_FACE('',(#826),#19,.F.);
#8345=ADVANCED_FACE('',(#827),#20,.F.);
#8346=ADVANCED_FACE('',(#828),#21,.F.);
#8347=ADVANCED_FACE('',(#829),#22,.F.);
#8348=ADVANCED_FACE('',(#830),#23,.F.);
#8349=ADVANCED_FACE('',(#831),#24,.F.);
#8350=ADVANCED_FACE('',(#832),#25,.F.);
#8351=ADVANCED_FACE('',(#833),#26,.F.);
#8352=ADVANCED_FACE('',(#834),#27,.F.);
#8353=ADVANCED_FACE('',(#835),#28,.F.);
#8354=ADVANCED_FACE('',(#836),#29,.F.);
#8355=ADVANCED_FACE('',(#837),#30,.F.);
#8356=ADVANCED_FACE('',(#838),#31,.F.);
#8357=ADVANCED_FACE('',(#839),#7713,.T.);
#8358=ADVANCED_FACE('',(#840),#7714,.T.);
#8359=ADVANCED_FACE('',(#841),#7715,.T.);
#8360=ADVANCED_FACE('',(#842),#7716,.T.);
#8361=ADVANCED_FACE('',(#843,#327,#328,#329,#330,#331,#332,#333,#334,#335,
#336,#337,#338,#339,#340,#341,#342,#343,#344),#7717,.T.);
#8362=ADVANCED_FACE('',(#844,#345,#346,#347,#348,#349,#350,#351,#352,#353,
#354,#355,#356,#357,#358,#359,#360,#361,#362),#7718,.F.);
#8363=CLOSED_SHELL('',(#7881,#7882,#7883,#7884,#7885,#7886,#7887,#7888,
#7889,#7890,#7891,#7892,#7893,#7894,#7895,#7896,#7897,#7898,#7899,#7900,
#7901,#7902,#7903,#7904,#7905,#7906,#7907,#7908,#7909,#7910,#7911,#7912,
#7913,#7914,#7915,#7916,#7917,#7918,#7919,#7920,#7921,#7922,#7923,#7924,
#7925,#7926,#7927,#7928,#7929,#7930,#7931,#7932,#7933,#7934,#7935,#7936,
#7937,#7938,#7939,#7940,#7941,#7942,#7943,#7944,#7945,#7946,#7947,#7948,
#7949,#7950,#7951,#7952,#7953,#7954,#7955,#7956,#7957,#7958,#7959,#7960,
#7961,#7962,#7963,#7964,#7965,#7966,#7967,#7968,#7969,#7970,#7971,#7972,
#7973,#7974,#7975,#7976,#7977,#7978,#7979,#7980,#7981,#7982,#7983,#7984,
#7985,#7986,#7987,#7988,#7989,#7990,#7991,#7992,#7993,#7994,#7995,#7996,
#7997,#7998,#7999,#8000,#8001,#8002,#8003,#8004,#8005,#8006,#8007,#8008,
#8009,#8010,#8011,#8012,#8013,#8014,#8015,#8016,#8017,#8018,#8019,#8020,
#8021,#8022,#8023,#8024,#8025,#8026,#8027,#8028,#8029,#8030,#8031,#8032,
#8033,#8034,#8035,#8036,#8037,#8038,#8039,#8040,#8041,#8042,#8043,#8044,
#8045,#8046,#8047,#8048,#8049,#8050,#8051,#8052,#8053,#8054,#8055,#8056,
#8057,#8058,#8059,#8060,#8061,#8062,#8063,#8064,#8065,#8066,#8067,#8068,
#8069,#8070,#8071,#8072,#8073,#8074,#8075,#8076,#8077,#8078,#8079,#8080,
#8081,#8082,#8083,#8084,#8085,#8086,#8087,#8088,#8089,#8090,#8091,#8092,
#8093,#8094,#8095,#8096,#8097,#8098,#8099,#8100,#8101,#8102,#8103,#8104,
#8105,#8106,#8107,#8108,#8109,#8110,#8111,#8112,#8113,#8114,#8115,#8116,
#8117,#8118,#8119,#8120,#8121,#8122,#8123,#8124,#8125,#8126,#8127,#8128,
#8129,#8130,#8131,#8132,#8133,#8134,#8135,#8136,#8137,#8138,#8139,#8140,
#8141,#8142,#8143,#8144,#8145,#8146,#8147,#8148,#8149,#8150,#8151,#8152,
#8153,#8154,#8155,#8156,#8157,#8158,#8159,#8160,#8161,#8162,#8163,#8164,
#8165,#8166,#8167,#8168,#8169,#8170,#8171,#8172,#8173,#8174,#8175,#8176,
#8177,#8178,#8179,#8180,#8181,#8182,#8183,#8184,#8185,#8186,#8187,#8188,
#8189,#8190,#8191,#8192,#8193,#8194,#8195,#8196,#8197,#8198,#8199,#8200,
#8201,#8202,#8203,#8204,#8205,#8206,#8207,#8208,#8209,#8210,#8211,#8212,
#8213,#8214,#8215,#8216,#8217,#8218,#8219,#8220,#8221,#8222,#8223,#8224,
#8225,#8226,#8227,#8228,#8229,#8230,#8231,#8232,#8233,#8234,#8235,#8236,
#8237,#8238,#8239,#8240,#8241,#8242,#8243,#8244,#8245,#8246,#8247,#8248,
#8249,#8250,#8251,#8252,#8253,#8254,#8255,#8256,#8257,#8258,#8259,#8260,
#8261,#8262,#8263,#8264,#8265,#8266,#8267,#8268,#8269,#8270,#8271,#8272,
#8273,#8274,#8275,#8276));
#8364=CLOSED_SHELL('',(#8277,#8278,#8279,#8280));
#8365=CLOSED_SHELL('',(#8281,#8282,#8283,#8284));
#8366=CLOSED_SHELL('',(#8285,#8286,#8287,#8288));
#8367=CLOSED_SHELL('',(#8289,#8290,#8291,#8292));
#8368=CLOSED_SHELL('',(#8293,#8294,#8295,#8296));
#8369=CLOSED_SHELL('',(#8297,#8298,#8299,#8300));
#8370=CLOSED_SHELL('',(#8301,#8302,#8303,#8304));
#8371=CLOSED_SHELL('',(#8305,#8306,#8307,#8308));
#8372=CLOSED_SHELL('',(#8309,#8310,#8311,#8312));
#8373=CLOSED_SHELL('',(#8313,#8314,#8315,#8316));
#8374=CLOSED_SHELL('',(#8317,#8318,#8319,#8320));
#8375=CLOSED_SHELL('',(#8321,#8322,#8323,#8324));
#8376=CLOSED_SHELL('',(#8325,#8326,#8327,#8328));
#8377=CLOSED_SHELL('',(#8329,#8330,#8331,#8332));
#8378=CLOSED_SHELL('',(#8333,#8334,#8335,#8336,#8337,#8338));
#8379=CLOSED_SHELL('',(#8339,#8340,#8341,#8342,#8343,#8344,#8345,#8346,
#8347,#8348,#8349,#8350,#8351,#8352,#8353,#8354,#8355,#8356,#8357,#8358,
#8359,#8360,#8361,#8362));
#8380=DERIVED_UNIT_ELEMENT(#8412,1.);
#8381=DERIVED_UNIT_ELEMENT(#14744,-3.);
#8382=DERIVED_UNIT_ELEMENT(#8412,1.);
#8383=DERIVED_UNIT_ELEMENT(#14744,-3.);
#8384=DERIVED_UNIT_ELEMENT(#8412,1.);
#8385=DERIVED_UNIT_ELEMENT(#14744,-3.);
#8386=DERIVED_UNIT_ELEMENT(#8412,1.);
#8387=DERIVED_UNIT_ELEMENT(#14744,-3.);
#8388=DERIVED_UNIT_ELEMENT(#8412,1.);
#8389=DERIVED_UNIT_ELEMENT(#14744,-3.);
#8390=DERIVED_UNIT_ELEMENT(#8412,1.);
#8391=DERIVED_UNIT_ELEMENT(#14744,-3.);
#8392=DERIVED_UNIT_ELEMENT(#8412,1.);
#8393=DERIVED_UNIT_ELEMENT(#14744,-3.);
#8394=DERIVED_UNIT_ELEMENT(#8412,1.);
#8395=DERIVED_UNIT_ELEMENT(#14744,-3.);
#8396=DERIVED_UNIT_ELEMENT(#8412,1.);
#8397=DERIVED_UNIT_ELEMENT(#14744,-3.);
#8398=DERIVED_UNIT_ELEMENT(#8412,1.);
#8399=DERIVED_UNIT_ELEMENT(#14744,-3.);
#8400=DERIVED_UNIT_ELEMENT(#8412,1.);
#8401=DERIVED_UNIT_ELEMENT(#14744,-3.);
#8402=DERIVED_UNIT_ELEMENT(#8412,1.);
#8403=DERIVED_UNIT_ELEMENT(#14744,-3.);
#8404=DERIVED_UNIT_ELEMENT(#8412,1.);
#8405=DERIVED_UNIT_ELEMENT(#14744,-3.);
#8406=DERIVED_UNIT_ELEMENT(#8412,1.);
#8407=DERIVED_UNIT_ELEMENT(#14744,-3.);
#8408=DERIVED_UNIT_ELEMENT(#8412,1.);
#8409=DERIVED_UNIT_ELEMENT(#14744,-3.);
#8410=DERIVED_UNIT_ELEMENT(#8412,1.);
#8411=DERIVED_UNIT_ELEMENT(#14744,-3.);
#8412=(
MASS_UNIT()
NAMED_UNIT(*)
SI_UNIT(.KILO.,.GRAM.)
);
#8413=DERIVED_UNIT((#8380,#8381));
#8414=DERIVED_UNIT((#8382,#8383));
#8415=DERIVED_UNIT((#8384,#8385));
#8416=DERIVED_UNIT((#8386,#8387));
#8417=DERIVED_UNIT((#8388,#8389));
#8418=DERIVED_UNIT((#8390,#8391));
#8419=DERIVED_UNIT((#8392,#8393));
#8420=DERIVED_UNIT((#8394,#8395));
#8421=DERIVED_UNIT((#8396,#8397));
#8422=DERIVED_UNIT((#8398,#8399));
#8423=DERIVED_UNIT((#8400,#8401));
#8424=DERIVED_UNIT((#8402,#8403));
#8425=DERIVED_UNIT((#8404,#8405));
#8426=DERIVED_UNIT((#8406,#8407));
#8427=DERIVED_UNIT((#8408,#8409));
#8428=DERIVED_UNIT((#8410,#8411));
#8429=MEASURE_REPRESENTATION_ITEM('density measure',
POSITIVE_RATIO_MEASURE(7850.),#8413);
#8430=MEASURE_REPRESENTATION_ITEM('density measure',
POSITIVE_RATIO_MEASURE(7850.),#8414);
#8431=MEASURE_REPRESENTATION_ITEM('density measure',
POSITIVE_RATIO_MEASURE(7850.),#8415);
#8432=MEASURE_REPRESENTATION_ITEM('density measure',
POSITIVE_RATIO_MEASURE(7850.),#8416);
#8433=MEASURE_REPRESENTATION_ITEM('density measure',
POSITIVE_RATIO_MEASURE(7850.),#8417);
#8434=MEASURE_REPRESENTATION_ITEM('density measure',
POSITIVE_RATIO_MEASURE(7850.),#8418);
#8435=MEASURE_REPRESENTATION_ITEM('density measure',
POSITIVE_RATIO_MEASURE(7850.),#8419);
#8436=MEASURE_REPRESENTATION_ITEM('density measure',
POSITIVE_RATIO_MEASURE(7850.),#8420);
#8437=MEASURE_REPRESENTATION_ITEM('density measure',
POSITIVE_RATIO_MEASURE(7850.),#8421);
#8438=MEASURE_REPRESENTATION_ITEM('density measure',
POSITIVE_RATIO_MEASURE(7850.),#8422);
#8439=MEASURE_REPRESENTATION_ITEM('density measure',
POSITIVE_RATIO_MEASURE(7850.),#8423);
#8440=MEASURE_REPRESENTATION_ITEM('density measure',
POSITIVE_RATIO_MEASURE(7850.),#8424);
#8441=MEASURE_REPRESENTATION_ITEM('density measure',
POSITIVE_RATIO_MEASURE(7850.),#8425);
#8442=MEASURE_REPRESENTATION_ITEM('density measure',
POSITIVE_RATIO_MEASURE(7850.),#8426);
#8443=MEASURE_REPRESENTATION_ITEM('density measure',
POSITIVE_RATIO_MEASURE(7850.),#8427);
#8444=MEASURE_REPRESENTATION_ITEM('density measure',
POSITIVE_RATIO_MEASURE(7850.),#8428);
#8445=PROPERTY_DEFINITION_REPRESENTATION(#8525,#8477);
#8446=PROPERTY_DEFINITION_REPRESENTATION(#8526,#8478);
#8447=PROPERTY_DEFINITION_REPRESENTATION(#8527,#8479);
#8448=PROPERTY_DEFINITION_REPRESENTATION(#8528,#8480);
#8449=PROPERTY_DEFINITION_REPRESENTATION(#8529,#8481);
#8450=PROPERTY_DEFINITION_REPRESENTATION(#8530,#8482);
#8451=PROPERTY_DEFINITION_REPRESENTATION(#8531,#8483);
#8452=PROPERTY_DEFINITION_REPRESENTATION(#8532,#8484);
#8453=PROPERTY_DEFINITION_REPRESENTATION(#8533,#8485);
#8454=PROPERTY_DEFINITION_REPRESENTATION(#8534,#8486);
#8455=PROPERTY_DEFINITION_REPRESENTATION(#8535,#8487);
#8456=PROPERTY_DEFINITION_REPRESENTATION(#8536,#8488);
#8457=PROPERTY_DEFINITION_REPRESENTATION(#8537,#8489);
#8458=PROPERTY_DEFINITION_REPRESENTATION(#8538,#8490);
#8459=PROPERTY_DEFINITION_REPRESENTATION(#8539,#8491);
#8460=PROPERTY_DEFINITION_REPRESENTATION(#8540,#8492);
#8461=PROPERTY_DEFINITION_REPRESENTATION(#8541,#8493);
#8462=PROPERTY_DEFINITION_REPRESENTATION(#8542,#8494);
#8463=PROPERTY_DEFINITION_REPRESENTATION(#8543,#8495);
#8464=PROPERTY_DEFINITION_REPRESENTATION(#8544,#8496);
#8465=PROPERTY_DEFINITION_REPRESENTATION(#8545,#8497);
#8466=PROPERTY_DEFINITION_REPRESENTATION(#8546,#8498);
#8467=PROPERTY_DEFINITION_REPRESENTATION(#8547,#8499);
#8468=PROPERTY_DEFINITION_REPRESENTATION(#8548,#8500);
#8469=PROPERTY_DEFINITION_REPRESENTATION(#8549,#8501);
#8470=PROPERTY_DEFINITION_REPRESENTATION(#8550,#8502);
#8471=PROPERTY_DEFINITION_REPRESENTATION(#8551,#8503);
#8472=PROPERTY_DEFINITION_REPRESENTATION(#8552,#8504);
#8473=PROPERTY_DEFINITION_REPRESENTATION(#8553,#8505);
#8474=PROPERTY_DEFINITION_REPRESENTATION(#8554,#8506);
#8475=PROPERTY_DEFINITION_REPRESENTATION(#8555,#8507);
#8476=PROPERTY_DEFINITION_REPRESENTATION(#8556,#8508);
#8477=REPRESENTATION('material name',(#8509),#14726);
#8478=REPRESENTATION('density',(#8429),#14726);
#8479=REPRESENTATION('material name',(#8510),#14727);
#8480=REPRESENTATION('density',(#8430),#14727);
#8481=REPRESENTATION('material name',(#8511),#14728);
#8482=REPRESENTATION('density',(#8431),#14728);
#8483=REPRESENTATION('material name',(#8512),#14729);
#8484=REPRESENTATION('density',(#8432),#14729);
#8485=REPRESENTATION('material name',(#8513),#14730);
#8486=REPRESENTATION('density',(#8433),#14730);
#8487=REPRESENTATION('material name',(#8514),#14731);
#8488=REPRESENTATION('density',(#8434),#14731);
#8489=REPRESENTATION('material name',(#8515),#14732);
#8490=REPRESENTATION('density',(#8435),#14732);
#8491=REPRESENTATION('material name',(#8516),#14733);
#8492=REPRESENTATION('density',(#8436),#14733);
#8493=REPRESENTATION('material name',(#8517),#14734);
#8494=REPRESENTATION('density',(#8437),#14734);
#8495=REPRESENTATION('material name',(#8518),#14735);
#8496=REPRESENTATION('density',(#8438),#14735);
#8497=REPRESENTATION('material name',(#8519),#14736);
#8498=REPRESENTATION('density',(#8439),#14736);
#8499=REPRESENTATION('material name',(#8520),#14737);
#8500=REPRESENTATION('density',(#8440),#14737);
#8501=REPRESENTATION('material name',(#8521),#14738);
#8502=REPRESENTATION('density',(#8441),#14738);
#8503=REPRESENTATION('material name',(#8522),#14739);
#8504=REPRESENTATION('density',(#8442),#14739);
#8505=REPRESENTATION('material name',(#8523),#14740);
#8506=REPRESENTATION('density',(#8443),#14740);
#8507=REPRESENTATION('material name',(#8524),#14741);
#8508=REPRESENTATION('density',(#8444),#14741);
#8509=DESCRIPTIVE_REPRESENTATION_ITEM('Stahl','Stahl');
#8510=DESCRIPTIVE_REPRESENTATION_ITEM('Acier','Acier');
#8511=DESCRIPTIVE_REPRESENTATION_ITEM('Acier','Acier');
#8512=DESCRIPTIVE_REPRESENTATION_ITEM('Acier','Acier');
#8513=DESCRIPTIVE_REPRESENTATION_ITEM('Acier','Acier');
#8514=DESCRIPTIVE_REPRESENTATION_ITEM('Acier','Acier');
#8515=DESCRIPTIVE_REPRESENTATION_ITEM('Acier','Acier');
#8516=DESCRIPTIVE_REPRESENTATION_ITEM('Acier','Acier');
#8517=DESCRIPTIVE_REPRESENTATION_ITEM('Acier','Acier');
#8518=DESCRIPTIVE_REPRESENTATION_ITEM('Acier','Acier');
#8519=DESCRIPTIVE_REPRESENTATION_ITEM('Acier','Acier');
#8520=DESCRIPTIVE_REPRESENTATION_ITEM('Acier','Acier');
#8521=DESCRIPTIVE_REPRESENTATION_ITEM('Acier','Acier');
#8522=DESCRIPTIVE_REPRESENTATION_ITEM('Acier','Acier');
#8523=DESCRIPTIVE_REPRESENTATION_ITEM('Acier','Acier');
#8524=DESCRIPTIVE_REPRESENTATION_ITEM('Acier','Acier');
#8525=PROPERTY_DEFINITION('material property','material name',#14821);
#8526=PROPERTY_DEFINITION('material property','density of part',#14821);
#8527=PROPERTY_DEFINITION('material property','material name',#14822);
#8528=PROPERTY_DEFINITION('material property','density of part',#14822);
#8529=PROPERTY_DEFINITION('material property','material name',#14823);
#8530=PROPERTY_DEFINITION('material property','density of part',#14823);
#8531=PROPERTY_DEFINITION('material property','material name',#14824);
#8532=PROPERTY_DEFINITION('material property','density of part',#14824);
#8533=PROPERTY_DEFINITION('material property','material name',#14825);
#8534=PROPERTY_DEFINITION('material property','density of part',#14825);
#8535=PROPERTY_DEFINITION('material property','material name',#14826);
#8536=PROPERTY_DEFINITION('material property','density of part',#14826);
#8537=PROPERTY_DEFINITION('material property','material name',#14827);
#8538=PROPERTY_DEFINITION('material property','density of part',#14827);
#8539=PROPERTY_DEFINITION('material property','material name',#14828);
#8540=PROPERTY_DEFINITION('material property','density of part',#14828);
#8541=PROPERTY_DEFINITION('material property','material name',#14829);
#8542=PROPERTY_DEFINITION('material property','density of part',#14829);
#8543=PROPERTY_DEFINITION('material property','material name',#14830);
#8544=PROPERTY_DEFINITION('material property','density of part',#14830);
#8545=PROPERTY_DEFINITION('material property','material name',#14831);
#8546=PROPERTY_DEFINITION('material property','density of part',#14831);
#8547=PROPERTY_DEFINITION('material property','material name',#14832);
#8548=PROPERTY_DEFINITION('material property','density of part',#14832);
#8549=PROPERTY_DEFINITION('material property','material name',#14833);
#8550=PROPERTY_DEFINITION('material property','density of part',#14833);
#8551=PROPERTY_DEFINITION('material property','material name',#14834);
#8552=PROPERTY_DEFINITION('material property','density of part',#14834);
#8553=PROPERTY_DEFINITION('material property','material name',#14835);
#8554=PROPERTY_DEFINITION('material property','density of part',#14835);
#8555=PROPERTY_DEFINITION('material property','material name',#14836);
#8556=PROPERTY_DEFINITION('material property','density of part',#14836);
#8557=AXIS2_PLACEMENT_3D('',#11191,#9111,#9112);
#8558=AXIS2_PLACEMENT_3D('',#11192,#9113,#9114);
#8559=AXIS2_PLACEMENT_3D('',#11193,#9115,#9116);
#8560=AXIS2_PLACEMENT_3D('',#11194,#9117,#9118);
#8561=AXIS2_PLACEMENT_3D('',#11203,#9123,#9124);
#8562=AXIS2_PLACEMENT_3D('',#11209,#9128,#9129);
#8563=AXIS2_PLACEMENT_3D('',#11218,#9134,#9135);
#8564=AXIS2_PLACEMENT_3D('',#11231,#9142,#9143);
#8565=AXIS2_PLACEMENT_3D('',#11244,#9150,#9151);
#8566=AXIS2_PLACEMENT_3D('',#11257,#9158,#9159);
#8567=AXIS2_PLACEMENT_3D('',#11270,#9166,#9167);
#8568=AXIS2_PLACEMENT_3D('',#11283,#9174,#9175);
#8569=AXIS2_PLACEMENT_3D('',#11296,#9182,#9183);
#8570=AXIS2_PLACEMENT_3D('',#11309,#9190,#9191);
#8571=AXIS2_PLACEMENT_3D('',#11322,#9198,#9199);
#8572=AXIS2_PLACEMENT_3D('',#11335,#9206,#9207);
#8573=AXIS2_PLACEMENT_3D('',#11348,#9214,#9215);
#8574=AXIS2_PLACEMENT_3D('',#11361,#9222,#9223);
#8575=AXIS2_PLACEMENT_3D('',#11374,#9230,#9231);
#8576=AXIS2_PLACEMENT_3D('',#11387,#9238,#9239);
#8577=AXIS2_PLACEMENT_3D('',#11393,#9243,#9244);
#8578=AXIS2_PLACEMENT_3D('',#11399,#9248,#9249);
#8579=AXIS2_PLACEMENT_3D('',#11403,#9252,#9253);
#8580=AXIS2_PLACEMENT_3D('',#11407,#9256,#9257);
#8581=AXIS2_PLACEMENT_3D('',#11413,#9261,#9262);
#8582=AXIS2_PLACEMENT_3D('',#11425,#9269,#9270);
#8583=AXIS2_PLACEMENT_3D('',#11429,#9273,#9274);
#8584=AXIS2_PLACEMENT_3D('',#11700,#9411,#9412);
#8585=AXIS2_PLACEMENT_3D('',#11704,#9415,#9416);
#8586=AXIS2_PLACEMENT_3D('',#11708,#9419,#9420);
#8587=AXIS2_PLACEMENT_3D('',#11722,#9428,#9429);
#8588=AXIS2_PLACEMENT_3D('',#11725,#9432,#9433);
#8589=AXIS2_PLACEMENT_3D('',#11728,#9436,#9437);
#8590=AXIS2_PLACEMENT_3D('',#11730,#9439,#9440);
#8591=AXIS2_PLACEMENT_3D('',#11733,#9443,#9444);
#8592=AXIS2_PLACEMENT_3D('',#11734,#9445,#9446);
#8593=AXIS2_PLACEMENT_3D('',#11738,#9449,#9450);
#8594=AXIS2_PLACEMENT_3D('',#11742,#9453,#9454);
#8595=AXIS2_PLACEMENT_3D('',#11756,#9462,#9463);
#8596=AXIS2_PLACEMENT_3D('',#11759,#9466,#9467);
#8597=AXIS2_PLACEMENT_3D('',#11762,#9470,#9471);
#8598=AXIS2_PLACEMENT_3D('',#11764,#9473,#9474);
#8599=AXIS2_PLACEMENT_3D('',#11767,#9477,#9478);
#8600=AXIS2_PLACEMENT_3D('',#11768,#9479,#9480);
#8601=AXIS2_PLACEMENT_3D('',#11772,#9483,#9484);
#8602=AXIS2_PLACEMENT_3D('',#11776,#9487,#9488);
#8603=AXIS2_PLACEMENT_3D('',#11790,#9496,#9497);
#8604=AXIS2_PLACEMENT_3D('',#11793,#9500,#9501);
#8605=AXIS2_PLACEMENT_3D('',#11796,#9504,#9505);
#8606=AXIS2_PLACEMENT_3D('',#11798,#9507,#9508);
#8607=AXIS2_PLACEMENT_3D('',#11801,#9511,#9512);
#8608=AXIS2_PLACEMENT_3D('',#11802,#9513,#9514);
#8609=AXIS2_PLACEMENT_3D('',#11806,#9517,#9518);
#8610=AXIS2_PLACEMENT_3D('',#11810,#9521,#9522);
#8611=AXIS2_PLACEMENT_3D('',#11824,#9530,#9531);
#8612=AXIS2_PLACEMENT_3D('',#11827,#9534,#9535);
#8613=AXIS2_PLACEMENT_3D('',#11830,#9538,#9539);
#8614=AXIS2_PLACEMENT_3D('',#11832,#9541,#9542);
#8615=AXIS2_PLACEMENT_3D('',#11835,#9545,#9546);
#8616=AXIS2_PLACEMENT_3D('',#11836,#9547,#9548);
#8617=AXIS2_PLACEMENT_3D('',#11840,#9551,#9552);
#8618=AXIS2_PLACEMENT_3D('',#11844,#9555,#9556);
#8619=AXIS2_PLACEMENT_3D('',#11858,#9564,#9565);
#8620=AXIS2_PLACEMENT_3D('',#11861,#9568,#9569);
#8621=AXIS2_PLACEMENT_3D('',#11864,#9572,#9573);
#8622=AXIS2_PLACEMENT_3D('',#11866,#9575,#9576);
#8623=AXIS2_PLACEMENT_3D('',#11869,#9579,#9580);
#8624=AXIS2_PLACEMENT_3D('',#11870,#9581,#9582);
#8625=AXIS2_PLACEMENT_3D('',#11874,#9585,#9586);
#8626=AXIS2_PLACEMENT_3D('',#11878,#9589,#9590);
#8627=AXIS2_PLACEMENT_3D('',#11892,#9598,#9599);
#8628=AXIS2_PLACEMENT_3D('',#11895,#9602,#9603);
#8629=AXIS2_PLACEMENT_3D('',#11898,#9606,#9607);
#8630=AXIS2_PLACEMENT_3D('',#11900,#9609,#9610);
#8631=AXIS2_PLACEMENT_3D('',#11903,#9613,#9614);
#8632=AXIS2_PLACEMENT_3D('',#11904,#9615,#9616);
#8633=AXIS2_PLACEMENT_3D('',#11908,#9619,#9620);
#8634=AXIS2_PLACEMENT_3D('',#11912,#9623,#9624);
#8635=AXIS2_PLACEMENT_3D('',#11926,#9632,#9633);
#8636=AXIS2_PLACEMENT_3D('',#11929,#9636,#9637);
#8637=AXIS2_PLACEMENT_3D('',#11932,#9640,#9641);
#8638=AXIS2_PLACEMENT_3D('',#11934,#9643,#9644);
#8639=AXIS2_PLACEMENT_3D('',#11937,#9647,#9648);
#8640=AXIS2_PLACEMENT_3D('',#11938,#9649,#9650);
#8641=AXIS2_PLACEMENT_3D('',#11942,#9653,#9654);
#8642=AXIS2_PLACEMENT_3D('',#11946,#9657,#9658);
#8643=AXIS2_PLACEMENT_3D('',#11960,#9666,#9667);
#8644=AXIS2_PLACEMENT_3D('',#11963,#9670,#9671);
#8645=AXIS2_PLACEMENT_3D('',#11966,#9674,#9675);
#8646=AXIS2_PLACEMENT_3D('',#11968,#9677,#9678);
#8647=AXIS2_PLACEMENT_3D('',#11971,#9681,#9682);
#8648=AXIS2_PLACEMENT_3D('',#11972,#9683,#9684);
#8649=AXIS2_PLACEMENT_3D('',#11976,#9687,#9688);
#8650=AXIS2_PLACEMENT_3D('',#11980,#9691,#9692);
#8651=AXIS2_PLACEMENT_3D('',#11994,#9700,#9701);
#8652=AXIS2_PLACEMENT_3D('',#11997,#9704,#9705);
#8653=AXIS2_PLACEMENT_3D('',#12000,#9708,#9709);
#8654=AXIS2_PLACEMENT_3D('',#12002,#9711,#9712);
#8655=AXIS2_PLACEMENT_3D('',#12005,#9715,#9716);
#8656=AXIS2_PLACEMENT_3D('',#12006,#9717,#9718);
#8657=AXIS2_PLACEMENT_3D('',#12010,#9721,#9722);
#8658=AXIS2_PLACEMENT_3D('',#12014,#9725,#9726);
#8659=AXIS2_PLACEMENT_3D('',#12028,#9734,#9735);
#8660=AXIS2_PLACEMENT_3D('',#12031,#9738,#9739);
#8661=AXIS2_PLACEMENT_3D('',#12034,#9742,#9743);
#8662=AXIS2_PLACEMENT_3D('',#12036,#9745,#9746);
#8663=AXIS2_PLACEMENT_3D('',#12039,#9749,#9750);
#8664=AXIS2_PLACEMENT_3D('',#12040,#9751,#9752);
#8665=AXIS2_PLACEMENT_3D('',#12044,#9755,#9756);
#8666=AXIS2_PLACEMENT_3D('',#12048,#9759,#9760);
#8667=AXIS2_PLACEMENT_3D('',#12062,#9768,#9769);
#8668=AXIS2_PLACEMENT_3D('',#12065,#9772,#9773);
#8669=AXIS2_PLACEMENT_3D('',#12068,#9776,#9777);
#8670=AXIS2_PLACEMENT_3D('',#12070,#9779,#9780);
#8671=AXIS2_PLACEMENT_3D('',#12073,#9783,#9784);
#8672=AXIS2_PLACEMENT_3D('',#12074,#9785,#9786);
#8673=AXIS2_PLACEMENT_3D('',#12078,#9789,#9790);
#8674=AXIS2_PLACEMENT_3D('',#12082,#9793,#9794);
#8675=AXIS2_PLACEMENT_3D('',#12096,#9802,#9803);
#8676=AXIS2_PLACEMENT_3D('',#12099,#9806,#9807);
#8677=AXIS2_PLACEMENT_3D('',#12102,#9810,#9811);
#8678=AXIS2_PLACEMENT_3D('',#12104,#9813,#9814);
#8679=AXIS2_PLACEMENT_3D('',#12107,#9817,#9818);
#8680=AXIS2_PLACEMENT_3D('',#12108,#9819,#9820);
#8681=AXIS2_PLACEMENT_3D('',#12112,#9823,#9824);
#8682=AXIS2_PLACEMENT_3D('',#12116,#9827,#9828);
#8683=AXIS2_PLACEMENT_3D('',#12130,#9836,#9837);
#8684=AXIS2_PLACEMENT_3D('',#12133,#9840,#9841);
#8685=AXIS2_PLACEMENT_3D('',#12136,#9844,#9845);
#8686=AXIS2_PLACEMENT_3D('',#12138,#9847,#9848);
#8687=AXIS2_PLACEMENT_3D('',#12141,#9851,#9852);
#8688=AXIS2_PLACEMENT_3D('',#12142,#9853,#9854);
#8689=AXIS2_PLACEMENT_3D('',#12144,#9856,#9857);
#8690=AXIS2_PLACEMENT_3D('',#12146,#9859,#9860);
#8691=AXIS2_PLACEMENT_3D('',#12147,#9861,#9862);
#8692=AXIS2_PLACEMENT_3D('',#12148,#9863,#9864);
#8693=AXIS2_PLACEMENT_3D('',#12154,#9868,#9869);
#8694=AXIS2_PLACEMENT_3D('',#12160,#9873,#9874);
#8695=AXIS2_PLACEMENT_3D('',#12166,#9878,#9879);
#8696=AXIS2_PLACEMENT_3D('',#12172,#9883,#9884);
#8697=AXIS2_PLACEMENT_3D('',#12174,#9886,#9887);
#8698=AXIS2_PLACEMENT_3D('',#12178,#9890,#9891);
#8699=AXIS2_PLACEMENT_3D('',#12182,#9894,#9895);
#8700=AXIS2_PLACEMENT_3D('',#12186,#9898,#9899);
#8701=AXIS2_PLACEMENT_3D('',#12190,#9902,#9903);
#8702=AXIS2_PLACEMENT_3D('',#12192,#9905,#9906);
#8703=AXIS2_PLACEMENT_3D('',#12194,#9908,#9909);
#8704=AXIS2_PLACEMENT_3D('',#12195,#9910,#9911);
#8705=AXIS2_PLACEMENT_3D('',#12197,#9913,#9914);
#8706=AXIS2_PLACEMENT_3D('',#12203,#9918,#9919);
#8707=AXIS2_PLACEMENT_3D('',#12207,#9922,#9923);
#8708=AXIS2_PLACEMENT_3D('',#12211,#9926,#9927);
#8709=AXIS2_PLACEMENT_3D('',#12213,#9929,#9930);
#8710=AXIS2_PLACEMENT_3D('',#12214,#9931,#9932);
#8711=AXIS2_PLACEMENT_3D('',#12215,#9933,#9934);
#8712=AXIS2_PLACEMENT_3D('',#12221,#9938,#9939);
#8713=AXIS2_PLACEMENT_3D('',#12227,#9943,#9944);
#8714=AXIS2_PLACEMENT_3D('',#12233,#9948,#9949);
#8715=AXIS2_PLACEMENT_3D('',#12239,#9953,#9954);
#8716=AXIS2_PLACEMENT_3D('',#12241,#9956,#9957);
#8717=AXIS2_PLACEMENT_3D('',#12245,#9960,#9961);
#8718=AXIS2_PLACEMENT_3D('',#12249,#9964,#9965);
#8719=AXIS2_PLACEMENT_3D('',#12253,#9968,#9969);
#8720=AXIS2_PLACEMENT_3D('',#12257,#9972,#9973);
#8721=AXIS2_PLACEMENT_3D('',#12259,#9975,#9976);
#8722=AXIS2_PLACEMENT_3D('',#12261,#9978,#9979);
#8723=AXIS2_PLACEMENT_3D('',#12262,#9980,#9981);
#8724=AXIS2_PLACEMENT_3D('',#12264,#9983,#9984);
#8725=AXIS2_PLACEMENT_3D('',#12270,#9988,#9989);
#8726=AXIS2_PLACEMENT_3D('',#12274,#9992,#9993);
#8727=AXIS2_PLACEMENT_3D('',#12278,#9996,#9997);
#8728=AXIS2_PLACEMENT_3D('',#12280,#9999,#10000);
#8729=AXIS2_PLACEMENT_3D('',#12281,#10001,#10002);
#8730=AXIS2_PLACEMENT_3D('',#12282,#10003,#10004);
#8731=AXIS2_PLACEMENT_3D('',#12288,#10008,#10009);
#8732=AXIS2_PLACEMENT_3D('',#12294,#10013,#10014);
#8733=AXIS2_PLACEMENT_3D('',#12300,#10018,#10019);
#8734=AXIS2_PLACEMENT_3D('',#12306,#10023,#10024);
#8735=AXIS2_PLACEMENT_3D('',#12308,#10026,#10027);
#8736=AXIS2_PLACEMENT_3D('',#12312,#10030,#10031);
#8737=AXIS2_PLACEMENT_3D('',#12316,#10034,#10035);
#8738=AXIS2_PLACEMENT_3D('',#12320,#10038,#10039);
#8739=AXIS2_PLACEMENT_3D('',#12324,#10042,#10043);
#8740=AXIS2_PLACEMENT_3D('',#12326,#10045,#10046);
#8741=AXIS2_PLACEMENT_3D('',#12328,#10048,#10049);
#8742=AXIS2_PLACEMENT_3D('',#12329,#10050,#10051);
#8743=AXIS2_PLACEMENT_3D('',#12331,#10053,#10054);
#8744=AXIS2_PLACEMENT_3D('',#12337,#10058,#10059);
#8745=AXIS2_PLACEMENT_3D('',#12341,#10062,#10063);
#8746=AXIS2_PLACEMENT_3D('',#12345,#10066,#10067);
#8747=AXIS2_PLACEMENT_3D('',#12347,#10069,#10070);
#8748=AXIS2_PLACEMENT_3D('',#12348,#10071,#10072);
#8749=AXIS2_PLACEMENT_3D('',#12349,#10073,#10074);
#8750=AXIS2_PLACEMENT_3D('',#12355,#10078,#10079);
#8751=AXIS2_PLACEMENT_3D('',#12361,#10083,#10084);
#8752=AXIS2_PLACEMENT_3D('',#12367,#10088,#10089);
#8753=AXIS2_PLACEMENT_3D('',#12373,#10093,#10094);
#8754=AXIS2_PLACEMENT_3D('',#12375,#10096,#10097);
#8755=AXIS2_PLACEMENT_3D('',#12379,#10100,#10101);
#8756=AXIS2_PLACEMENT_3D('',#12383,#10104,#10105);
#8757=AXIS2_PLACEMENT_3D('',#12387,#10108,#10109);
#8758=AXIS2_PLACEMENT_3D('',#12391,#10112,#10113);
#8759=AXIS2_PLACEMENT_3D('',#12393,#10115,#10116);
#8760=AXIS2_PLACEMENT_3D('',#12395,#10118,#10119);
#8761=AXIS2_PLACEMENT_3D('',#12396,#10120,#10121);
#8762=AXIS2_PLACEMENT_3D('',#12398,#10123,#10124);
#8763=AXIS2_PLACEMENT_3D('',#12404,#10128,#10129);
#8764=AXIS2_PLACEMENT_3D('',#12408,#10132,#10133);
#8765=AXIS2_PLACEMENT_3D('',#12412,#10136,#10137);
#8766=AXIS2_PLACEMENT_3D('',#12414,#10139,#10140);
#8767=AXIS2_PLACEMENT_3D('',#12415,#10141,#10142);
#8768=AXIS2_PLACEMENT_3D('',#12416,#10143,#10144);
#8769=AXIS2_PLACEMENT_3D('',#12422,#10148,#10149);
#8770=AXIS2_PLACEMENT_3D('',#12428,#10153,#10154);
#8771=AXIS2_PLACEMENT_3D('',#12434,#10158,#10159);
#8772=AXIS2_PLACEMENT_3D('',#12440,#10163,#10164);
#8773=AXIS2_PLACEMENT_3D('',#12442,#10166,#10167);
#8774=AXIS2_PLACEMENT_3D('',#12446,#10170,#10171);
#8775=AXIS2_PLACEMENT_3D('',#12450,#10174,#10175);
#8776=AXIS2_PLACEMENT_3D('',#12454,#10178,#10179);
#8777=AXIS2_PLACEMENT_3D('',#12458,#10182,#10183);
#8778=AXIS2_PLACEMENT_3D('',#12460,#10185,#10186);
#8779=AXIS2_PLACEMENT_3D('',#12462,#10188,#10189);
#8780=AXIS2_PLACEMENT_3D('',#12463,#10190,#10191);
#8781=AXIS2_PLACEMENT_3D('',#12465,#10193,#10194);
#8782=AXIS2_PLACEMENT_3D('',#12471,#10198,#10199);
#8783=AXIS2_PLACEMENT_3D('',#12475,#10202,#10203);
#8784=AXIS2_PLACEMENT_3D('',#12479,#10206,#10207);
#8785=AXIS2_PLACEMENT_3D('',#12481,#10209,#10210);
#8786=AXIS2_PLACEMENT_3D('',#12482,#10211,#10212);
#8787=AXIS2_PLACEMENT_3D('',#12483,#10213,#10214);
#8788=AXIS2_PLACEMENT_3D('',#12489,#10218,#10219);
#8789=AXIS2_PLACEMENT_3D('',#12495,#10223,#10224);
#8790=AXIS2_PLACEMENT_3D('',#12501,#10228,#10229);
#8791=AXIS2_PLACEMENT_3D('',#12507,#10233,#10234);
#8792=AXIS2_PLACEMENT_3D('',#12509,#10236,#10237);
#8793=AXIS2_PLACEMENT_3D('',#12513,#10240,#10241);
#8794=AXIS2_PLACEMENT_3D('',#12517,#10244,#10245);
#8795=AXIS2_PLACEMENT_3D('',#12521,#10248,#10249);
#8796=AXIS2_PLACEMENT_3D('',#12525,#10252,#10253);
#8797=AXIS2_PLACEMENT_3D('',#12527,#10255,#10256);
#8798=AXIS2_PLACEMENT_3D('',#12529,#10258,#10259);
#8799=AXIS2_PLACEMENT_3D('',#12530,#10260,#10261);
#8800=AXIS2_PLACEMENT_3D('',#12532,#10263,#10264);
#8801=AXIS2_PLACEMENT_3D('',#12538,#10268,#10269);
#8802=AXIS2_PLACEMENT_3D('',#12542,#10272,#10273);
#8803=AXIS2_PLACEMENT_3D('',#12546,#10276,#10277);
#8804=AXIS2_PLACEMENT_3D('',#12548,#10279,#10280);
#8805=AXIS2_PLACEMENT_3D('',#12549,#10281,#10282);
#8806=AXIS2_PLACEMENT_3D('',#12550,#10283,#10284);
#8807=AXIS2_PLACEMENT_3D('',#12556,#10288,#10289);
#8808=AXIS2_PLACEMENT_3D('',#12562,#10293,#10294);
#8809=AXIS2_PLACEMENT_3D('',#12568,#10298,#10299);
#8810=AXIS2_PLACEMENT_3D('',#12574,#10303,#10304);
#8811=AXIS2_PLACEMENT_3D('',#12576,#10306,#10307);
#8812=AXIS2_PLACEMENT_3D('',#12580,#10310,#10311);
#8813=AXIS2_PLACEMENT_3D('',#12584,#10314,#10315);
#8814=AXIS2_PLACEMENT_3D('',#12588,#10318,#10319);
#8815=AXIS2_PLACEMENT_3D('',#12592,#10322,#10323);
#8816=AXIS2_PLACEMENT_3D('',#12594,#10325,#10326);
#8817=AXIS2_PLACEMENT_3D('',#12596,#10328,#10329);
#8818=AXIS2_PLACEMENT_3D('',#12597,#10330,#10331);
#8819=AXIS2_PLACEMENT_3D('',#12599,#10333,#10334);
#8820=AXIS2_PLACEMENT_3D('',#12605,#10338,#10339);
#8821=AXIS2_PLACEMENT_3D('',#12609,#10342,#10343);
#8822=AXIS2_PLACEMENT_3D('',#12613,#10346,#10347);
#8823=AXIS2_PLACEMENT_3D('',#12615,#10349,#10350);
#8824=AXIS2_PLACEMENT_3D('',#12616,#10351,#10352);
#8825=AXIS2_PLACEMENT_3D('',#12617,#10353,#10354);
#8826=AXIS2_PLACEMENT_3D('',#12623,#10358,#10359);
#8827=AXIS2_PLACEMENT_3D('',#12629,#10363,#10364);
#8828=AXIS2_PLACEMENT_3D('',#12635,#10368,#10369);
#8829=AXIS2_PLACEMENT_3D('',#12641,#10373,#10374);
#8830=AXIS2_PLACEMENT_3D('',#12643,#10376,#10377);
#8831=AXIS2_PLACEMENT_3D('',#12647,#10380,#10381);
#8832=AXIS2_PLACEMENT_3D('',#12651,#10384,#10385);
#8833=AXIS2_PLACEMENT_3D('',#12655,#10388,#10389);
#8834=AXIS2_PLACEMENT_3D('',#12659,#10392,#10393);
#8835=AXIS2_PLACEMENT_3D('',#12661,#10395,#10396);
#8836=AXIS2_PLACEMENT_3D('',#12663,#10398,#10399);
#8837=AXIS2_PLACEMENT_3D('',#12664,#10400,#10401);
#8838=AXIS2_PLACEMENT_3D('',#12666,#10403,#10404);
#8839=AXIS2_PLACEMENT_3D('',#12672,#10408,#10409);
#8840=AXIS2_PLACEMENT_3D('',#12676,#10412,#10413);
#8841=AXIS2_PLACEMENT_3D('',#12680,#10416,#10417);
#8842=AXIS2_PLACEMENT_3D('',#12682,#10419,#10420);
#8843=AXIS2_PLACEMENT_3D('',#12683,#10421,#10422);
#8844=AXIS2_PLACEMENT_3D('',#12684,#10423,#10424);
#8845=AXIS2_PLACEMENT_3D('',#12690,#10428,#10429);
#8846=AXIS2_PLACEMENT_3D('',#12696,#10433,#10434);
#8847=AXIS2_PLACEMENT_3D('',#12702,#10438,#10439);
#8848=AXIS2_PLACEMENT_3D('',#12708,#10443,#10444);
#8849=AXIS2_PLACEMENT_3D('',#12710,#10446,#10447);
#8850=AXIS2_PLACEMENT_3D('',#12714,#10450,#10451);
#8851=AXIS2_PLACEMENT_3D('',#12718,#10454,#10455);
#8852=AXIS2_PLACEMENT_3D('',#12722,#10458,#10459);
#8853=AXIS2_PLACEMENT_3D('',#12726,#10462,#10463);
#8854=AXIS2_PLACEMENT_3D('',#12728,#10465,#10466);
#8855=AXIS2_PLACEMENT_3D('',#12730,#10468,#10469);
#8856=AXIS2_PLACEMENT_3D('',#12731,#10470,#10471);
#8857=AXIS2_PLACEMENT_3D('',#12733,#10473,#10474);
#8858=AXIS2_PLACEMENT_3D('',#12739,#10478,#10479);
#8859=AXIS2_PLACEMENT_3D('',#12743,#10482,#10483);
#8860=AXIS2_PLACEMENT_3D('',#12747,#10486,#10487);
#8861=AXIS2_PLACEMENT_3D('',#12749,#10489,#10490);
#8862=AXIS2_PLACEMENT_3D('',#12750,#10491,#10492);
#8863=AXIS2_PLACEMENT_3D('',#12751,#10493,#10494);
#8864=AXIS2_PLACEMENT_3D('',#12757,#10498,#10499);
#8865=AXIS2_PLACEMENT_3D('',#12763,#10503,#10504);
#8866=AXIS2_PLACEMENT_3D('',#12769,#10508,#10509);
#8867=AXIS2_PLACEMENT_3D('',#12775,#10513,#10514);
#8868=AXIS2_PLACEMENT_3D('',#12777,#10516,#10517);
#8869=AXIS2_PLACEMENT_3D('',#12781,#10520,#10521);
#8870=AXIS2_PLACEMENT_3D('',#12785,#10524,#10525);
#8871=AXIS2_PLACEMENT_3D('',#12789,#10528,#10529);
#8872=AXIS2_PLACEMENT_3D('',#12793,#10532,#10533);
#8873=AXIS2_PLACEMENT_3D('',#12795,#10535,#10536);
#8874=AXIS2_PLACEMENT_3D('',#12797,#10538,#10539);
#8875=AXIS2_PLACEMENT_3D('',#12798,#10540,#10541);
#8876=AXIS2_PLACEMENT_3D('',#12800,#10543,#10544);
#8877=AXIS2_PLACEMENT_3D('',#12806,#10548,#10549);
#8878=AXIS2_PLACEMENT_3D('',#12810,#10552,#10553);
#8879=AXIS2_PLACEMENT_3D('',#12814,#10556,#10557);
#8880=AXIS2_PLACEMENT_3D('',#12816,#10559,#10560);
#8881=AXIS2_PLACEMENT_3D('',#12817,#10561,#10562);
#8882=AXIS2_PLACEMENT_3D('',#12818,#10563,#10564);
#8883=AXIS2_PLACEMENT_3D('',#12824,#10568,#10569);
#8884=AXIS2_PLACEMENT_3D('',#12830,#10573,#10574);
#8885=AXIS2_PLACEMENT_3D('',#12836,#10578,#10579);
#8886=AXIS2_PLACEMENT_3D('',#12842,#10583,#10584);
#8887=AXIS2_PLACEMENT_3D('',#12844,#10586,#10587);
#8888=AXIS2_PLACEMENT_3D('',#12848,#10590,#10591);
#8889=AXIS2_PLACEMENT_3D('',#12852,#10594,#10595);
#8890=AXIS2_PLACEMENT_3D('',#12856,#10598,#10599);
#8891=AXIS2_PLACEMENT_3D('',#12860,#10602,#10603);
#8892=AXIS2_PLACEMENT_3D('',#12862,#10605,#10606);
#8893=AXIS2_PLACEMENT_3D('',#12864,#10608,#10609);
#8894=AXIS2_PLACEMENT_3D('',#12865,#10610,#10611);
#8895=AXIS2_PLACEMENT_3D('',#12867,#10613,#10614);
#8896=AXIS2_PLACEMENT_3D('',#12873,#10618,#10619);
#8897=AXIS2_PLACEMENT_3D('',#12877,#10622,#10623);
#8898=AXIS2_PLACEMENT_3D('',#12881,#10626,#10627);
#8899=AXIS2_PLACEMENT_3D('',#12883,#10629,#10630);
#8900=AXIS2_PLACEMENT_3D('',#12884,#10631,#10632);
#8901=AXIS2_PLACEMENT_3D('',#12885,#10633,#10634);
#8902=AXIS2_PLACEMENT_3D('',#12891,#10638,#10639);
#8903=AXIS2_PLACEMENT_3D('',#12897,#10643,#10644);
#8904=AXIS2_PLACEMENT_3D('',#12903,#10648,#10649);
#8905=AXIS2_PLACEMENT_3D('',#12909,#10653,#10654);
#8906=AXIS2_PLACEMENT_3D('',#12911,#10656,#10657);
#8907=AXIS2_PLACEMENT_3D('',#12915,#10660,#10661);
#8908=AXIS2_PLACEMENT_3D('',#12919,#10664,#10665);
#8909=AXIS2_PLACEMENT_3D('',#12923,#10668,#10669);
#8910=AXIS2_PLACEMENT_3D('',#12927,#10672,#10673);
#8911=AXIS2_PLACEMENT_3D('',#12929,#10675,#10676);
#8912=AXIS2_PLACEMENT_3D('',#12931,#10678,#10679);
#8913=AXIS2_PLACEMENT_3D('',#12932,#10680,#10681);
#8914=AXIS2_PLACEMENT_3D('',#12934,#10683,#10684);
#8915=AXIS2_PLACEMENT_3D('',#12940,#10688,#10689);
#8916=AXIS2_PLACEMENT_3D('',#12944,#10692,#10693);
#8917=AXIS2_PLACEMENT_3D('',#12948,#10696,#10697);
#8918=AXIS2_PLACEMENT_3D('',#12950,#10699,#10700);
#8919=AXIS2_PLACEMENT_3D('',#12951,#10701,#10702);
#8920=AXIS2_PLACEMENT_3D('',#12952,#10703,#10704);
#8921=AXIS2_PLACEMENT_3D('',#12958,#10708,#10709);
#8922=AXIS2_PLACEMENT_3D('',#12964,#10713,#10714);
#8923=AXIS2_PLACEMENT_3D('',#12970,#10718,#10719);
#8924=AXIS2_PLACEMENT_3D('',#12976,#10723,#10724);
#8925=AXIS2_PLACEMENT_3D('',#12978,#10726,#10727);
#8926=AXIS2_PLACEMENT_3D('',#12982,#10730,#10731);
#8927=AXIS2_PLACEMENT_3D('',#12986,#10734,#10735);
#8928=AXIS2_PLACEMENT_3D('',#12990,#10738,#10739);
#8929=AXIS2_PLACEMENT_3D('',#12994,#10742,#10743);
#8930=AXIS2_PLACEMENT_3D('',#12996,#10745,#10746);
#8931=AXIS2_PLACEMENT_3D('',#12998,#10748,#10749);
#8932=AXIS2_PLACEMENT_3D('',#12999,#10750,#10751);
#8933=AXIS2_PLACEMENT_3D('',#13001,#10753,#10754);
#8934=AXIS2_PLACEMENT_3D('',#13007,#10758,#10759);
#8935=AXIS2_PLACEMENT_3D('',#13011,#10762,#10763);
#8936=AXIS2_PLACEMENT_3D('',#13015,#10766,#10767);
#8937=AXIS2_PLACEMENT_3D('',#13017,#10769,#10770);
#8938=AXIS2_PLACEMENT_3D('',#13018,#10771,#10772);
#8939=AXIS2_PLACEMENT_3D('',#13024,#10776,#10777);
#8940=AXIS2_PLACEMENT_3D('',#13030,#10781,#10782);
#8941=AXIS2_PLACEMENT_3D('',#13036,#10786,#10787);
#8942=AXIS2_PLACEMENT_3D('',#13042,#10791,#10792);
#8943=AXIS2_PLACEMENT_3D('',#13044,#10794,#10795);
#8944=AXIS2_PLACEMENT_3D('',#13048,#10798,#10799);
#8945=AXIS2_PLACEMENT_3D('',#13052,#10802,#10803);
#8946=AXIS2_PLACEMENT_3D('',#13056,#10806,#10807);
#8947=AXIS2_PLACEMENT_3D('',#13060,#10810,#10811);
#8948=AXIS2_PLACEMENT_3D('',#13062,#10813,#10814);
#8949=AXIS2_PLACEMENT_3D('',#13064,#10816,#10817);
#8950=AXIS2_PLACEMENT_3D('',#13065,#10818,#10819);
#8951=AXIS2_PLACEMENT_3D('',#13067,#10821,#10822);
#8952=AXIS2_PLACEMENT_3D('',#13073,#10826,#10827);
#8953=AXIS2_PLACEMENT_3D('',#13077,#10830,#10831);
#8954=AXIS2_PLACEMENT_3D('',#13081,#10834,#10835);
#8955=AXIS2_PLACEMENT_3D('',#13083,#10837,#10838);
#8956=AXIS2_PLACEMENT_3D('',#13084,#10839,#10840);
#8957=AXIS2_PLACEMENT_3D('',#13085,#10841,#10842);
#8958=AXIS2_PLACEMENT_3D('',#13138,#10843,#10844);
#8959=AXIS2_PLACEMENT_3D('',#13164,#10845,#10846);
#8960=AXIS2_PLACEMENT_3D('',#13186,#10847,#10848);
#8961=AXIS2_PLACEMENT_3D('',#13187,#10849,#10850);
#8962=AXIS2_PLACEMENT_3D('',#13188,#10851,#10852);
#8963=AXIS2_PLACEMENT_3D('',#13241,#10853,#10854);
#8964=AXIS2_PLACEMENT_3D('',#13267,#10855,#10856);
#8965=AXIS2_PLACEMENT_3D('',#13289,#10857,#10858);
#8966=AXIS2_PLACEMENT_3D('',#13290,#10859,#10860);
#8967=AXIS2_PLACEMENT_3D('',#13291,#10861,#10862);
#8968=AXIS2_PLACEMENT_3D('',#13344,#10863,#10864);
#8969=AXIS2_PLACEMENT_3D('',#13370,#10865,#10866);
#8970=AXIS2_PLACEMENT_3D('',#13392,#10867,#10868);
#8971=AXIS2_PLACEMENT_3D('',#13393,#10869,#10870);
#8972=AXIS2_PLACEMENT_3D('',#13394,#10871,#10872);
#8973=AXIS2_PLACEMENT_3D('',#13447,#10873,#10874);
#8974=AXIS2_PLACEMENT_3D('',#13473,#10875,#10876);
#8975=AXIS2_PLACEMENT_3D('',#13495,#10877,#10878);
#8976=AXIS2_PLACEMENT_3D('',#13496,#10879,#10880);
#8977=AXIS2_PLACEMENT_3D('',#13497,#10881,#10882);
#8978=AXIS2_PLACEMENT_3D('',#13550,#10883,#10884);
#8979=AXIS2_PLACEMENT_3D('',#13576,#10885,#10886);
#8980=AXIS2_PLACEMENT_3D('',#13598,#10887,#10888);
#8981=AXIS2_PLACEMENT_3D('',#13599,#10889,#10890);
#8982=AXIS2_PLACEMENT_3D('',#13600,#10891,#10892);
#8983=AXIS2_PLACEMENT_3D('',#13653,#10893,#10894);
#8984=AXIS2_PLACEMENT_3D('',#13679,#10895,#10896);
#8985=AXIS2_PLACEMENT_3D('',#13701,#10897,#10898);
#8986=AXIS2_PLACEMENT_3D('',#13702,#10899,#10900);
#8987=AXIS2_PLACEMENT_3D('',#13703,#10901,#10902);
#8988=AXIS2_PLACEMENT_3D('',#13756,#10903,#10904);
#8989=AXIS2_PLACEMENT_3D('',#13782,#10905,#10906);
#8990=AXIS2_PLACEMENT_3D('',#13804,#10907,#10908);
#8991=AXIS2_PLACEMENT_3D('',#13805,#10909,#10910);
#8992=AXIS2_PLACEMENT_3D('',#13806,#10911,#10912);
#8993=AXIS2_PLACEMENT_3D('',#13859,#10913,#10914);
#8994=AXIS2_PLACEMENT_3D('',#13885,#10915,#10916);
#8995=AXIS2_PLACEMENT_3D('',#13907,#10917,#10918);
#8996=AXIS2_PLACEMENT_3D('',#13908,#10919,#10920);
#8997=AXIS2_PLACEMENT_3D('',#13909,#10921,#10922);
#8998=AXIS2_PLACEMENT_3D('',#13962,#10923,#10924);
#8999=AXIS2_PLACEMENT_3D('',#13988,#10925,#10926);
#9000=AXIS2_PLACEMENT_3D('',#14010,#10927,#10928);
#9001=AXIS2_PLACEMENT_3D('',#14011,#10929,#10930);
#9002=AXIS2_PLACEMENT_3D('',#14012,#10931,#10932);
#9003=AXIS2_PLACEMENT_3D('',#14065,#10933,#10934);
#9004=AXIS2_PLACEMENT_3D('',#14091,#10935,#10936);
#9005=AXIS2_PLACEMENT_3D('',#14113,#10937,#10938);
#9006=AXIS2_PLACEMENT_3D('',#14114,#10939,#10940);
#9007=AXIS2_PLACEMENT_3D('',#14115,#10941,#10942);
#9008=AXIS2_PLACEMENT_3D('',#14168,#10943,#10944);
#9009=AXIS2_PLACEMENT_3D('',#14194,#10945,#10946);
#9010=AXIS2_PLACEMENT_3D('',#14216,#10947,#10948);
#9011=AXIS2_PLACEMENT_3D('',#14217,#10949,#10950);
#9012=AXIS2_PLACEMENT_3D('',#14218,#10951,#10952);
#9013=AXIS2_PLACEMENT_3D('',#14271,#10953,#10954);
#9014=AXIS2_PLACEMENT_3D('',#14297,#10955,#10956);
#9015=AXIS2_PLACEMENT_3D('',#14319,#10957,#10958);
#9016=AXIS2_PLACEMENT_3D('',#14320,#10959,#10960);
#9017=AXIS2_PLACEMENT_3D('',#14321,#10961,#10962);
#9018=AXIS2_PLACEMENT_3D('',#14374,#10963,#10964);
#9019=AXIS2_PLACEMENT_3D('',#14400,#10965,#10966);
#9020=AXIS2_PLACEMENT_3D('',#14422,#10967,#10968);
#9021=AXIS2_PLACEMENT_3D('',#14423,#10969,#10970);
#9022=AXIS2_PLACEMENT_3D('',#14424,#10971,#10972);
#9023=AXIS2_PLACEMENT_3D('',#14477,#10973,#10974);
#9024=AXIS2_PLACEMENT_3D('',#14503,#10975,#10976);
#9025=AXIS2_PLACEMENT_3D('',#14525,#10977,#10978);
#9026=AXIS2_PLACEMENT_3D('',#14526,#10979,#10980);
#9027=AXIS2_PLACEMENT_3D('',#14527,#10981,#10982);
#9028=AXIS2_PLACEMENT_3D('',#14528,#10983,#10984);
#9029=AXIS2_PLACEMENT_3D('',#14537,#10989,#10990);
#9030=AXIS2_PLACEMENT_3D('',#14543,#10994,#10995);
#9031=AXIS2_PLACEMENT_3D('',#14549,#10999,#11000);
#9032=AXIS2_PLACEMENT_3D('',#14552,#11003,#11004);
#9033=AXIS2_PLACEMENT_3D('',#14553,#11005,#11006);
#9034=AXIS2_PLACEMENT_3D('',#14554,#11007,#11008);
#9035=AXIS2_PLACEMENT_3D('',#14556,#11009,#11010);
#9036=AXIS2_PLACEMENT_3D('',#14559,#11012,#11013);
#9037=AXIS2_PLACEMENT_3D('',#14560,#11014,#11015);
#9038=AXIS2_PLACEMENT_3D('',#14562,#11016,#11017);
#9039=AXIS2_PLACEMENT_3D('',#14565,#11019,#11020);
#9040=AXIS2_PLACEMENT_3D('',#14566,#11021,#11022);
#9041=AXIS2_PLACEMENT_3D('',#14568,#11023,#11024);
#9042=AXIS2_PLACEMENT_3D('',#14571,#11026,#11027);
#9043=AXIS2_PLACEMENT_3D('',#14572,#11028,#11029);
#9044=AXIS2_PLACEMENT_3D('',#14574,#11030,#11031);
#9045=AXIS2_PLACEMENT_3D('',#14577,#11033,#11034);
#9046=AXIS2_PLACEMENT_3D('',#14578,#11035,#11036);
#9047=AXIS2_PLACEMENT_3D('',#14580,#11037,#11038);
#9048=AXIS2_PLACEMENT_3D('',#14583,#11040,#11041);
#9049=AXIS2_PLACEMENT_3D('',#14584,#11042,#11043);
#9050=AXIS2_PLACEMENT_3D('',#14586,#11044,#11045);
#9051=AXIS2_PLACEMENT_3D('',#14589,#11047,#11048);
#9052=AXIS2_PLACEMENT_3D('',#14590,#11049,#11050);
#9053=AXIS2_PLACEMENT_3D('',#14592,#11051,#11052);
#9054=AXIS2_PLACEMENT_3D('',#14595,#11054,#11055);
#9055=AXIS2_PLACEMENT_3D('',#14596,#11056,#11057);
#9056=AXIS2_PLACEMENT_3D('',#14598,#11058,#11059);
#9057=AXIS2_PLACEMENT_3D('',#14601,#11061,#11062);
#9058=AXIS2_PLACEMENT_3D('',#14602,#11063,#11064);
#9059=AXIS2_PLACEMENT_3D('',#14604,#11065,#11066);
#9060=AXIS2_PLACEMENT_3D('',#14607,#11068,#11069);
#9061=AXIS2_PLACEMENT_3D('',#14608,#11070,#11071);
#9062=AXIS2_PLACEMENT_3D('',#14610,#11072,#11073);
#9063=AXIS2_PLACEMENT_3D('',#14613,#11075,#11076);
#9064=AXIS2_PLACEMENT_3D('',#14614,#11077,#11078);
#9065=AXIS2_PLACEMENT_3D('',#14616,#11079,#11080);
#9066=AXIS2_PLACEMENT_3D('',#14619,#11082,#11083);
#9067=AXIS2_PLACEMENT_3D('',#14620,#11084,#11085);
#9068=AXIS2_PLACEMENT_3D('',#14622,#11086,#11087);
#9069=AXIS2_PLACEMENT_3D('',#14625,#11089,#11090);
#9070=AXIS2_PLACEMENT_3D('',#14626,#11091,#11092);
#9071=AXIS2_PLACEMENT_3D('',#14628,#11093,#11094);
#9072=AXIS2_PLACEMENT_3D('',#14631,#11096,#11097);
#9073=AXIS2_PLACEMENT_3D('',#14632,#11098,#11099);
#9074=AXIS2_PLACEMENT_3D('',#14634,#11100,#11101);
#9075=AXIS2_PLACEMENT_3D('',#14637,#11103,#11104);
#9076=AXIS2_PLACEMENT_3D('',#14638,#11105,#11106);
#9077=AXIS2_PLACEMENT_3D('',#14640,#11107,#11108);
#9078=AXIS2_PLACEMENT_3D('',#14643,#11110,#11111);
#9079=AXIS2_PLACEMENT_3D('',#14644,#11112,#11113);
#9080=AXIS2_PLACEMENT_3D('',#14646,#11114,#11115);
#9081=AXIS2_PLACEMENT_3D('',#14649,#11117,#11118);
#9082=AXIS2_PLACEMENT_3D('',#14650,#11119,#11120);
#9083=AXIS2_PLACEMENT_3D('',#14652,#11121,#11122);
#9084=AXIS2_PLACEMENT_3D('',#14655,#11124,#11125);
#9085=AXIS2_PLACEMENT_3D('',#14656,#11126,#11127);
#9086=AXIS2_PLACEMENT_3D('',#14658,#11128,#11129);
#9087=AXIS2_PLACEMENT_3D('',#14661,#11131,#11132);
#9088=AXIS2_PLACEMENT_3D('',#14662,#11133,#11134);
#9089=AXIS2_PLACEMENT_3D('',#14671,#11139,#11140);
#9090=AXIS2_PLACEMENT_3D('',#14677,#11144,#11145);
#9091=AXIS2_PLACEMENT_3D('',#14683,#11149,#11150);
#9092=AXIS2_PLACEMENT_3D('',#14686,#11153,#11154);
#9093=AXIS2_PLACEMENT_3D('',#14687,#11155,#11156);
#9094=AXIS2_PLACEMENT_3D('',#14688,#11157,#11158);
#9095=AXIS2_PLACEMENT_3D('',#14689,#11159,#11160);
#9096=AXIS2_PLACEMENT_3D('',#14690,#11161,#11162);
#9097=AXIS2_PLACEMENT_3D('',#14691,#11163,#11164);
#9098=AXIS2_PLACEMENT_3D('',#14692,#11165,#11166);
#9099=AXIS2_PLACEMENT_3D('',#14693,#11167,#11168);
#9100=AXIS2_PLACEMENT_3D('',#14694,#11169,#11170);
#9101=AXIS2_PLACEMENT_3D('',#14695,#11171,#11172);
#9102=AXIS2_PLACEMENT_3D('',#14696,#11173,#11174);
#9103=AXIS2_PLACEMENT_3D('',#14697,#11175,#11176);
#9104=AXIS2_PLACEMENT_3D('',#14698,#11177,#11178);
#9105=AXIS2_PLACEMENT_3D('',#14699,#11179,#11180);
#9106=AXIS2_PLACEMENT_3D('',#14700,#11181,#11182);
#9107=AXIS2_PLACEMENT_3D('',#14701,#11183,#11184);
#9108=AXIS2_PLACEMENT_3D('',#14702,#11185,#11186);
#9109=AXIS2_PLACEMENT_3D('',#14703,#11187,#11188);
#9110=AXIS2_PLACEMENT_3D('',#14704,#11189,#11190);
#9111=DIRECTION('axis',(0.,0.,1.));
#9112=DIRECTION('refdir',(1.,0.,0.));
#9113=DIRECTION('axis',(0.,0.,1.));
#9114=DIRECTION('refdir',(1.,0.,0.));
#9115=DIRECTION('axis',(0.,0.,1.));
#9116=DIRECTION('refdir',(1.,0.,0.));
#9117=DIRECTION('center_axis',(-1.,-3.97294869296103E-65,-8.94628512659071E-50));
#9118=DIRECTION('ref_axis',(-1.48985575986038E-65,1.,-2.77555756156289E-16));
#9119=DIRECTION('',(8.94628512659071E-50,0.,-1.));
#9120=DIRECTION('',(0.,1.,0.));
#9121=DIRECTION('',(-8.94628512659071E-50,0.,1.));
#9122=DIRECTION('',(0.,1.,0.));
#9123=DIRECTION('center_axis',(0.,1.,0.));
#9124=DIRECTION('ref_axis',(1.,0.,0.));
#9125=DIRECTION('',(0.707106781186547,0.,-0.707106781186547));
#9126=DIRECTION('',(0.,0.,-1.));
#9127=DIRECTION('',(-0.707106781186598,0.,-0.707106781186498));
#9128=DIRECTION('center_axis',(0.,1.,0.));
#9129=DIRECTION('ref_axis',(1.,0.,0.));
#9130=DIRECTION('',(0.,0.,-1.));
#9131=DIRECTION('',(0.707106781186547,0.,0.707106781186547));
#9132=DIRECTION('',(0.,0.,1.));
#9133=DIRECTION('',(-0.707106781186547,0.,0.707106781186547));
#9134=DIRECTION('center_axis',(0.,1.,0.));
#9135=DIRECTION('ref_axis',(1.,0.,0.));
#9136=DIRECTION('',(0.,0.,-1.));
#9137=DIRECTION('',(0.707106781186547,0.,0.707106781186547));
#9138=DIRECTION('',(0.707106781186547,0.,-0.707106781186547));
#9139=DIRECTION('',(0.,0.,-1.));
#9140=DIRECTION('',(-0.707106781186547,0.,-0.707106781186547));
#9141=DIRECTION('',(-0.707106781186547,0.,0.707106781186547));
#9142=DIRECTION('center_axis',(0.,1.,0.));
#9143=DIRECTION('ref_axis',(1.,0.,0.));
#9144=DIRECTION('',(0.,0.,-1.));
#9145=DIRECTION('',(0.707106781186547,0.,0.707106781186547));
#9146=DIRECTION('',(0.707106781186547,0.,-0.707106781186547));
#9147=DIRECTION('',(0.,0.,-1.));
#9148=DIRECTION('',(-0.707106781186547,0.,-0.707106781186547));
#9149=DIRECTION('',(-0.707106781186547,0.,0.707106781186547));
#9150=DIRECTION('center_axis',(0.,1.,0.));
#9151=DIRECTION('ref_axis',(1.,0.,0.));
#9152=DIRECTION('',(0.,0.,-1.));
#9153=DIRECTION('',(0.707106781186547,0.,0.707106781186547));
#9154=DIRECTION('',(0.707106781186547,0.,-0.707106781186547));
#9155=DIRECTION('',(0.,0.,-1.));
#9156=DIRECTION('',(-0.707106781186547,0.,-0.707106781186547));
#9157=DIRECTION('',(-0.707106781186547,0.,0.707106781186547));
#9158=DIRECTION('center_axis',(0.,1.,0.));
#9159=DIRECTION('ref_axis',(1.,0.,0.));
#9160=DIRECTION('',(0.,0.,-1.));
#9161=DIRECTION('',(0.707106781186498,0.,0.707106781186598));
#9162=DIRECTION('',(0.707106781186547,0.,-0.707106781186547));
#9163=DIRECTION('',(0.,0.,-1.));
#9164=DIRECTION('',(-0.707106781186547,0.,-0.707106781186547));
#9165=DIRECTION('',(-0.707106781186498,0.,0.707106781186598));
#9166=DIRECTION('center_axis',(0.,1.,0.));
#9167=DIRECTION('ref_axis',(1.,0.,0.));
#9168=DIRECTION('',(0.,0.,-1.));
#9169=DIRECTION('',(0.707106781186547,0.,0.707106781186547));
#9170=DIRECTION('',(0.707106781186598,0.,-0.707106781186498));
#9171=DIRECTION('',(0.,0.,-1.));
#9172=DIRECTION('',(-0.707106781186598,0.,-0.707106781186498));
#9173=DIRECTION('',(-0.707106781186547,0.,0.707106781186547));
#9174=DIRECTION('center_axis',(0.,1.,0.));
#9175=DIRECTION('ref_axis',(1.,0.,0.));
#9176=DIRECTION('',(0.,0.,-1.));
#9177=DIRECTION('',(0.707106781186547,0.,0.707106781186547));
#9178=DIRECTION('',(0.707106781186598,0.,-0.707106781186498));
#9179=DIRECTION('',(0.,0.,-1.));
#9180=DIRECTION('',(-0.707106781186547,0.,-0.707106781186547));
#9181=DIRECTION('',(-0.707106781186598,0.,0.707106781186498));
#9182=DIRECTION('center_axis',(0.,1.,0.));
#9183=DIRECTION('ref_axis',(1.,0.,0.));
#9184=DIRECTION('',(0.,0.,-1.));
#9185=DIRECTION('',(0.707106781186598,0.,0.707106781186498));
#9186=DIRECTION('',(0.707106781186498,0.,-0.707106781186598));
#9187=DIRECTION('',(0.,0.,-1.));
#9188=DIRECTION('',(-0.707106781186498,0.,-0.707106781186598));
#9189=DIRECTION('',(-0.707106781186547,0.,0.707106781186547));
#9190=DIRECTION('center_axis',(0.,1.,0.));
#9191=DIRECTION('ref_axis',(1.,0.,0.));
#9192=DIRECTION('',(0.,0.,-1.));
#9193=DIRECTION('',(0.707106781186547,0.,0.707106781186547));
#9194=DIRECTION('',(0.707106781186598,0.,-0.707106781186498));
#9195=DIRECTION('',(0.,0.,-1.));
#9196=DIRECTION('',(-0.707106781186598,0.,-0.707106781186498));
#9197=DIRECTION('',(-0.707106781186598,0.,0.707106781186498));
#9198=DIRECTION('center_axis',(0.,1.,0.));
#9199=DIRECTION('ref_axis',(1.,0.,0.));
#9200=DIRECTION('',(0.,0.,-1.));
#9201=DIRECTION('',(0.707106781186498,0.,0.707106781186598));
#9202=DIRECTION('',(0.707106781186598,0.,-0.707106781186498));
#9203=DIRECTION('',(0.,0.,-1.));
#9204=DIRECTION('',(-0.707106781186598,0.,-0.707106781186498));
#9205=DIRECTION('',(-0.707106781186498,0.,0.707106781186598));
#9206=DIRECTION('center_axis',(0.,1.,0.));
#9207=DIRECTION('ref_axis',(1.,0.,0.));
#9208=DIRECTION('',(0.,0.,-1.));
#9209=DIRECTION('',(0.707106781186547,0.,0.707106781186547));
#9210=DIRECTION('',(0.707106781186547,0.,-0.707106781186547));
#9211=DIRECTION('',(0.,0.,-1.));
#9212=DIRECTION('',(-0.707106781186598,0.,-0.707106781186498));
#9213=DIRECTION('',(-0.707106781186598,0.,0.707106781186498));
#9214=DIRECTION('center_axis',(0.,1.,0.));
#9215=DIRECTION('ref_axis',(1.,0.,0.));
#9216=DIRECTION('',(0.,0.,-1.));
#9217=DIRECTION('',(0.707106781186498,0.,0.707106781186598));
#9218=DIRECTION('',(0.707106781186598,0.,-0.707106781186498));
#9219=DIRECTION('',(0.,0.,-1.));
#9220=DIRECTION('',(-0.707106781186598,0.,-0.707106781186498));
#9221=DIRECTION('',(-0.707106781186498,0.,0.707106781186598));
#9222=DIRECTION('center_axis',(0.,1.,0.));
#9223=DIRECTION('ref_axis',(1.,0.,0.));
#9224=DIRECTION('',(0.,0.,-1.));
#9225=DIRECTION('',(0.707106781186598,0.,0.707106781186498));
#9226=DIRECTION('',(0.707106781186547,0.,-0.707106781186547));
#9227=DIRECTION('',(0.,0.,-1.));
#9228=DIRECTION('',(-0.707106781186598,0.,-0.707106781186498));
#9229=DIRECTION('',(-0.707106781186547,0.,0.707106781186547));
#9230=DIRECTION('center_axis',(0.,1.,0.));
#9231=DIRECTION('ref_axis',(1.,0.,0.));
#9232=DIRECTION('',(0.,0.,-1.));
#9233=DIRECTION('',(0.707106781186598,0.,0.707106781186498));
#9234=DIRECTION('',(0.707106781186498,0.,-0.707106781186598));
#9235=DIRECTION('',(0.,0.,-1.));
#9236=DIRECTION('',(-0.707106781186498,0.,-0.707106781186598));
#9237=DIRECTION('',(-0.707106781186598,0.,0.707106781186498));
#9238=DIRECTION('center_axis',(-1.,0.,0.));
#9239=DIRECTION('ref_axis',(0.,-1.,0.));
#9240=DIRECTION('',(0.,1.,0.));
#9241=DIRECTION('',(0.,0.,-1.));
#9242=DIRECTION('',(0.,1.,0.));
#9243=DIRECTION('center_axis',(-0.707106781186548,0.,0.707106781186548));
#9244=DIRECTION('ref_axis',(0.707106781186548,0.,0.707106781186548));
#9245=DIRECTION('',(0.,1.,0.));
#9246=DIRECTION('',(0.707106781186547,0.,0.707106781186547));
#9247=DIRECTION('',(0.,1.,0.));
#9248=DIRECTION('center_axis',(-1.,0.,0.));
#9249=DIRECTION('ref_axis',(0.,0.,1.));
#9250=DIRECTION('',(0.,0.,1.));
#9251=DIRECTION('',(0.,1.,0.));
#9252=DIRECTION('center_axis',(-0.707106781186548,0.,-0.707106781186548));
#9253=DIRECTION('ref_axis',(-0.707106781186548,0.,0.707106781186548));
#9254=DIRECTION('',(-0.707106781186547,0.,0.707106781186547));
#9255=DIRECTION('',(0.,1.,0.));
#9256=DIRECTION('center_axis',(0.,0.,-1.));
#9257=DIRECTION('ref_axis',(-1.,0.,0.));
#9258=DIRECTION('',(-1.,0.,0.));
#9259=DIRECTION('',(-1.,0.,0.));
#9260=DIRECTION('',(0.,1.,0.));
#9261=DIRECTION('center_axis',(0.,1.,0.));
#9262=DIRECTION('ref_axis',(-1.,0.,0.));
#9263=DIRECTION('',(1.,0.,0.));
#9264=DIRECTION('',(0.,0.,-1.));
#9265=DIRECTION('',(0.,0.,-1.));
#9266=DIRECTION('',(1.,0.,0.));
#9267=DIRECTION('',(0.,0.,-1.));
#9268=DIRECTION('',(1.,0.,0.));
#9269=DIRECTION('center_axis',(0.,0.,1.));
#9270=DIRECTION('ref_axis',(1.,0.,0.));
#9271=DIRECTION('',(0.,1.,0.));
#9272=DIRECTION('',(1.,0.,0.));
#9273=DIRECTION('center_axis',(0.,1.,0.));
#9274=DIRECTION('ref_axis',(1.,0.,0.));
#9275=DIRECTION('',(-0.707106781186498,0.,-0.707106781186598));
#9276=DIRECTION('',(-1.,0.,0.));
#9277=DIRECTION('',(-0.707106781186598,0.,0.707106781186498));
#9278=DIRECTION('',(-0.707106781186498,0.,-0.707106781186598));
#9279=DIRECTION('',(-1.,0.,0.));
#9280=DIRECTION('',(-0.707106781186498,0.,0.707106781186598));
#9281=DIRECTION('',(-0.707106781186598,0.,-0.707106781186498));
#9282=DIRECTION('',(-1.,0.,0.));
#9283=DIRECTION('',(-0.707106781186498,0.,0.707106781186598));
#9284=DIRECTION('',(-0.707106781186598,0.,-0.707106781186498));
#9285=DIRECTION('',(-1.,0.,0.));
#9286=DIRECTION('',(-0.707106781186598,0.,0.707106781186498));
#9287=DIRECTION('',(-0.707106781186598,0.,-0.707106781186498));
#9288=DIRECTION('',(-1.,0.,0.));
#9289=DIRECTION('',(-0.707106781186498,0.,0.707106781186598));
#9290=DIRECTION('',(-0.707106781186598,0.,-0.707106781186498));
#9291=DIRECTION('',(-1.,0.,0.));
#9292=DIRECTION('',(-0.707106781186547,0.,0.707106781186547));
#9293=DIRECTION('',(-0.707106781186498,0.,-0.707106781186598));
#9294=DIRECTION('',(-1.,0.,0.));
#9295=DIRECTION('',(-0.707106781186598,0.,0.707106781186498));
#9296=DIRECTION('',(-0.707106781186498,0.,-0.707106781186598));
#9297=DIRECTION('',(-1.,0.,0.));
#9298=DIRECTION('',(-0.707106781186547,0.,0.707106781186547));
#9299=DIRECTION('',(-0.707106781186547,0.,-0.707106781186547));
#9300=DIRECTION('',(-1.,0.,0.));
#9301=DIRECTION('',(-0.707106781186547,0.,0.707106781186547));
#9302=DIRECTION('',(-0.707106781186598,0.,-0.707106781186498));
#9303=DIRECTION('',(-1.,0.,0.));
#9304=DIRECTION('',(-0.707106781186498,0.,0.707106781186598));
#9305=DIRECTION('',(-0.707106781186547,0.,-0.707106781186547));
#9306=DIRECTION('',(-1.,0.,0.));
#9307=DIRECTION('',(-0.707106781186547,0.,0.707106781186547));
#9308=DIRECTION('',(-0.707106781186547,0.,-0.707106781186547));
#9309=DIRECTION('',(-1.,0.,0.));
#9310=DIRECTION('',(-0.707106781186547,0.,0.707106781186547));
#9311=DIRECTION('',(-0.707106781186547,0.,-0.707106781186547));
#9312=DIRECTION('',(-1.,0.,0.));
#9313=DIRECTION('',(-0.707106781186547,0.,0.707106781186547));
#9314=DIRECTION('',(-0.707106781186547,0.,-0.707106781186547));
#9315=DIRECTION('',(0.707106781186547,0.,-0.707106781186547));
#9316=DIRECTION('',(0.707106781186547,0.,0.707106781186547));
#9317=DIRECTION('',(1.,0.,0.));
#9318=DIRECTION('',(0.707106781186547,0.,-0.707106781186547));
#9319=DIRECTION('',(0.707106781186547,0.,0.707106781186547));
#9320=DIRECTION('',(1.,0.,0.));
#9321=DIRECTION('',(0.707106781186547,0.,-0.707106781186547));
#9322=DIRECTION('',(0.707106781186547,0.,0.707106781186547));
#9323=DIRECTION('',(1.,0.,0.));
#9324=DIRECTION('',(0.707106781186547,0.,-0.707106781186547));
#9325=DIRECTION('',(0.707106781186498,0.,0.707106781186598));
#9326=DIRECTION('',(1.,0.,0.));
#9327=DIRECTION('',(0.707106781186598,0.,-0.707106781186498));
#9328=DIRECTION('',(0.707106781186547,0.,0.707106781186547));
#9329=DIRECTION('',(1.,0.,0.));
#9330=DIRECTION('',(0.707106781186598,0.,-0.707106781186498));
#9331=DIRECTION('',(0.707106781186547,0.,0.707106781186547));
#9332=DIRECTION('',(1.,0.,0.));
#9333=DIRECTION('',(0.707106781186498,0.,-0.707106781186598));
#9334=DIRECTION('',(0.707106781186598,0.,0.707106781186498));
#9335=DIRECTION('',(1.,0.,0.));
#9336=DIRECTION('',(0.707106781186598,0.,-0.707106781186498));
#9337=DIRECTION('',(0.707106781186547,0.,0.707106781186547));
#9338=DIRECTION('',(1.,0.,0.));
#9339=DIRECTION('',(0.707106781186598,0.,-0.707106781186498));
#9340=DIRECTION('',(0.707106781186498,0.,0.707106781186598));
#9341=DIRECTION('',(1.,0.,0.));
#9342=DIRECTION('',(0.707106781186547,0.,-0.707106781186547));
#9343=DIRECTION('',(0.707106781186547,0.,0.707106781186547));
#9344=DIRECTION('',(1.,0.,0.));
#9345=DIRECTION('',(0.707106781186598,0.,-0.707106781186498));
#9346=DIRECTION('',(0.707106781186498,0.,0.707106781186598));
#9347=DIRECTION('',(1.,0.,0.));
#9348=DIRECTION('',(0.707106781186547,0.,-0.707106781186547));
#9349=DIRECTION('',(0.707106781186547,0.,0.707106781186547));
#9350=DIRECTION('',(1.,0.,0.));
#9351=DIRECTION('',(0.707106781186498,0.,-0.707106781186598));
#9352=DIRECTION('',(0.707106781186598,0.,0.707106781186498));
#9353=DIRECTION('',(1.,0.,0.));
#9354=DIRECTION('',(0.707106781186547,0.,-0.707106781186547));
#9355=DIRECTION('',(0.,0.,-1.));
#9356=DIRECTION('',(1.,0.,0.));
#9357=DIRECTION('',(0.,0.,-1.));
#9358=DIRECTION('',(1.,0.,0.));
#9359=DIRECTION('',(0.,0.,-1.));
#9360=DIRECTION('',(1.,0.,0.));
#9361=DIRECTION('',(0.,0.,-1.));
#9362=DIRECTION('',(1.,0.,0.));
#9363=DIRECTION('',(0.,0.,-1.));
#9364=DIRECTION('',(1.,0.,0.));
#9365=DIRECTION('',(0.,0.,-1.));
#9366=DIRECTION('',(1.,0.,0.));
#9367=DIRECTION('',(0.,0.,-1.));
#9368=DIRECTION('',(1.,0.,0.));
#9369=DIRECTION('',(0.,0.,-1.));
#9370=DIRECTION('',(1.,0.,0.));
#9371=DIRECTION('',(0.,0.,-1.));
#9372=DIRECTION('',(1.,0.,0.));
#9373=DIRECTION('',(0.,0.,-1.));
#9374=DIRECTION('',(1.,0.,0.));
#9375=DIRECTION('',(0.,0.,-1.));
#9376=DIRECTION('',(1.,0.,0.));
#9377=DIRECTION('',(0.,0.,-1.));
#9378=DIRECTION('',(1.,0.,0.));
#9379=DIRECTION('',(0.,0.,-1.));
#9380=DIRECTION('',(1.,0.,0.));
#9381=DIRECTION('',(0.,0.,-1.));
#9382=DIRECTION('',(1.,0.,0.));
#9383=DIRECTION('',(0.,0.,-1.));
#9384=DIRECTION('',(1.,0.,0.));
#9385=DIRECTION('',(0.,0.,-1.));
#9386=DIRECTION('',(1.,0.,0.));
#9387=DIRECTION('',(0.,0.,-1.));
#9388=DIRECTION('',(1.,0.,0.));
#9389=DIRECTION('',(0.,0.,-1.));
#9390=DIRECTION('',(1.,0.,0.));
#9391=DIRECTION('',(0.,0.,-1.));
#9392=DIRECTION('',(1.,0.,0.));
#9393=DIRECTION('',(0.,0.,-1.));
#9394=DIRECTION('',(1.,0.,0.));
#9395=DIRECTION('',(0.,0.,-1.));
#9396=DIRECTION('',(1.,0.,0.));
#9397=DIRECTION('',(0.,0.,-1.));
#9398=DIRECTION('',(1.,0.,0.));
#9399=DIRECTION('',(0.,0.,-1.));
#9400=DIRECTION('',(1.,0.,0.));
#9401=DIRECTION('',(0.,0.,-1.));
#9402=DIRECTION('',(1.,0.,0.));
#9403=DIRECTION('',(0.,0.,-1.));
#9404=DIRECTION('',(1.,0.,0.));
#9405=DIRECTION('',(0.,0.,-1.));
#9406=DIRECTION('',(1.,0.,0.));
#9407=DIRECTION('',(0.,0.,-1.));
#9408=DIRECTION('',(1.,0.,0.));
#9409=DIRECTION('',(0.,0.,-1.));
#9410=DIRECTION('',(1.,0.,0.));
#9411=DIRECTION('center_axis',(0.707106781186598,0.,-0.707106781186498));
#9412=DIRECTION('ref_axis',(-0.707106781186498,0.,-0.707106781186598));
#9413=DIRECTION('',(0.,1.,0.));
#9414=DIRECTION('',(0.,1.,0.));
#9415=DIRECTION('center_axis',(1.,0.,0.));
#9416=DIRECTION('ref_axis',(0.,1.,0.));
#9417=DIRECTION('',(0.,1.,0.));
#9418=DIRECTION('',(0.,0.,-1.));
#9419=DIRECTION('center_axis',(0.,1.,0.));
#9420=DIRECTION('ref_axis',(-1.,0.,0.));
#9421=DIRECTION('',(1.,0.,0.));
#9422=DIRECTION('',(0.,0.,-1.));
#9423=DIRECTION('',(-1.,0.,0.));
#9424=DIRECTION('',(0.,0.,-1.));
#9425=DIRECTION('',(1.,0.,0.));
#9426=DIRECTION('',(0.,0.,-1.));
#9427=DIRECTION('',(1.,0.,0.));
#9428=DIRECTION('center_axis',(0.,0.,1.));
#9429=DIRECTION('ref_axis',(1.,0.,0.));
#9430=DIRECTION('',(0.,1.,0.));
#9431=DIRECTION('',(0.,1.,0.));
#9432=DIRECTION('center_axis',(-0.707106781186498,0.,0.707106781186598));
#9433=DIRECTION('ref_axis',(0.707106781186598,0.,0.707106781186498));
#9434=DIRECTION('',(2.797412345512E-14,1.,0.));
#9435=DIRECTION('',(0.,1.,0.));
#9436=DIRECTION('center_axis',(-1.,0.,0.));
#9437=DIRECTION('ref_axis',(0.,-1.,0.));
#9438=DIRECTION('',(2.797412345512E-14,1.,0.));
#9439=DIRECTION('center_axis',(-0.707106781186498,0.,-0.707106781186598));
#9440=DIRECTION('ref_axis',(-0.707106781186598,0.,0.707106781186498));
#9441=DIRECTION('',(0.,1.,0.));
#9442=DIRECTION('',(0.,1.,0.));
#9443=DIRECTION('center_axis',(0.,0.,-1.));
#9444=DIRECTION('ref_axis',(-1.,0.,0.));
#9445=DIRECTION('center_axis',(0.707106781186598,0.,-0.707106781186498));
#9446=DIRECTION('ref_axis',(-0.707106781186498,0.,-0.707106781186598));
#9447=DIRECTION('',(0.,1.,0.));
#9448=DIRECTION('',(0.,1.,0.));
#9449=DIRECTION('center_axis',(1.,0.,0.));
#9450=DIRECTION('ref_axis',(0.,1.,0.));
#9451=DIRECTION('',(1.398706172756E-14,1.,0.));
#9452=DIRECTION('',(0.,0.,-1.));
#9453=DIRECTION('center_axis',(0.,1.,0.));
#9454=DIRECTION('ref_axis',(-1.,0.,0.));
#9455=DIRECTION('',(1.,0.,0.));
#9456=DIRECTION('',(0.,0.,-1.));
#9457=DIRECTION('',(-1.,0.,0.));
#9458=DIRECTION('',(0.,0.,-1.));
#9459=DIRECTION('',(1.,0.,0.));
#9460=DIRECTION('',(0.,0.,-1.));
#9461=DIRECTION('',(1.,0.,0.));
#9462=DIRECTION('center_axis',(0.,0.,1.));
#9463=DIRECTION('ref_axis',(1.,0.,0.));
#9464=DIRECTION('',(0.,1.,0.));
#9465=DIRECTION('',(0.,1.,0.));
#9466=DIRECTION('center_axis',(-0.707106781186548,0.,0.707106781186548));
#9467=DIRECTION('ref_axis',(0.707106781186548,0.,0.707106781186548));
#9468=DIRECTION('',(0.,1.,0.));
#9469=DIRECTION('',(0.,1.,0.));
#9470=DIRECTION('center_axis',(-1.,0.,0.));
#9471=DIRECTION('ref_axis',(0.,-1.,0.));
#9472=DIRECTION('',(-1.398706172756E-14,1.,1.136448765364E-14));
#9473=DIRECTION('center_axis',(-0.707106781186598,0.,-0.707106781186498));
#9474=DIRECTION('ref_axis',(-0.707106781186498,0.,0.707106781186598));
#9475=DIRECTION('',(0.,1.,0.));
#9476=DIRECTION('',(0.,1.,0.));
#9477=DIRECTION('center_axis',(0.,0.,-1.));
#9478=DIRECTION('ref_axis',(-1.,0.,0.));
#9479=DIRECTION('center_axis',(0.707106781186548,0.,-0.707106781186548));
#9480=DIRECTION('ref_axis',(-0.707106781186548,0.,-0.707106781186548));
#9481=DIRECTION('',(0.,1.,0.));
#9482=DIRECTION('',(0.,1.,0.));
#9483=DIRECTION('center_axis',(1.,0.,0.));
#9484=DIRECTION('ref_axis',(0.,1.,0.));
#9485=DIRECTION('',(-1.398706172756E-14,1.,0.));
#9486=DIRECTION('',(0.,0.,-1.));
#9487=DIRECTION('center_axis',(0.,1.,0.));
#9488=DIRECTION('ref_axis',(-1.,0.,0.));
#9489=DIRECTION('',(1.,0.,0.));
#9490=DIRECTION('',(0.,0.,-1.));
#9491=DIRECTION('',(-1.,0.,0.));
#9492=DIRECTION('',(0.,0.,-1.));
#9493=DIRECTION('',(1.,0.,0.));
#9494=DIRECTION('',(0.,0.,-1.));
#9495=DIRECTION('',(1.,0.,0.));
#9496=DIRECTION('center_axis',(0.,0.,1.));
#9497=DIRECTION('ref_axis',(1.,0.,0.));
#9498=DIRECTION('',(0.,1.,0.));
#9499=DIRECTION('',(0.,1.,0.));
#9500=DIRECTION('center_axis',(-0.707106781186598,0.,0.707106781186498));
#9501=DIRECTION('ref_axis',(0.707106781186498,0.,0.707106781186598));
#9502=DIRECTION('',(1.398706172756E-14,1.,0.));
#9503=DIRECTION('',(0.,1.,0.));
#9504=DIRECTION('center_axis',(-1.,0.,0.));
#9505=DIRECTION('ref_axis',(0.,-1.,0.));
#9506=DIRECTION('',(1.398706172756E-14,1.,0.));
#9507=DIRECTION('center_axis',(-0.707106781186598,0.,-0.707106781186498));
#9508=DIRECTION('ref_axis',(-0.707106781186498,0.,0.707106781186598));
#9509=DIRECTION('',(0.,1.,0.));
#9510=DIRECTION('',(0.,1.,0.));
#9511=DIRECTION('center_axis',(0.,0.,-1.));
#9512=DIRECTION('ref_axis',(-1.,0.,0.));
#9513=DIRECTION('center_axis',(0.707106781186548,0.,-0.707106781186548));
#9514=DIRECTION('ref_axis',(-0.707106781186548,0.,-0.707106781186548));
#9515=DIRECTION('',(0.,1.,0.));
#9516=DIRECTION('',(0.,1.,0.));
#9517=DIRECTION('center_axis',(1.,0.,0.));
#9518=DIRECTION('ref_axis',(0.,1.,0.));
#9519=DIRECTION('',(0.,1.,0.));
#9520=DIRECTION('',(0.,0.,-1.));
#9521=DIRECTION('center_axis',(0.,1.,0.));
#9522=DIRECTION('ref_axis',(-1.,0.,0.));
#9523=DIRECTION('',(1.,0.,0.));
#9524=DIRECTION('',(0.,0.,-1.));
#9525=DIRECTION('',(-1.,0.,0.));
#9526=DIRECTION('',(0.,0.,-1.));
#9527=DIRECTION('',(1.,0.,0.));
#9528=DIRECTION('',(0.,0.,-1.));
#9529=DIRECTION('',(1.,0.,0.));
#9530=DIRECTION('center_axis',(0.,0.,1.));
#9531=DIRECTION('ref_axis',(1.,0.,0.));
#9532=DIRECTION('',(0.,1.,0.));
#9533=DIRECTION('',(0.,1.,0.));
#9534=DIRECTION('center_axis',(-0.707106781186498,0.,0.707106781186598));
#9535=DIRECTION('ref_axis',(0.707106781186598,0.,0.707106781186498));
#9536=DIRECTION('',(0.,1.,0.));
#9537=DIRECTION('',(0.,1.,0.));
#9538=DIRECTION('center_axis',(-1.,0.,0.));
#9539=DIRECTION('ref_axis',(0.,-1.,0.));
#9540=DIRECTION('',(1.398706172756E-14,1.,-1.136448765364E-14));
#9541=DIRECTION('center_axis',(-0.707106781186498,0.,-0.707106781186598));
#9542=DIRECTION('ref_axis',(-0.707106781186598,0.,0.707106781186498));
#9543=DIRECTION('',(0.,1.,0.));
#9544=DIRECTION('',(0.,1.,0.));
#9545=DIRECTION('center_axis',(0.,0.,-1.));
#9546=DIRECTION('ref_axis',(-1.,0.,0.));
#9547=DIRECTION('center_axis',(0.707106781186548,0.,-0.707106781186548));
#9548=DIRECTION('ref_axis',(-0.707106781186548,0.,-0.707106781186548));
#9549=DIRECTION('',(1.398706172756E-14,1.,0.));
#9550=DIRECTION('',(0.,1.,0.));
#9551=DIRECTION('center_axis',(1.,0.,0.));
#9552=DIRECTION('ref_axis',(0.,1.,0.));
#9553=DIRECTION('',(1.398706172756E-14,1.,0.));
#9554=DIRECTION('',(0.,0.,-1.));
#9555=DIRECTION('center_axis',(0.,1.,0.));
#9556=DIRECTION('ref_axis',(-1.,0.,0.));
#9557=DIRECTION('',(1.,0.,0.));
#9558=DIRECTION('',(0.,0.,-1.));
#9559=DIRECTION('',(-1.,0.,0.));
#9560=DIRECTION('',(0.,0.,-1.));
#9561=DIRECTION('',(1.,0.,0.));
#9562=DIRECTION('',(0.,0.,-1.));
#9563=DIRECTION('',(1.,0.,0.));
#9564=DIRECTION('center_axis',(0.,0.,1.));
#9565=DIRECTION('ref_axis',(1.,0.,0.));
#9566=DIRECTION('',(0.,1.,0.));
#9567=DIRECTION('',(0.,1.,0.));
#9568=DIRECTION('center_axis',(-0.707106781186548,0.,0.707106781186548));
#9569=DIRECTION('ref_axis',(0.707106781186548,0.,0.707106781186548));
#9570=DIRECTION('',(0.,1.,0.));
#9571=DIRECTION('',(0.,1.,0.));
#9572=DIRECTION('center_axis',(-1.,0.,0.));
#9573=DIRECTION('ref_axis',(0.,-1.,0.));
#9574=DIRECTION('',(0.,1.,0.));
#9575=DIRECTION('center_axis',(-0.707106781186548,0.,-0.707106781186548));
#9576=DIRECTION('ref_axis',(-0.707106781186548,0.,0.707106781186548));
#9577=DIRECTION('',(0.,1.,0.));
#9578=DIRECTION('',(0.,1.,0.));
#9579=DIRECTION('center_axis',(0.,0.,-1.));
#9580=DIRECTION('ref_axis',(-1.,0.,0.));
#9581=DIRECTION('center_axis',(0.707106781186498,0.,-0.707106781186598));
#9582=DIRECTION('ref_axis',(-0.707106781186598,0.,-0.707106781186498));
#9583=DIRECTION('',(0.,1.,0.));
#9584=DIRECTION('',(0.,1.,0.));
#9585=DIRECTION('center_axis',(1.,0.,0.));
#9586=DIRECTION('ref_axis',(0.,1.,0.));
#9587=DIRECTION('',(0.,1.,0.));
#9588=DIRECTION('',(0.,0.,-1.));
#9589=DIRECTION('center_axis',(0.,1.,0.));
#9590=DIRECTION('ref_axis',(-1.,0.,0.));
#9591=DIRECTION('',(1.,0.,0.));
#9592=DIRECTION('',(0.,0.,-1.));
#9593=DIRECTION('',(-1.,0.,0.));
#9594=DIRECTION('',(0.,0.,-1.));
#9595=DIRECTION('',(1.,0.,0.));
#9596=DIRECTION('',(0.,0.,-1.));
#9597=DIRECTION('',(1.,0.,0.));
#9598=DIRECTION('center_axis',(0.,0.,1.));
#9599=DIRECTION('ref_axis',(1.,0.,0.));
#9600=DIRECTION('',(0.,1.,0.));
#9601=DIRECTION('',(0.,1.,0.));
#9602=DIRECTION('center_axis',(-0.707106781186548,0.,0.707106781186548));
#9603=DIRECTION('ref_axis',(0.707106781186548,0.,0.707106781186548));
#9604=DIRECTION('',(0.,1.,0.));
#9605=DIRECTION('',(0.,1.,0.));
#9606=DIRECTION('center_axis',(-1.,0.,0.));
#9607=DIRECTION('ref_axis',(0.,-1.,0.));
#9608=DIRECTION('',(0.,1.,0.));
#9609=DIRECTION('center_axis',(-0.707106781186548,0.,-0.707106781186548));
#9610=DIRECTION('ref_axis',(-0.707106781186548,0.,0.707106781186548));
#9611=DIRECTION('',(0.,1.,0.));
#9612=DIRECTION('',(0.,1.,0.));
#9613=DIRECTION('center_axis',(0.,0.,-1.));
#9614=DIRECTION('ref_axis',(-1.,0.,0.));
#9615=DIRECTION('center_axis',(0.707106781186598,0.,-0.707106781186498));
#9616=DIRECTION('ref_axis',(-0.707106781186498,0.,-0.707106781186598));
#9617=DIRECTION('',(1.398706172756E-14,1.,1.835801851742E-14));
#9618=DIRECTION('',(0.,1.,0.));
#9619=DIRECTION('center_axis',(1.,0.,0.));
#9620=DIRECTION('ref_axis',(0.,1.,0.));
#9621=DIRECTION('',(0.,1.,0.));
#9622=DIRECTION('',(0.,0.,-1.));
#9623=DIRECTION('center_axis',(0.,1.,0.));
#9624=DIRECTION('ref_axis',(-1.,0.,0.));
#9625=DIRECTION('',(1.,0.,0.));
#9626=DIRECTION('',(0.,0.,-1.));
#9627=DIRECTION('',(-1.,0.,0.));
#9628=DIRECTION('',(0.,0.,-1.));
#9629=DIRECTION('',(1.,0.,0.));
#9630=DIRECTION('',(0.,0.,-1.));
#9631=DIRECTION('',(1.,0.,0.));
#9632=DIRECTION('center_axis',(0.,0.,1.));
#9633=DIRECTION('ref_axis',(1.,0.,0.));
#9634=DIRECTION('',(0.,1.,0.));
#9635=DIRECTION('',(0.,1.,0.));
#9636=DIRECTION('center_axis',(-0.707106781186548,0.,0.707106781186548));
#9637=DIRECTION('ref_axis',(0.707106781186548,0.,0.707106781186548));
#9638=DIRECTION('',(1.398706172756E-14,1.,0.));
#9639=DIRECTION('',(0.,1.,0.));
#9640=DIRECTION('center_axis',(-1.,0.,0.));
#9641=DIRECTION('ref_axis',(0.,-1.,0.));
#9642=DIRECTION('',(1.398706172756E-14,1.,0.));
#9643=DIRECTION('center_axis',(-0.707106781186548,0.,-0.707106781186548));
#9644=DIRECTION('ref_axis',(-0.707106781186548,0.,0.707106781186548));
#9645=DIRECTION('',(0.,1.,0.));
#9646=DIRECTION('',(0.,1.,0.));
#9647=DIRECTION('center_axis',(0.,0.,-1.));
#9648=DIRECTION('ref_axis',(-1.,0.,0.));
#9649=DIRECTION('center_axis',(0.707106781186548,0.,-0.707106781186548));
#9650=DIRECTION('ref_axis',(-0.707106781186548,0.,-0.707106781186548));
#9651=DIRECTION('',(0.,1.,0.));
#9652=DIRECTION('',(0.,1.,0.));
#9653=DIRECTION('center_axis',(1.,0.,0.));
#9654=DIRECTION('ref_axis',(0.,1.,0.));
#9655=DIRECTION('',(0.,1.,0.));
#9656=DIRECTION('',(0.,0.,-1.));
#9657=DIRECTION('center_axis',(0.,1.,0.));
#9658=DIRECTION('ref_axis',(-1.,0.,0.));
#9659=DIRECTION('',(1.,0.,0.));
#9660=DIRECTION('',(0.,0.,-1.));
#9661=DIRECTION('',(-1.,0.,0.));
#9662=DIRECTION('',(0.,0.,-1.));
#9663=DIRECTION('',(1.,0.,0.));
#9664=DIRECTION('',(0.,0.,-1.));
#9665=DIRECTION('',(1.,0.,0.));
#9666=DIRECTION('center_axis',(0.,0.,1.));
#9667=DIRECTION('ref_axis',(1.,0.,0.));
#9668=DIRECTION('',(0.,1.,0.));
#9669=DIRECTION('',(0.,1.,0.));
#9670=DIRECTION('center_axis',(-0.707106781186548,0.,0.707106781186548));
#9671=DIRECTION('ref_axis',(0.707106781186548,0.,0.707106781186548));
#9672=DIRECTION('',(0.,1.,0.));
#9673=DIRECTION('',(0.,1.,0.));
#9674=DIRECTION('center_axis',(-1.,0.,0.));
#9675=DIRECTION('ref_axis',(0.,-1.,0.));
#9676=DIRECTION('',(1.398706172756E-14,1.,0.));
#9677=DIRECTION('center_axis',(-0.707106781186548,0.,-0.707106781186548));
#9678=DIRECTION('ref_axis',(-0.707106781186548,0.,0.707106781186548));
#9679=DIRECTION('',(0.,1.,0.));
#9680=DIRECTION('',(0.,1.,0.));
#9681=DIRECTION('center_axis',(0.,0.,-1.));
#9682=DIRECTION('ref_axis',(-1.,0.,0.));
#9683=DIRECTION('center_axis',(0.707106781186548,0.,-0.707106781186548));
#9684=DIRECTION('ref_axis',(-0.707106781186548,0.,-0.707106781186548));
#9685=DIRECTION('',(0.,1.,0.));
#9686=DIRECTION('',(0.,1.,0.));
#9687=DIRECTION('center_axis',(1.,0.,0.));
#9688=DIRECTION('ref_axis',(0.,1.,0.));
#9689=DIRECTION('',(0.,1.,0.));
#9690=DIRECTION('',(0.,0.,-1.));
#9691=DIRECTION('center_axis',(0.,1.,0.));
#9692=DIRECTION('ref_axis',(-1.,0.,0.));
#9693=DIRECTION('',(1.,0.,0.));
#9694=DIRECTION('',(0.,0.,-1.));
#9695=DIRECTION('',(-1.,0.,0.));
#9696=DIRECTION('',(0.,0.,-1.));
#9697=DIRECTION('',(1.,0.,0.));
#9698=DIRECTION('',(0.,0.,-1.));
#9699=DIRECTION('',(1.,0.,0.));
#9700=DIRECTION('center_axis',(0.,0.,1.));
#9701=DIRECTION('ref_axis',(1.,0.,0.));
#9702=DIRECTION('',(0.,1.,0.));
#9703=DIRECTION('',(0.,1.,0.));
#9704=DIRECTION('center_axis',(-0.707106781186548,0.,0.707106781186548));
#9705=DIRECTION('ref_axis',(0.707106781186548,0.,0.707106781186548));
#9706=DIRECTION('',(0.,1.,0.));
#9707=DIRECTION('',(0.,1.,0.));
#9708=DIRECTION('center_axis',(-1.,0.,0.));
#9709=DIRECTION('ref_axis',(0.,-1.,0.));
#9710=DIRECTION('',(0.,1.,0.));
#9711=DIRECTION('center_axis',(-0.707106781186548,0.,-0.707106781186548));
#9712=DIRECTION('ref_axis',(-0.707106781186548,0.,0.707106781186548));
#9713=DIRECTION('',(0.,1.,0.));
#9714=DIRECTION('',(0.,1.,0.));
#9715=DIRECTION('center_axis',(0.,0.,-1.));
#9716=DIRECTION('ref_axis',(-1.,0.,0.));
#9717=DIRECTION('center_axis',(0.707106781186548,0.,-0.707106781186548));
#9718=DIRECTION('ref_axis',(-0.707106781186548,0.,-0.707106781186548));
#9719=DIRECTION('',(0.,1.,0.));
#9720=DIRECTION('',(0.,1.,0.));
#9721=DIRECTION('center_axis',(1.,0.,0.));
#9722=DIRECTION('ref_axis',(0.,1.,0.));
#9723=DIRECTION('',(0.,1.,0.));
#9724=DIRECTION('',(0.,0.,-1.));
#9725=DIRECTION('center_axis',(0.,1.,0.));
#9726=DIRECTION('ref_axis',(-1.,0.,0.));
#9727=DIRECTION('',(1.,0.,0.));
#9728=DIRECTION('',(0.,0.,-1.));
#9729=DIRECTION('',(-1.,0.,0.));
#9730=DIRECTION('',(0.,0.,-1.));
#9731=DIRECTION('',(1.,0.,0.));
#9732=DIRECTION('',(0.,0.,-1.));
#9733=DIRECTION('',(1.,0.,0.));
#9734=DIRECTION('center_axis',(0.,0.,1.));
#9735=DIRECTION('ref_axis',(1.,0.,0.));
#9736=DIRECTION('',(0.,1.,0.));
#9737=DIRECTION('',(0.,1.,0.));
#9738=DIRECTION('center_axis',(-0.707106781186548,0.,0.707106781186548));
#9739=DIRECTION('ref_axis',(0.707106781186548,0.,0.707106781186548));
#9740=DIRECTION('',(0.,1.,0.));
#9741=DIRECTION('',(0.,1.,0.));
#9742=DIRECTION('center_axis',(-1.,0.,0.));
#9743=DIRECTION('ref_axis',(0.,-1.,0.));
#9744=DIRECTION('',(0.,1.,0.));
#9745=DIRECTION('center_axis',(-0.707106781186548,0.,-0.707106781186548));
#9746=DIRECTION('ref_axis',(-0.707106781186548,0.,0.707106781186548));
#9747=DIRECTION('',(0.,1.,0.));
#9748=DIRECTION('',(0.,1.,0.));
#9749=DIRECTION('center_axis',(0.,0.,-1.));
#9750=DIRECTION('ref_axis',(-1.,0.,0.));
#9751=DIRECTION('center_axis',(0.707106781186548,0.,-0.707106781186548));
#9752=DIRECTION('ref_axis',(-0.707106781186548,0.,-0.707106781186548));
#9753=DIRECTION('',(0.,1.,0.));
#9754=DIRECTION('',(0.,1.,0.));
#9755=DIRECTION('center_axis',(1.,0.,0.));
#9756=DIRECTION('ref_axis',(0.,1.,0.));
#9757=DIRECTION('',(0.,1.,0.));
#9758=DIRECTION('',(0.,0.,-1.));
#9759=DIRECTION('center_axis',(0.,1.,0.));
#9760=DIRECTION('ref_axis',(-1.,0.,0.));
#9761=DIRECTION('',(1.,0.,0.));
#9762=DIRECTION('',(0.,0.,-1.));
#9763=DIRECTION('',(-1.,0.,0.));
#9764=DIRECTION('',(0.,0.,-1.));
#9765=DIRECTION('',(1.,0.,0.));
#9766=DIRECTION('',(0.,0.,-1.));
#9767=DIRECTION('',(1.,0.,0.));
#9768=DIRECTION('center_axis',(0.,0.,1.));
#9769=DIRECTION('ref_axis',(1.,0.,0.));
#9770=DIRECTION('',(0.,1.,0.));
#9771=DIRECTION('',(0.,1.,0.));
#9772=DIRECTION('center_axis',(-0.707106781186548,0.,0.707106781186548));
#9773=DIRECTION('ref_axis',(0.707106781186548,0.,0.707106781186548));
#9774=DIRECTION('',(0.,1.,0.));
#9775=DIRECTION('',(0.,1.,0.));
#9776=DIRECTION('center_axis',(-1.,0.,0.));
#9777=DIRECTION('ref_axis',(0.,-1.,0.));
#9778=DIRECTION('',(0.,1.,0.));
#9779=DIRECTION('center_axis',(-0.707106781186548,0.,-0.707106781186548));
#9780=DIRECTION('ref_axis',(-0.707106781186548,0.,0.707106781186548));
#9781=DIRECTION('',(0.,1.,0.));
#9782=DIRECTION('',(0.,1.,0.));
#9783=DIRECTION('center_axis',(0.,0.,-1.));
#9784=DIRECTION('ref_axis',(-1.,0.,0.));
#9785=DIRECTION('center_axis',(0.707106781186548,0.,-0.707106781186548));
#9786=DIRECTION('ref_axis',(-0.707106781186548,0.,-0.707106781186548));
#9787=DIRECTION('',(0.,1.,0.));
#9788=DIRECTION('',(0.,1.,0.));
#9789=DIRECTION('center_axis',(1.,0.,0.));
#9790=DIRECTION('ref_axis',(0.,1.,0.));
#9791=DIRECTION('',(0.,1.,0.));
#9792=DIRECTION('',(0.,0.,-1.));
#9793=DIRECTION('center_axis',(0.,1.,0.));
#9794=DIRECTION('ref_axis',(-1.,0.,0.));
#9795=DIRECTION('',(1.,0.,0.));
#9796=DIRECTION('',(0.,0.,-1.));
#9797=DIRECTION('',(-1.,0.,0.));
#9798=DIRECTION('',(0.,0.,-1.));
#9799=DIRECTION('',(1.,0.,0.));
#9800=DIRECTION('',(0.,0.,-1.));
#9801=DIRECTION('',(1.,0.,0.));
#9802=DIRECTION('center_axis',(0.,0.,1.));
#9803=DIRECTION('ref_axis',(1.,0.,0.));
#9804=DIRECTION('',(0.,1.,0.));
#9805=DIRECTION('',(0.,1.,0.));
#9806=DIRECTION('center_axis',(-0.707106781186548,0.,0.707106781186548));
#9807=DIRECTION('ref_axis',(0.707106781186548,0.,0.707106781186548));
#9808=DIRECTION('',(0.,1.,0.));
#9809=DIRECTION('',(0.,1.,0.));
#9810=DIRECTION('center_axis',(-1.,0.,0.));
#9811=DIRECTION('ref_axis',(0.,-1.,0.));
#9812=DIRECTION('',(0.,1.,0.));
#9813=DIRECTION('center_axis',(-0.707106781186548,0.,-0.707106781186548));
#9814=DIRECTION('ref_axis',(-0.707106781186548,0.,0.707106781186548));
#9815=DIRECTION('',(0.,1.,0.));
#9816=DIRECTION('',(0.,1.,0.));
#9817=DIRECTION('center_axis',(0.,0.,-1.));
#9818=DIRECTION('ref_axis',(-1.,0.,0.));
#9819=DIRECTION('center_axis',(0.707106781186548,0.,-0.707106781186548));
#9820=DIRECTION('ref_axis',(-0.707106781186548,0.,-0.707106781186548));
#9821=DIRECTION('',(0.,1.,0.));
#9822=DIRECTION('',(0.,1.,0.));
#9823=DIRECTION('center_axis',(1.,0.,0.));
#9824=DIRECTION('ref_axis',(0.,1.,0.));
#9825=DIRECTION('',(0.,1.,0.));
#9826=DIRECTION('',(0.,0.,-1.));
#9827=DIRECTION('center_axis',(0.,1.,0.));
#9828=DIRECTION('ref_axis',(-1.,0.,0.));
#9829=DIRECTION('',(1.,0.,0.));
#9830=DIRECTION('',(0.,0.,-1.));
#9831=DIRECTION('',(-1.,0.,0.));
#9832=DIRECTION('',(0.,0.,-1.));
#9833=DIRECTION('',(1.,0.,0.));
#9834=DIRECTION('',(0.,0.,-1.));
#9835=DIRECTION('',(1.,0.,0.));
#9836=DIRECTION('center_axis',(0.,0.,1.));
#9837=DIRECTION('ref_axis',(1.,0.,0.));
#9838=DIRECTION('',(0.,1.,0.));
#9839=DIRECTION('',(0.,1.,0.));
#9840=DIRECTION('center_axis',(-0.707106781186548,0.,0.707106781186548));
#9841=DIRECTION('ref_axis',(0.707106781186548,0.,0.707106781186548));
#9842=DIRECTION('',(0.,1.,0.));
#9843=DIRECTION('',(0.,1.,0.));
#9844=DIRECTION('center_axis',(-1.,0.,0.));
#9845=DIRECTION('ref_axis',(0.,-1.,0.));
#9846=DIRECTION('',(0.,1.,0.));
#9847=DIRECTION('center_axis',(-0.707106781186548,0.,-0.707106781186548));
#9848=DIRECTION('ref_axis',(-0.707106781186548,0.,0.707106781186548));
#9849=DIRECTION('',(0.,1.,0.));
#9850=DIRECTION('',(0.,1.,0.));
#9851=DIRECTION('center_axis',(0.,0.,-1.));
#9852=DIRECTION('ref_axis',(-1.,0.,0.));
#9853=DIRECTION('center_axis',(0.707106781186548,0.,-0.707106781186548));
#9854=DIRECTION('ref_axis',(-0.707106781186548,0.,-0.707106781186548));
#9855=DIRECTION('',(0.,1.,0.));
#9856=DIRECTION('center_axis',(1.,0.,0.));
#9857=DIRECTION('ref_axis',(0.,1.,0.));
#9858=DIRECTION('',(0.,1.,0.));
#9859=DIRECTION('center_axis',(0.707106781186548,0.,0.707106781186548));
#9860=DIRECTION('ref_axis',(0.707106781186548,0.,-0.707106781186548));
#9861=DIRECTION('center_axis',(0.707106781186548,0.,0.707106781186548));
#9862=DIRECTION('ref_axis',(0.707106781186548,0.,-0.707106781186548));
#9863=DIRECTION('center_axis',(1.,0.,0.));
#9864=DIRECTION('ref_axis',(0.,0.,-1.));
#9865=DIRECTION('',(0.,0.,-1.));
#9866=DIRECTION('',(0.,1.,0.));
#9867=DIRECTION('',(0.,-1.,0.));
#9868=DIRECTION('center_axis',(1.,0.,0.));
#9869=DIRECTION('ref_axis',(0.,0.,-1.));
#9870=DIRECTION('',(0.,0.,1.));
#9871=DIRECTION('',(0.,-1.,0.));
#9872=DIRECTION('',(0.,1.,0.));
#9873=DIRECTION('center_axis',(-0.894427190999896,0.447213595499998,0.));
#9874=DIRECTION('ref_axis',(0.,0.,-1.));
#9875=DIRECTION('',(-0.408248290463896,-0.816496580927693,0.408248290463896));
#9876=DIRECTION('',(0.,0.,-1.));
#9877=DIRECTION('',(-0.408248290463896,-0.816496580927693,-0.408248290463896));
#9878=DIRECTION('center_axis',(0.,0.447213595499998,-0.894427190999896));
#9879=DIRECTION('ref_axis',(-1.,0.,0.));
#9880=DIRECTION('',(-1.,0.,0.));
#9881=DIRECTION('',(-1.,0.,0.));
#9882=DIRECTION('',(0.408248290463896,-0.816496580927693,-0.408248290463896));
#9883=DIRECTION('center_axis',(0.,0.,-1.));
#9884=DIRECTION('ref_axis',(0.,1.,0.));
#9885=DIRECTION('',(0.,1.,0.));
#9886=DIRECTION('center_axis',(0.,0.,-1.));
#9887=DIRECTION('ref_axis',(0.,1.,0.));
#9888=DIRECTION('',(-1.,0.,0.));
#9889=DIRECTION('',(0.,1.,0.));
#9890=DIRECTION('center_axis',(1.,0.,0.));
#9891=DIRECTION('ref_axis',(0.,0.,-1.));
#9892=DIRECTION('',(0.,0.,1.));
#9893=DIRECTION('',(0.,-1.,0.));
#9894=DIRECTION('center_axis',(1.,0.,0.));
#9895=DIRECTION('ref_axis',(0.,0.,-1.));
#9896=DIRECTION('',(0.,0.,-1.));
#9897=DIRECTION('',(0.,-1.,0.));
#9898=DIRECTION('center_axis',(0.894427190999896,0.447213595499998,0.));
#9899=DIRECTION('ref_axis',(0.,0.,-1.));
#9900=DIRECTION('',(0.,0.,1.));
#9901=DIRECTION('',(0.408248290463896,-0.816496580927693,0.408248290463896));
#9902=DIRECTION('center_axis',(0.,1.,0.));
#9903=DIRECTION('ref_axis',(0.,0.,1.));
#9904=DIRECTION('',(-1.,0.,0.));
#9905=DIRECTION('center_axis',(0.,0.447213595499998,0.894427190999896));
#9906=DIRECTION('ref_axis',(-1.,0.,0.));
#9907=DIRECTION('',(-1.,0.,0.));
#9908=DIRECTION('center_axis',(0.,0.,1.));
#9909=DIRECTION('ref_axis',(0.,-1.,0.));
#9910=DIRECTION('center_axis',(0.,0.,1.));
#9911=DIRECTION('ref_axis',(0.,-1.,0.));
#9912=DIRECTION('',(-1.,0.,0.));
#9913=DIRECTION('center_axis',(0.,-0.447213595499998,0.894427190999896));
#9914=DIRECTION('ref_axis',(-1.,0.,0.));
#9915=DIRECTION('',(-0.408248290463896,0.816496580927693,0.408248290463896));
#9916=DIRECTION('',(-1.,0.,0.));
#9917=DIRECTION('',(0.408248290463896,0.816496580927693,0.408248290463896));
#9918=DIRECTION('center_axis',(0.894427190999896,-0.447213595499998,0.));
#9919=DIRECTION('ref_axis',(0.,0.,-1.));
#9920=DIRECTION('',(0.,0.,-1.));
#9921=DIRECTION('',(-0.408248290463896,-0.816496580927693,0.408248290463896));
#9922=DIRECTION('center_axis',(0.,-1.,0.));
#9923=DIRECTION('ref_axis',(0.,0.,-1.));
#9924=DIRECTION('',(-1.,0.,0.));
#9925=DIRECTION('',(0.,0.,1.));
#9926=DIRECTION('center_axis',(0.,-0.447213595499998,-0.894427190999896));
#9927=DIRECTION('ref_axis',(-1.,0.,0.));
#9928=DIRECTION('',(-0.408248290463896,0.816496580927693,-0.408248290463896));
#9929=DIRECTION('center_axis',(-0.894427190999896,-0.447213595499998,0.));
#9930=DIRECTION('ref_axis',(0.,0.,-1.));
#9931=DIRECTION('center_axis',(0.707106781186548,0.,0.707106781186548));
#9932=DIRECTION('ref_axis',(0.707106781186548,0.,-0.707106781186548));
#9933=DIRECTION('center_axis',(1.,0.,0.));
#9934=DIRECTION('ref_axis',(0.,0.,-1.));
#9935=DIRECTION('',(0.,0.,-1.));
#9936=DIRECTION('',(0.,1.,0.));
#9937=DIRECTION('',(0.,-1.,0.));
#9938=DIRECTION('center_axis',(1.,0.,0.));
#9939=DIRECTION('ref_axis',(0.,0.,-1.));
#9940=DIRECTION('',(0.,0.,1.));
#9941=DIRECTION('',(0.,-1.,0.));
#9942=DIRECTION('',(0.,1.,0.));
#9943=DIRECTION('center_axis',(-0.894427190999896,0.447213595499998,0.));
#9944=DIRECTION('ref_axis',(0.,0.,-1.));
#9945=DIRECTION('',(-0.408248290463896,-0.816496580927693,0.408248290463896));
#9946=DIRECTION('',(0.,0.,-1.));
#9947=DIRECTION('',(-0.408248290463896,-0.816496580927693,-0.408248290463896));
#9948=DIRECTION('center_axis',(0.,0.447213595499998,-0.894427190999896));
#9949=DIRECTION('ref_axis',(-1.,0.,0.));
#9950=DIRECTION('',(-1.,0.,0.));
#9951=DIRECTION('',(-1.,0.,0.));
#9952=DIRECTION('',(0.408248290463896,-0.816496580927693,-0.408248290463896));
#9953=DIRECTION('center_axis',(0.,0.,-1.));
#9954=DIRECTION('ref_axis',(0.,1.,0.));
#9955=DIRECTION('',(0.,1.,0.));
#9956=DIRECTION('center_axis',(0.,0.,-1.));
#9957=DIRECTION('ref_axis',(0.,1.,0.));
#9958=DIRECTION('',(-1.,0.,0.));
#9959=DIRECTION('',(0.,1.,0.));
#9960=DIRECTION('center_axis',(1.,0.,0.));
#9961=DIRECTION('ref_axis',(0.,0.,-1.));
#9962=DIRECTION('',(0.,0.,1.));
#9963=DIRECTION('',(0.,-1.,0.));
#9964=DIRECTION('center_axis',(1.,0.,0.));
#9965=DIRECTION('ref_axis',(0.,0.,-1.));
#9966=DIRECTION('',(0.,0.,-1.));
#9967=DIRECTION('',(0.,-1.,0.));
#9968=DIRECTION('center_axis',(0.894427190999896,0.447213595499998,0.));
#9969=DIRECTION('ref_axis',(0.,0.,-1.));
#9970=DIRECTION('',(0.,0.,1.));
#9971=DIRECTION('',(0.408248290463896,-0.816496580927693,0.408248290463896));
#9972=DIRECTION('center_axis',(0.,1.,0.));
#9973=DIRECTION('ref_axis',(0.,0.,1.));
#9974=DIRECTION('',(-1.,0.,0.));
#9975=DIRECTION('center_axis',(0.,0.447213595499998,0.894427190999896));
#9976=DIRECTION('ref_axis',(-1.,0.,0.));
#9977=DIRECTION('',(-1.,0.,0.));
#9978=DIRECTION('center_axis',(0.,0.,1.));
#9979=DIRECTION('ref_axis',(0.,-1.,0.));
#9980=DIRECTION('center_axis',(0.,0.,1.));
#9981=DIRECTION('ref_axis',(0.,-1.,0.));
#9982=DIRECTION('',(-1.,0.,0.));
#9983=DIRECTION('center_axis',(0.,-0.447213595499998,0.894427190999896));
#9984=DIRECTION('ref_axis',(-1.,0.,0.));
#9985=DIRECTION('',(-0.408248290463896,0.816496580927693,0.408248290463896));
#9986=DIRECTION('',(-1.,0.,0.));
#9987=DIRECTION('',(0.408248290463896,0.816496580927693,0.408248290463896));
#9988=DIRECTION('center_axis',(0.894427190999896,-0.447213595499998,0.));
#9989=DIRECTION('ref_axis',(0.,0.,-1.));
#9990=DIRECTION('',(0.,0.,-1.));
#9991=DIRECTION('',(-0.408248290463896,-0.816496580927693,0.408248290463896));
#9992=DIRECTION('center_axis',(0.,-1.,0.));
#9993=DIRECTION('ref_axis',(0.,0.,-1.));
#9994=DIRECTION('',(-1.,0.,0.));
#9995=DIRECTION('',(0.,0.,1.));
#9996=DIRECTION('center_axis',(0.,-0.447213595499998,-0.894427190999896));
#9997=DIRECTION('ref_axis',(-1.,0.,0.));
#9998=DIRECTION('',(-0.408248290463896,0.816496580927693,-0.408248290463896));
#9999=DIRECTION('center_axis',(-0.894427190999896,-0.447213595499998,0.));
#10000=DIRECTION('ref_axis',(0.,0.,-1.));
#10001=DIRECTION('center_axis',(0.707106781186548,0.,0.707106781186548));
#10002=DIRECTION('ref_axis',(0.707106781186548,0.,-0.707106781186548));
#10003=DIRECTION('center_axis',(1.,0.,0.));
#10004=DIRECTION('ref_axis',(0.,0.,-1.));
#10005=DIRECTION('',(0.,0.,-1.));
#10006=DIRECTION('',(0.,1.,0.));
#10007=DIRECTION('',(0.,-1.,0.));
#10008=DIRECTION('center_axis',(1.,0.,0.));
#10009=DIRECTION('ref_axis',(0.,0.,-1.));
#10010=DIRECTION('',(0.,0.,1.));
#10011=DIRECTION('',(0.,-1.,0.));
#10012=DIRECTION('',(0.,1.,0.));
#10013=DIRECTION('center_axis',(-0.894427190999896,0.447213595499998,0.));
#10014=DIRECTION('ref_axis',(0.,0.,-1.));
#10015=DIRECTION('',(-0.408248290463896,-0.816496580927693,0.408248290463896));
#10016=DIRECTION('',(0.,0.,-1.));
#10017=DIRECTION('',(-0.408248290463896,-0.816496580927693,-0.408248290463896));
#10018=DIRECTION('center_axis',(0.,0.447213595499998,-0.894427190999896));
#10019=DIRECTION('ref_axis',(-1.,0.,0.));
#10020=DIRECTION('',(-1.,0.,0.));
#10021=DIRECTION('',(-1.,0.,0.));
#10022=DIRECTION('',(0.408248290463896,-0.816496580927693,-0.408248290463896));
#10023=DIRECTION('center_axis',(0.,0.,-1.));
#10024=DIRECTION('ref_axis',(0.,1.,0.));
#10025=DIRECTION('',(0.,1.,0.));
#10026=DIRECTION('center_axis',(0.,0.,-1.));
#10027=DIRECTION('ref_axis',(0.,1.,0.));
#10028=DIRECTION('',(-1.,0.,0.));
#10029=DIRECTION('',(0.,1.,0.));
#10030=DIRECTION('center_axis',(1.,0.,0.));
#10031=DIRECTION('ref_axis',(0.,0.,-1.));
#10032=DIRECTION('',(0.,0.,1.));
#10033=DIRECTION('',(0.,-1.,0.));
#10034=DIRECTION('center_axis',(1.,0.,0.));
#10035=DIRECTION('ref_axis',(0.,0.,-1.));
#10036=DIRECTION('',(0.,0.,-1.));
#10037=DIRECTION('',(0.,-1.,0.));
#10038=DIRECTION('center_axis',(0.894427190999896,0.447213595499998,0.));
#10039=DIRECTION('ref_axis',(0.,0.,-1.));
#10040=DIRECTION('',(0.,0.,1.));
#10041=DIRECTION('',(0.408248290463896,-0.816496580927693,0.408248290463896));
#10042=DIRECTION('center_axis',(0.,1.,0.));
#10043=DIRECTION('ref_axis',(0.,0.,1.));
#10044=DIRECTION('',(-1.,0.,0.));
#10045=DIRECTION('center_axis',(0.,0.447213595499998,0.894427190999896));
#10046=DIRECTION('ref_axis',(-1.,0.,0.));
#10047=DIRECTION('',(-1.,0.,0.));
#10048=DIRECTION('center_axis',(0.,0.,1.));
#10049=DIRECTION('ref_axis',(0.,-1.,0.));
#10050=DIRECTION('center_axis',(0.,0.,1.));
#10051=DIRECTION('ref_axis',(0.,-1.,0.));
#10052=DIRECTION('',(-1.,0.,0.));
#10053=DIRECTION('center_axis',(0.,-0.447213595499998,0.894427190999896));
#10054=DIRECTION('ref_axis',(-1.,0.,0.));
#10055=DIRECTION('',(-0.408248290463896,0.816496580927693,0.408248290463896));
#10056=DIRECTION('',(-1.,0.,0.));
#10057=DIRECTION('',(0.408248290463896,0.816496580927693,0.408248290463896));
#10058=DIRECTION('center_axis',(0.894427190999896,-0.447213595499998,0.));
#10059=DIRECTION('ref_axis',(0.,0.,-1.));
#10060=DIRECTION('',(0.,0.,-1.));
#10061=DIRECTION('',(-0.408248290463896,-0.816496580927693,0.408248290463896));
#10062=DIRECTION('center_axis',(0.,-1.,0.));
#10063=DIRECTION('ref_axis',(0.,0.,-1.));
#10064=DIRECTION('',(-1.,0.,0.));
#10065=DIRECTION('',(0.,0.,1.));
#10066=DIRECTION('center_axis',(0.,-0.447213595499998,-0.894427190999896));
#10067=DIRECTION('ref_axis',(-1.,0.,0.));
#10068=DIRECTION('',(-0.408248290463896,0.816496580927693,-0.408248290463896));
#10069=DIRECTION('center_axis',(-0.894427190999896,-0.447213595499998,0.));
#10070=DIRECTION('ref_axis',(0.,0.,-1.));
#10071=DIRECTION('center_axis',(0.707106781186548,0.,0.707106781186548));
#10072=DIRECTION('ref_axis',(0.707106781186548,0.,-0.707106781186548));
#10073=DIRECTION('center_axis',(1.,0.,0.));
#10074=DIRECTION('ref_axis',(0.,0.,-1.));
#10075=DIRECTION('',(0.,0.,-1.));
#10076=DIRECTION('',(0.,1.,0.));
#10077=DIRECTION('',(0.,-1.,0.));
#10078=DIRECTION('center_axis',(1.,0.,0.));
#10079=DIRECTION('ref_axis',(0.,0.,-1.));
#10080=DIRECTION('',(0.,0.,1.));
#10081=DIRECTION('',(0.,-1.,0.));
#10082=DIRECTION('',(0.,1.,0.));
#10083=DIRECTION('center_axis',(-0.894427190999896,0.447213595499998,0.));
#10084=DIRECTION('ref_axis',(0.,0.,-1.));
#10085=DIRECTION('',(-0.408248290463896,-0.816496580927693,0.408248290463896));
#10086=DIRECTION('',(0.,0.,-1.));
#10087=DIRECTION('',(-0.408248290463896,-0.816496580927693,-0.408248290463896));
#10088=DIRECTION('center_axis',(0.,0.447213595499998,-0.894427190999896));
#10089=DIRECTION('ref_axis',(-1.,0.,0.));
#10090=DIRECTION('',(-1.,0.,0.));
#10091=DIRECTION('',(-1.,0.,0.));
#10092=DIRECTION('',(0.408248290463896,-0.816496580927693,-0.408248290463896));
#10093=DIRECTION('center_axis',(0.,0.,-1.));
#10094=DIRECTION('ref_axis',(0.,1.,0.));
#10095=DIRECTION('',(0.,1.,0.));
#10096=DIRECTION('center_axis',(0.,0.,-1.));
#10097=DIRECTION('ref_axis',(0.,1.,0.));
#10098=DIRECTION('',(-1.,0.,0.));
#10099=DIRECTION('',(0.,1.,0.));
#10100=DIRECTION('center_axis',(1.,0.,0.));
#10101=DIRECTION('ref_axis',(0.,0.,-1.));
#10102=DIRECTION('',(0.,0.,1.));
#10103=DIRECTION('',(0.,-1.,0.));
#10104=DIRECTION('center_axis',(1.,0.,0.));
#10105=DIRECTION('ref_axis',(0.,0.,-1.));
#10106=DIRECTION('',(0.,0.,-1.));
#10107=DIRECTION('',(0.,-1.,0.));
#10108=DIRECTION('center_axis',(0.894427190999896,0.447213595499998,0.));
#10109=DIRECTION('ref_axis',(0.,0.,-1.));
#10110=DIRECTION('',(0.,0.,1.));
#10111=DIRECTION('',(0.408248290463896,-0.816496580927693,0.408248290463896));
#10112=DIRECTION('center_axis',(0.,1.,0.));
#10113=DIRECTION('ref_axis',(0.,0.,1.));
#10114=DIRECTION('',(-1.,0.,0.));
#10115=DIRECTION('center_axis',(0.,0.447213595499998,0.894427190999896));
#10116=DIRECTION('ref_axis',(-1.,0.,0.));
#10117=DIRECTION('',(-1.,0.,0.));
#10118=DIRECTION('center_axis',(0.,0.,1.));
#10119=DIRECTION('ref_axis',(0.,-1.,0.));
#10120=DIRECTION('center_axis',(0.,0.,1.));
#10121=DIRECTION('ref_axis',(0.,-1.,0.));
#10122=DIRECTION('',(-1.,0.,0.));
#10123=DIRECTION('center_axis',(0.,-0.447213595499998,0.894427190999896));
#10124=DIRECTION('ref_axis',(-1.,0.,0.));
#10125=DIRECTION('',(-0.408248290463896,0.816496580927693,0.408248290463896));
#10126=DIRECTION('',(-1.,0.,0.));
#10127=DIRECTION('',(0.408248290463896,0.816496580927693,0.408248290463896));
#10128=DIRECTION('center_axis',(0.894427190999896,-0.447213595499998,0.));
#10129=DIRECTION('ref_axis',(0.,0.,-1.));
#10130=DIRECTION('',(1.42108547152E-14,0.,-1.));
#10131=DIRECTION('',(-0.408248290463896,-0.816496580927693,0.408248290463896));
#10132=DIRECTION('center_axis',(0.,-1.,0.));
#10133=DIRECTION('ref_axis',(0.,0.,-1.));
#10134=DIRECTION('',(-1.,0.,0.));
#10135=DIRECTION('',(0.,0.,1.));
#10136=DIRECTION('center_axis',(0.,-0.447213595499998,-0.894427190999896));
#10137=DIRECTION('ref_axis',(-1.,0.,0.));
#10138=DIRECTION('',(-0.408248290463896,0.816496580927693,-0.408248290463896));
#10139=DIRECTION('center_axis',(-0.894427190999896,-0.447213595499998,0.));
#10140=DIRECTION('ref_axis',(0.,0.,-1.));
#10141=DIRECTION('center_axis',(0.707106781186548,0.,0.707106781186548));
#10142=DIRECTION('ref_axis',(0.707106781186548,0.,-0.707106781186548));
#10143=DIRECTION('center_axis',(1.,0.,0.));
#10144=DIRECTION('ref_axis',(0.,0.,-1.));
#10145=DIRECTION('',(0.,0.,-1.));
#10146=DIRECTION('',(0.,1.,0.));
#10147=DIRECTION('',(0.,-1.,0.));
#10148=DIRECTION('center_axis',(1.,0.,0.));
#10149=DIRECTION('ref_axis',(0.,0.,-1.));
#10150=DIRECTION('',(0.,0.,1.));
#10151=DIRECTION('',(0.,-1.,0.));
#10152=DIRECTION('',(0.,1.,0.));
#10153=DIRECTION('center_axis',(-0.894427190999896,0.447213595499998,0.));
#10154=DIRECTION('ref_axis',(0.,0.,-1.));
#10155=DIRECTION('',(-0.408248290463896,-0.816496580927693,0.408248290463896));
#10156=DIRECTION('',(0.,0.,-1.));
#10157=DIRECTION('',(-0.408248290463896,-0.816496580927693,-0.408248290463896));
#10158=DIRECTION('center_axis',(0.,0.447213595499998,-0.894427190999896));
#10159=DIRECTION('ref_axis',(-1.,0.,0.));
#10160=DIRECTION('',(-1.,0.,0.));
#10161=DIRECTION('',(-1.,0.,0.));
#10162=DIRECTION('',(0.408248290463896,-0.816496580927693,-0.408248290463896));
#10163=DIRECTION('center_axis',(0.,0.,-1.));
#10164=DIRECTION('ref_axis',(0.,1.,0.));
#10165=DIRECTION('',(0.,1.,0.));
#10166=DIRECTION('center_axis',(0.,0.,-1.));
#10167=DIRECTION('ref_axis',(0.,1.,0.));
#10168=DIRECTION('',(-1.,0.,0.));
#10169=DIRECTION('',(0.,1.,0.));
#10170=DIRECTION('center_axis',(1.,0.,0.));
#10171=DIRECTION('ref_axis',(0.,0.,-1.));
#10172=DIRECTION('',(0.,0.,1.));
#10173=DIRECTION('',(0.,-1.,0.));
#10174=DIRECTION('center_axis',(1.,0.,0.));
#10175=DIRECTION('ref_axis',(0.,0.,-1.));
#10176=DIRECTION('',(0.,0.,-1.));
#10177=DIRECTION('',(0.,-1.,0.));
#10178=DIRECTION('center_axis',(0.894427190999896,0.447213595499998,0.));
#10179=DIRECTION('ref_axis',(0.,0.,-1.));
#10180=DIRECTION('',(0.,0.,1.));
#10181=DIRECTION('',(0.408248290463896,-0.816496580927693,0.408248290463896));
#10182=DIRECTION('center_axis',(0.,1.,0.));
#10183=DIRECTION('ref_axis',(0.,0.,1.));
#10184=DIRECTION('',(-1.,0.,0.));
#10185=DIRECTION('center_axis',(0.,0.447213595499998,0.894427190999896));
#10186=DIRECTION('ref_axis',(-1.,0.,0.));
#10187=DIRECTION('',(-1.,0.,0.));
#10188=DIRECTION('center_axis',(0.,0.,1.));
#10189=DIRECTION('ref_axis',(0.,-1.,0.));
#10190=DIRECTION('center_axis',(0.,0.,1.));
#10191=DIRECTION('ref_axis',(0.,-1.,0.));
#10192=DIRECTION('',(-1.,0.,0.));
#10193=DIRECTION('center_axis',(0.,-0.447213595499998,0.894427190999896));
#10194=DIRECTION('ref_axis',(-1.,0.,0.));
#10195=DIRECTION('',(-0.408248290463896,0.816496580927693,0.408248290463896));
#10196=DIRECTION('',(-1.,0.,0.));
#10197=DIRECTION('',(0.408248290463896,0.816496580927693,0.408248290463896));
#10198=DIRECTION('center_axis',(0.894427190999896,-0.447213595499998,0.));
#10199=DIRECTION('ref_axis',(0.,0.,-1.));
#10200=DIRECTION('',(0.,0.,-1.));
#10201=DIRECTION('',(-0.408248290463896,-0.816496580927693,0.408248290463896));
#10202=DIRECTION('center_axis',(0.,-1.,0.));
#10203=DIRECTION('ref_axis',(0.,0.,-1.));
#10204=DIRECTION('',(-1.,0.,0.));
#10205=DIRECTION('',(0.,0.,1.));
#10206=DIRECTION('center_axis',(0.,-0.447213595499998,-0.894427190999896));
#10207=DIRECTION('ref_axis',(-1.,0.,0.));
#10208=DIRECTION('',(-0.408248290463896,0.816496580927693,-0.408248290463896));
#10209=DIRECTION('center_axis',(-0.894427190999896,-0.447213595499998,0.));
#10210=DIRECTION('ref_axis',(0.,0.,-1.));
#10211=DIRECTION('center_axis',(0.707106781186548,0.,0.707106781186548));
#10212=DIRECTION('ref_axis',(0.707106781186548,0.,-0.707106781186548));
#10213=DIRECTION('center_axis',(1.,0.,0.));
#10214=DIRECTION('ref_axis',(0.,0.,-1.));
#10215=DIRECTION('',(0.,0.,-1.));
#10216=DIRECTION('',(0.,1.,0.));
#10217=DIRECTION('',(0.,-1.,0.));
#10218=DIRECTION('center_axis',(1.,0.,0.));
#10219=DIRECTION('ref_axis',(0.,0.,-1.));
#10220=DIRECTION('',(0.,0.,1.));
#10221=DIRECTION('',(0.,-1.,0.));
#10222=DIRECTION('',(0.,1.,0.));
#10223=DIRECTION('center_axis',(-0.894427190999896,0.447213595499998,0.));
#10224=DIRECTION('ref_axis',(0.,0.,-1.));
#10225=DIRECTION('',(-0.408248290463896,-0.816496580927693,0.408248290463896));
#10226=DIRECTION('',(0.,0.,-1.));
#10227=DIRECTION('',(-0.408248290463896,-0.816496580927693,-0.408248290463896));
#10228=DIRECTION('center_axis',(0.,0.447213595499998,-0.894427190999896));
#10229=DIRECTION('ref_axis',(-1.,0.,0.));
#10230=DIRECTION('',(-1.,0.,0.));
#10231=DIRECTION('',(-1.,0.,0.));
#10232=DIRECTION('',(0.408248290463896,-0.816496580927693,-0.408248290463896));
#10233=DIRECTION('center_axis',(0.,0.,-1.));
#10234=DIRECTION('ref_axis',(0.,1.,0.));
#10235=DIRECTION('',(0.,1.,0.));
#10236=DIRECTION('center_axis',(0.,0.,-1.));
#10237=DIRECTION('ref_axis',(0.,1.,0.));
#10238=DIRECTION('',(-1.,0.,0.));
#10239=DIRECTION('',(0.,1.,0.));
#10240=DIRECTION('center_axis',(1.,0.,0.));
#10241=DIRECTION('ref_axis',(0.,0.,-1.));
#10242=DIRECTION('',(0.,0.,1.));
#10243=DIRECTION('',(0.,-1.,0.));
#10244=DIRECTION('center_axis',(1.,0.,0.));
#10245=DIRECTION('ref_axis',(0.,0.,-1.));
#10246=DIRECTION('',(0.,0.,-1.));
#10247=DIRECTION('',(0.,-1.,0.));
#10248=DIRECTION('center_axis',(0.894427190999896,0.447213595499998,0.));
#10249=DIRECTION('ref_axis',(0.,0.,-1.));
#10250=DIRECTION('',(0.,0.,1.));
#10251=DIRECTION('',(0.408248290463896,-0.816496580927693,0.408248290463896));
#10252=DIRECTION('center_axis',(0.,1.,0.));
#10253=DIRECTION('ref_axis',(0.,0.,1.));
#10254=DIRECTION('',(-1.,0.,0.));
#10255=DIRECTION('center_axis',(0.,0.447213595499998,0.894427190999896));
#10256=DIRECTION('ref_axis',(-1.,0.,0.));
#10257=DIRECTION('',(-1.,0.,0.));
#10258=DIRECTION('center_axis',(0.,0.,1.));
#10259=DIRECTION('ref_axis',(0.,-1.,0.));
#10260=DIRECTION('center_axis',(0.,0.,1.));
#10261=DIRECTION('ref_axis',(0.,-1.,0.));
#10262=DIRECTION('',(-1.,0.,0.));
#10263=DIRECTION('center_axis',(0.,-0.447213595499998,0.894427190999896));
#10264=DIRECTION('ref_axis',(-1.,0.,0.));
#10265=DIRECTION('',(-0.408248290463896,0.816496580927693,0.408248290463896));
#10266=DIRECTION('',(-1.,0.,0.));
#10267=DIRECTION('',(0.408248290463896,0.816496580927693,0.408248290463896));
#10268=DIRECTION('center_axis',(0.894427190999896,-0.447213595499998,0.));
#10269=DIRECTION('ref_axis',(0.,0.,-1.));
#10270=DIRECTION('',(0.,0.,-1.));
#10271=DIRECTION('',(-0.408248290463896,-0.816496580927693,0.408248290463896));
#10272=DIRECTION('center_axis',(0.,-1.,0.));
#10273=DIRECTION('ref_axis',(0.,0.,-1.));
#10274=DIRECTION('',(-1.,0.,0.));
#10275=DIRECTION('',(0.,0.,1.));
#10276=DIRECTION('center_axis',(0.,-0.447213595499998,-0.894427190999896));
#10277=DIRECTION('ref_axis',(-1.,0.,0.));
#10278=DIRECTION('',(-0.408248290463896,0.816496580927693,-0.408248290463896));
#10279=DIRECTION('center_axis',(-0.894427190999896,-0.447213595499998,0.));
#10280=DIRECTION('ref_axis',(0.,0.,-1.));
#10281=DIRECTION('center_axis',(0.707106781186498,0.,0.707106781186598));
#10282=DIRECTION('ref_axis',(0.707106781186598,0.,-0.707106781186498));
#10283=DIRECTION('center_axis',(1.,0.,0.));
#10284=DIRECTION('ref_axis',(0.,0.,-1.));
#10285=DIRECTION('',(0.,0.,-1.));
#10286=DIRECTION('',(0.,1.,0.));
#10287=DIRECTION('',(0.,-1.,0.));
#10288=DIRECTION('center_axis',(1.,0.,0.));
#10289=DIRECTION('ref_axis',(0.,0.,-1.));
#10290=DIRECTION('',(0.,0.,1.));
#10291=DIRECTION('',(0.,-1.,0.));
#10292=DIRECTION('',(0.,1.,0.));
#10293=DIRECTION('center_axis',(-0.894427190999896,0.447213595499998,0.));
#10294=DIRECTION('ref_axis',(0.,0.,-1.));
#10295=DIRECTION('',(-0.408248290463896,-0.816496580927693,0.408248290463896));
#10296=DIRECTION('',(0.,0.,-1.));
#10297=DIRECTION('',(-0.408248290463896,-0.816496580927693,-0.408248290463896));
#10298=DIRECTION('center_axis',(0.,0.447213595499998,-0.894427190999896));
#10299=DIRECTION('ref_axis',(-1.,0.,0.));
#10300=DIRECTION('',(-1.,0.,0.));
#10301=DIRECTION('',(-1.,0.,0.));
#10302=DIRECTION('',(0.408248290463896,-0.816496580927693,-0.408248290463896));
#10303=DIRECTION('center_axis',(0.,0.,-1.));
#10304=DIRECTION('ref_axis',(0.,1.,0.));
#10305=DIRECTION('',(0.,1.,0.));
#10306=DIRECTION('center_axis',(0.,0.,-1.));
#10307=DIRECTION('ref_axis',(0.,1.,0.));
#10308=DIRECTION('',(-1.,0.,0.));
#10309=DIRECTION('',(0.,1.,0.));
#10310=DIRECTION('center_axis',(1.,0.,0.));
#10311=DIRECTION('ref_axis',(0.,0.,-1.));
#10312=DIRECTION('',(0.,0.,1.));
#10313=DIRECTION('',(0.,-1.,0.));
#10314=DIRECTION('center_axis',(1.,0.,0.));
#10315=DIRECTION('ref_axis',(0.,0.,-1.));
#10316=DIRECTION('',(0.,0.,-1.));
#10317=DIRECTION('',(0.,-1.,0.));
#10318=DIRECTION('center_axis',(0.894427190999896,0.447213595499998,0.));
#10319=DIRECTION('ref_axis',(0.,0.,-1.));
#10320=DIRECTION('',(0.,0.,1.));
#10321=DIRECTION('',(0.408248290463896,-0.816496580927693,0.408248290463896));
#10322=DIRECTION('center_axis',(0.,1.,0.));
#10323=DIRECTION('ref_axis',(0.,0.,1.));
#10324=DIRECTION('',(-1.,0.,0.));
#10325=DIRECTION('center_axis',(0.,0.447213595499998,0.894427190999896));
#10326=DIRECTION('ref_axis',(-1.,0.,0.));
#10327=DIRECTION('',(-1.,0.,0.));
#10328=DIRECTION('center_axis',(0.,0.,1.));
#10329=DIRECTION('ref_axis',(0.,-1.,0.));
#10330=DIRECTION('center_axis',(0.,0.,1.));
#10331=DIRECTION('ref_axis',(0.,-1.,0.));
#10332=DIRECTION('',(-1.,0.,0.));
#10333=DIRECTION('center_axis',(0.,-0.447213595499998,0.894427190999896));
#10334=DIRECTION('ref_axis',(-1.,0.,0.));
#10335=DIRECTION('',(-0.408248290463896,0.816496580927693,0.408248290463896));
#10336=DIRECTION('',(-1.,0.,0.));
#10337=DIRECTION('',(0.408248290463896,0.816496580927693,0.408248290463896));
#10338=DIRECTION('center_axis',(0.894427190999896,-0.447213595499998,0.));
#10339=DIRECTION('ref_axis',(0.,0.,-1.));
#10340=DIRECTION('',(0.,0.,-1.));
#10341=DIRECTION('',(-0.408248290463896,-0.816496580927693,0.408248290463896));
#10342=DIRECTION('center_axis',(0.,-1.,0.));
#10343=DIRECTION('ref_axis',(0.,0.,-1.));
#10344=DIRECTION('',(-1.,0.,0.));
#10345=DIRECTION('',(0.,0.,1.));
#10346=DIRECTION('center_axis',(0.,-0.447213595499998,-0.894427190999896));
#10347=DIRECTION('ref_axis',(-1.,0.,0.));
#10348=DIRECTION('',(-0.408248290463896,0.816496580927693,-0.408248290463896));
#10349=DIRECTION('center_axis',(-0.894427190999896,-0.447213595499998,0.));
#10350=DIRECTION('ref_axis',(0.,0.,-1.));
#10351=DIRECTION('center_axis',(0.707106781186498,0.,0.707106781186598));
#10352=DIRECTION('ref_axis',(0.707106781186598,0.,-0.707106781186498));
#10353=DIRECTION('center_axis',(1.,0.,0.));
#10354=DIRECTION('ref_axis',(0.,0.,-1.));
#10355=DIRECTION('',(0.,0.,-1.));
#10356=DIRECTION('',(0.,1.,0.));
#10357=DIRECTION('',(0.,-1.,0.));
#10358=DIRECTION('center_axis',(1.,0.,0.));
#10359=DIRECTION('ref_axis',(0.,0.,-1.));
#10360=DIRECTION('',(0.,0.,1.));
#10361=DIRECTION('',(0.,-1.,0.));
#10362=DIRECTION('',(0.,1.,0.));
#10363=DIRECTION('center_axis',(-0.894427190999896,0.447213595499998,0.));
#10364=DIRECTION('ref_axis',(0.,0.,-1.));
#10365=DIRECTION('',(-0.408248290463896,-0.816496580927693,0.408248290463896));
#10366=DIRECTION('',(0.,0.,-1.));
#10367=DIRECTION('',(-0.408248290463896,-0.816496580927693,-0.408248290463896));
#10368=DIRECTION('center_axis',(0.,0.447213595499998,-0.894427190999896));
#10369=DIRECTION('ref_axis',(-1.,0.,0.));
#10370=DIRECTION('',(-1.,0.,0.));
#10371=DIRECTION('',(-1.,0.,0.));
#10372=DIRECTION('',(0.408248290463896,-0.816496580927693,-0.408248290463896));
#10373=DIRECTION('center_axis',(0.,0.,-1.));
#10374=DIRECTION('ref_axis',(0.,1.,0.));
#10375=DIRECTION('',(0.,1.,0.));
#10376=DIRECTION('center_axis',(0.,0.,-1.));
#10377=DIRECTION('ref_axis',(0.,1.,0.));
#10378=DIRECTION('',(-1.,0.,0.));
#10379=DIRECTION('',(0.,1.,0.));
#10380=DIRECTION('center_axis',(1.,0.,0.));
#10381=DIRECTION('ref_axis',(0.,0.,-1.));
#10382=DIRECTION('',(0.,0.,1.));
#10383=DIRECTION('',(0.,-1.,0.));
#10384=DIRECTION('center_axis',(1.,0.,0.));
#10385=DIRECTION('ref_axis',(0.,0.,-1.));
#10386=DIRECTION('',(0.,0.,-1.));
#10387=DIRECTION('',(0.,-1.,0.));
#10388=DIRECTION('center_axis',(0.894427190999896,0.447213595499998,0.));
#10389=DIRECTION('ref_axis',(0.,0.,-1.));
#10390=DIRECTION('',(0.,0.,1.));
#10391=DIRECTION('',(0.408248290463896,-0.816496580927693,0.408248290463896));
#10392=DIRECTION('center_axis',(0.,1.,0.));
#10393=DIRECTION('ref_axis',(0.,0.,1.));
#10394=DIRECTION('',(-1.,0.,0.));
#10395=DIRECTION('center_axis',(0.,0.447213595499998,0.894427190999896));
#10396=DIRECTION('ref_axis',(-1.,0.,0.));
#10397=DIRECTION('',(-1.,0.,0.));
#10398=DIRECTION('center_axis',(0.,0.,1.));
#10399=DIRECTION('ref_axis',(0.,-1.,0.));
#10400=DIRECTION('center_axis',(0.,0.,1.));
#10401=DIRECTION('ref_axis',(0.,-1.,0.));
#10402=DIRECTION('',(-1.,0.,0.));
#10403=DIRECTION('center_axis',(0.,-0.447213595499998,0.894427190999896));
#10404=DIRECTION('ref_axis',(-1.,0.,0.));
#10405=DIRECTION('',(-0.408248290463896,0.816496580927693,0.408248290463896));
#10406=DIRECTION('',(-1.,0.,0.));
#10407=DIRECTION('',(0.408248290463896,0.816496580927693,0.408248290463896));
#10408=DIRECTION('center_axis',(0.894427190999896,-0.447213595499998,0.));
#10409=DIRECTION('ref_axis',(0.,0.,-1.));
#10410=DIRECTION('',(0.,0.,-1.));
#10411=DIRECTION('',(-0.408248290463896,-0.816496580927693,0.408248290463896));
#10412=DIRECTION('center_axis',(0.,-1.,0.));
#10413=DIRECTION('ref_axis',(0.,0.,-1.));
#10414=DIRECTION('',(-1.,0.,0.));
#10415=DIRECTION('',(0.,0.,1.));
#10416=DIRECTION('center_axis',(0.,-0.447213595499998,-0.894427190999896));
#10417=DIRECTION('ref_axis',(-1.,0.,0.));
#10418=DIRECTION('',(-0.408248290463896,0.816496580927693,-0.408248290463896));
#10419=DIRECTION('center_axis',(-0.894427190999896,-0.447213595499998,0.));
#10420=DIRECTION('ref_axis',(0.,0.,-1.));
#10421=DIRECTION('center_axis',(0.707106781186548,0.,0.707106781186548));
#10422=DIRECTION('ref_axis',(0.707106781186548,0.,-0.707106781186548));
#10423=DIRECTION('center_axis',(1.,0.,0.));
#10424=DIRECTION('ref_axis',(0.,0.,-1.));
#10425=DIRECTION('',(0.,0.,-1.));
#10426=DIRECTION('',(0.,1.,0.));
#10427=DIRECTION('',(0.,-1.,0.));
#10428=DIRECTION('center_axis',(1.,0.,0.));
#10429=DIRECTION('ref_axis',(0.,0.,-1.));
#10430=DIRECTION('',(0.,0.,1.));
#10431=DIRECTION('',(0.,-1.,0.));
#10432=DIRECTION('',(0.,1.,0.));
#10433=DIRECTION('center_axis',(-0.894427190999896,0.447213595499998,0.));
#10434=DIRECTION('ref_axis',(0.,0.,-1.));
#10435=DIRECTION('',(-0.408248290463896,-0.816496580927693,0.408248290463896));
#10436=DIRECTION('',(0.,0.,-1.));
#10437=DIRECTION('',(-0.408248290463896,-0.816496580927693,-0.408248290463896));
#10438=DIRECTION('center_axis',(0.,0.447213595499998,-0.894427190999896));
#10439=DIRECTION('ref_axis',(-1.,0.,0.));
#10440=DIRECTION('',(-1.,0.,0.));
#10441=DIRECTION('',(-1.,0.,0.));
#10442=DIRECTION('',(0.408248290463896,-0.816496580927693,-0.408248290463896));
#10443=DIRECTION('center_axis',(0.,0.,-1.));
#10444=DIRECTION('ref_axis',(0.,1.,0.));
#10445=DIRECTION('',(0.,1.,0.));
#10446=DIRECTION('center_axis',(0.,0.,-1.));
#10447=DIRECTION('ref_axis',(0.,1.,0.));
#10448=DIRECTION('',(-1.,0.,0.));
#10449=DIRECTION('',(0.,1.,0.));
#10450=DIRECTION('center_axis',(1.,0.,0.));
#10451=DIRECTION('ref_axis',(0.,0.,-1.));
#10452=DIRECTION('',(0.,0.,1.));
#10453=DIRECTION('',(0.,-1.,0.));
#10454=DIRECTION('center_axis',(1.,0.,0.));
#10455=DIRECTION('ref_axis',(0.,0.,-1.));
#10456=DIRECTION('',(0.,0.,-1.));
#10457=DIRECTION('',(0.,-1.,0.));
#10458=DIRECTION('center_axis',(0.894427190999896,0.447213595499998,0.));
#10459=DIRECTION('ref_axis',(0.,0.,-1.));
#10460=DIRECTION('',(0.,0.,1.));
#10461=DIRECTION('',(0.408248290463896,-0.816496580927693,0.408248290463896));
#10462=DIRECTION('center_axis',(0.,1.,0.));
#10463=DIRECTION('ref_axis',(0.,0.,1.));
#10464=DIRECTION('',(-1.,0.,0.));
#10465=DIRECTION('center_axis',(0.,0.447213595499998,0.894427190999896));
#10466=DIRECTION('ref_axis',(-1.,0.,0.));
#10467=DIRECTION('',(-1.,0.,0.));
#10468=DIRECTION('center_axis',(0.,0.,1.));
#10469=DIRECTION('ref_axis',(0.,-1.,0.));
#10470=DIRECTION('center_axis',(0.,0.,1.));
#10471=DIRECTION('ref_axis',(0.,-1.,0.));
#10472=DIRECTION('',(-1.,0.,0.));
#10473=DIRECTION('center_axis',(0.,-0.447213595499998,0.894427190999896));
#10474=DIRECTION('ref_axis',(-1.,0.,0.));
#10475=DIRECTION('',(-0.408248290463896,0.816496580927693,0.408248290463896));
#10476=DIRECTION('',(-1.,0.,0.));
#10477=DIRECTION('',(0.408248290463896,0.816496580927693,0.408248290463896));
#10478=DIRECTION('center_axis',(0.894427190999896,-0.447213595499998,0.));
#10479=DIRECTION('ref_axis',(0.,0.,-1.));
#10480=DIRECTION('',(0.,0.,-1.));
#10481=DIRECTION('',(-0.408248290463896,-0.816496580927693,0.408248290463896));
#10482=DIRECTION('center_axis',(0.,-1.,0.));
#10483=DIRECTION('ref_axis',(0.,0.,-1.));
#10484=DIRECTION('',(-1.,0.,0.));
#10485=DIRECTION('',(0.,0.,1.));
#10486=DIRECTION('center_axis',(0.,-0.447213595499998,-0.894427190999896));
#10487=DIRECTION('ref_axis',(-1.,0.,0.));
#10488=DIRECTION('',(-0.408248290463896,0.816496580927693,-0.408248290463896));
#10489=DIRECTION('center_axis',(-0.894427190999896,-0.447213595499998,0.));
#10490=DIRECTION('ref_axis',(0.,0.,-1.));
#10491=DIRECTION('center_axis',(0.707106781186548,0.,0.707106781186548));
#10492=DIRECTION('ref_axis',(0.707106781186548,0.,-0.707106781186548));
#10493=DIRECTION('center_axis',(1.,0.,0.));
#10494=DIRECTION('ref_axis',(0.,0.,-1.));
#10495=DIRECTION('',(0.,0.,-1.));
#10496=DIRECTION('',(0.,1.,0.));
#10497=DIRECTION('',(0.,-1.,0.));
#10498=DIRECTION('center_axis',(1.,0.,0.));
#10499=DIRECTION('ref_axis',(0.,0.,-1.));
#10500=DIRECTION('',(0.,0.,1.));
#10501=DIRECTION('',(0.,-1.,0.));
#10502=DIRECTION('',(0.,1.,0.));
#10503=DIRECTION('center_axis',(-0.894427190999896,0.447213595499998,0.));
#10504=DIRECTION('ref_axis',(0.,0.,-1.));
#10505=DIRECTION('',(-0.408248290463896,-0.816496580927693,0.408248290463896));
#10506=DIRECTION('',(0.,0.,-1.));
#10507=DIRECTION('',(-0.408248290463896,-0.816496580927693,-0.408248290463896));
#10508=DIRECTION('center_axis',(0.,0.447213595499998,-0.894427190999896));
#10509=DIRECTION('ref_axis',(-1.,0.,0.));
#10510=DIRECTION('',(-1.,0.,0.));
#10511=DIRECTION('',(-1.,0.,0.));
#10512=DIRECTION('',(0.408248290463896,-0.816496580927693,-0.408248290463896));
#10513=DIRECTION('center_axis',(0.,0.,-1.));
#10514=DIRECTION('ref_axis',(0.,1.,0.));
#10515=DIRECTION('',(0.,1.,0.));
#10516=DIRECTION('center_axis',(0.,0.,-1.));
#10517=DIRECTION('ref_axis',(0.,1.,0.));
#10518=DIRECTION('',(-1.,0.,0.));
#10519=DIRECTION('',(0.,1.,0.));
#10520=DIRECTION('center_axis',(1.,0.,0.));
#10521=DIRECTION('ref_axis',(0.,0.,-1.));
#10522=DIRECTION('',(0.,0.,1.));
#10523=DIRECTION('',(0.,-1.,0.));
#10524=DIRECTION('center_axis',(1.,0.,0.));
#10525=DIRECTION('ref_axis',(0.,0.,-1.));
#10526=DIRECTION('',(0.,0.,-1.));
#10527=DIRECTION('',(0.,-1.,0.));
#10528=DIRECTION('center_axis',(0.894427190999896,0.447213595499998,0.));
#10529=DIRECTION('ref_axis',(0.,0.,-1.));
#10530=DIRECTION('',(0.,0.,1.));
#10531=DIRECTION('',(0.408248290463896,-0.816496580927693,0.408248290463896));
#10532=DIRECTION('center_axis',(0.,1.,0.));
#10533=DIRECTION('ref_axis',(0.,0.,1.));
#10534=DIRECTION('',(-1.,0.,0.));
#10535=DIRECTION('center_axis',(0.,0.447213595499998,0.894427190999896));
#10536=DIRECTION('ref_axis',(-1.,0.,0.));
#10537=DIRECTION('',(-1.,0.,0.));
#10538=DIRECTION('center_axis',(0.,0.,1.));
#10539=DIRECTION('ref_axis',(0.,-1.,0.));
#10540=DIRECTION('center_axis',(0.,0.,1.));
#10541=DIRECTION('ref_axis',(0.,-1.,0.));
#10542=DIRECTION('',(-1.,0.,0.));
#10543=DIRECTION('center_axis',(0.,-0.447213595499998,0.894427190999896));
#10544=DIRECTION('ref_axis',(-1.,0.,0.));
#10545=DIRECTION('',(-0.408248290463896,0.816496580927693,0.408248290463896));
#10546=DIRECTION('',(-1.,0.,0.));
#10547=DIRECTION('',(0.408248290463896,0.816496580927693,0.408248290463896));
#10548=DIRECTION('center_axis',(0.894427190999896,-0.447213595499998,0.));
#10549=DIRECTION('ref_axis',(0.,0.,-1.));
#10550=DIRECTION('',(0.,0.,-1.));
#10551=DIRECTION('',(-0.408248290463896,-0.816496580927693,0.408248290463896));
#10552=DIRECTION('center_axis',(0.,-1.,0.));
#10553=DIRECTION('ref_axis',(0.,0.,-1.));
#10554=DIRECTION('',(-1.,0.,0.));
#10555=DIRECTION('',(0.,0.,1.));
#10556=DIRECTION('center_axis',(0.,-0.447213595499998,-0.894427190999896));
#10557=DIRECTION('ref_axis',(-1.,0.,0.));
#10558=DIRECTION('',(-0.408248290463896,0.816496580927693,-0.408248290463896));
#10559=DIRECTION('center_axis',(-0.894427190999896,-0.447213595499998,0.));
#10560=DIRECTION('ref_axis',(0.,0.,-1.));
#10561=DIRECTION('center_axis',(0.707106781186598,0.,0.707106781186498));
#10562=DIRECTION('ref_axis',(0.707106781186498,0.,-0.707106781186598));
#10563=DIRECTION('center_axis',(1.,0.,0.));
#10564=DIRECTION('ref_axis',(0.,0.,-1.));
#10565=DIRECTION('',(0.,0.,-1.));
#10566=DIRECTION('',(0.,1.,0.));
#10567=DIRECTION('',(0.,-1.,0.));
#10568=DIRECTION('center_axis',(1.,0.,0.));
#10569=DIRECTION('ref_axis',(0.,0.,-1.));
#10570=DIRECTION('',(0.,0.,1.));
#10571=DIRECTION('',(0.,-1.,0.));
#10572=DIRECTION('',(0.,1.,0.));
#10573=DIRECTION('center_axis',(-0.894427190999896,0.447213595499998,0.));
#10574=DIRECTION('ref_axis',(0.,0.,-1.));
#10575=DIRECTION('',(-0.408248290463896,-0.816496580927693,0.408248290463896));
#10576=DIRECTION('',(0.,0.,-1.));
#10577=DIRECTION('',(-0.408248290463896,-0.816496580927693,-0.408248290463896));
#10578=DIRECTION('center_axis',(0.,0.447213595499998,-0.894427190999896));
#10579=DIRECTION('ref_axis',(-1.,0.,0.));
#10580=DIRECTION('',(-1.,0.,0.));
#10581=DIRECTION('',(-1.,0.,0.));
#10582=DIRECTION('',(0.408248290463813,-0.816496580927726,-0.408248290463913));
#10583=DIRECTION('center_axis',(0.,0.,-1.));
#10584=DIRECTION('ref_axis',(0.,1.,0.));
#10585=DIRECTION('',(0.,1.,0.));
#10586=DIRECTION('center_axis',(0.,0.,-1.));
#10587=DIRECTION('ref_axis',(0.,1.,0.));
#10588=DIRECTION('',(-1.,0.,0.));
#10589=DIRECTION('',(0.,1.,0.));
#10590=DIRECTION('center_axis',(1.,0.,0.));
#10591=DIRECTION('ref_axis',(0.,0.,-1.));
#10592=DIRECTION('',(0.,0.,1.));
#10593=DIRECTION('',(0.,-1.,0.));
#10594=DIRECTION('center_axis',(1.,0.,0.));
#10595=DIRECTION('ref_axis',(0.,0.,-1.));
#10596=DIRECTION('',(0.,0.,-1.));
#10597=DIRECTION('',(0.,-1.,0.));
#10598=DIRECTION('center_axis',(0.894427190999896,0.447213595499998,0.));
#10599=DIRECTION('ref_axis',(0.,0.,-1.));
#10600=DIRECTION('',(0.,0.,1.));
#10601=DIRECTION('',(0.408248290463813,-0.816496580927726,0.408248290463913));
#10602=DIRECTION('center_axis',(0.,1.,0.));
#10603=DIRECTION('ref_axis',(0.,0.,1.));
#10604=DIRECTION('',(-1.,0.,0.));
#10605=DIRECTION('center_axis',(0.,0.447213595499998,0.894427190999896));
#10606=DIRECTION('ref_axis',(-1.,0.,0.));
#10607=DIRECTION('',(-1.,0.,0.));
#10608=DIRECTION('center_axis',(0.,0.,1.));
#10609=DIRECTION('ref_axis',(0.,-1.,0.));
#10610=DIRECTION('center_axis',(0.,0.,1.));
#10611=DIRECTION('ref_axis',(0.,-1.,0.));
#10612=DIRECTION('',(-1.,0.,0.));
#10613=DIRECTION('center_axis',(0.,-0.447213595499998,0.894427190999896));
#10614=DIRECTION('ref_axis',(-1.,0.,0.));
#10615=DIRECTION('',(-0.408248290463896,0.816496580927693,0.408248290463896));
#10616=DIRECTION('',(-1.,0.,0.));
#10617=DIRECTION('',(0.408248290463896,0.816496580927693,0.408248290463896));
#10618=DIRECTION('center_axis',(0.894427190999896,-0.447213595499998,0.));
#10619=DIRECTION('ref_axis',(0.,0.,-1.));
#10620=DIRECTION('',(0.,0.,-1.));
#10621=DIRECTION('',(-0.408248290463896,-0.816496580927693,0.408248290463896));
#10622=DIRECTION('center_axis',(0.,-1.,0.));
#10623=DIRECTION('ref_axis',(0.,0.,-1.));
#10624=DIRECTION('',(-1.,0.,0.));
#10625=DIRECTION('',(0.,0.,1.));
#10626=DIRECTION('center_axis',(0.,-0.447213595499998,-0.894427190999896));
#10627=DIRECTION('ref_axis',(-1.,0.,0.));
#10628=DIRECTION('',(-0.408248290463896,0.816496580927693,-0.408248290463896));
#10629=DIRECTION('center_axis',(-0.894427190999896,-0.447213595499998,0.));
#10630=DIRECTION('ref_axis',(0.,0.,-1.));
#10631=DIRECTION('center_axis',(0.707106781186598,0.,0.707106781186498));
#10632=DIRECTION('ref_axis',(0.707106781186498,0.,-0.707106781186598));
#10633=DIRECTION('center_axis',(1.,0.,0.));
#10634=DIRECTION('ref_axis',(0.,0.,-1.));
#10635=DIRECTION('',(0.,0.,-1.));
#10636=DIRECTION('',(0.,1.,0.));
#10637=DIRECTION('',(0.,-1.,0.));
#10638=DIRECTION('center_axis',(1.,0.,0.));
#10639=DIRECTION('ref_axis',(0.,0.,-1.));
#10640=DIRECTION('',(0.,0.,1.));
#10641=DIRECTION('',(0.,-1.,0.));
#10642=DIRECTION('',(0.,1.,0.));
#10643=DIRECTION('center_axis',(-0.894427190999896,0.447213595499998,0.));
#10644=DIRECTION('ref_axis',(0.,0.,-1.));
#10645=DIRECTION('',(-0.408248290463896,-0.816496580927693,0.408248290463896));
#10646=DIRECTION('',(0.,0.,-1.));
#10647=DIRECTION('',(-0.408248290463896,-0.816496580927693,-0.408248290463896));
#10648=DIRECTION('center_axis',(0.,0.447213595499998,-0.894427190999896));
#10649=DIRECTION('ref_axis',(-1.,0.,0.));
#10650=DIRECTION('',(-1.,0.,0.));
#10651=DIRECTION('',(-1.,0.,0.));
#10652=DIRECTION('',(0.408248290463896,-0.816496580927693,-0.408248290463896));
#10653=DIRECTION('center_axis',(0.,0.,-1.));
#10654=DIRECTION('ref_axis',(0.,1.,0.));
#10655=DIRECTION('',(0.,1.,0.));
#10656=DIRECTION('center_axis',(0.,0.,-1.));
#10657=DIRECTION('ref_axis',(0.,1.,0.));
#10658=DIRECTION('',(-1.,0.,0.));
#10659=DIRECTION('',(0.,1.,0.));
#10660=DIRECTION('center_axis',(1.,0.,0.));
#10661=DIRECTION('ref_axis',(0.,0.,-1.));
#10662=DIRECTION('',(0.,0.,1.));
#10663=DIRECTION('',(0.,-1.,0.));
#10664=DIRECTION('center_axis',(1.,0.,0.));
#10665=DIRECTION('ref_axis',(0.,0.,-1.));
#10666=DIRECTION('',(0.,0.,-1.));
#10667=DIRECTION('',(0.,-1.,0.));
#10668=DIRECTION('center_axis',(0.894427190999896,0.447213595499998,0.));
#10669=DIRECTION('ref_axis',(0.,0.,-1.));
#10670=DIRECTION('',(0.,0.,1.));
#10671=DIRECTION('',(0.408248290463896,-0.816496580927693,0.408248290463896));
#10672=DIRECTION('center_axis',(0.,1.,0.));
#10673=DIRECTION('ref_axis',(0.,0.,1.));
#10674=DIRECTION('',(-1.,0.,0.));
#10675=DIRECTION('center_axis',(0.,0.447213595499998,0.894427190999896));
#10676=DIRECTION('ref_axis',(-1.,0.,0.));
#10677=DIRECTION('',(-1.,0.,0.));
#10678=DIRECTION('center_axis',(0.,0.,1.));
#10679=DIRECTION('ref_axis',(0.,-1.,0.));
#10680=DIRECTION('center_axis',(0.,0.,1.));
#10681=DIRECTION('ref_axis',(0.,-1.,0.));
#10682=DIRECTION('',(-1.,0.,0.));
#10683=DIRECTION('center_axis',(0.,-0.447213595499998,0.894427190999896));
#10684=DIRECTION('ref_axis',(-1.,0.,0.));
#10685=DIRECTION('',(-0.408248290463896,0.816496580927693,0.408248290463896));
#10686=DIRECTION('',(-1.,0.,0.));
#10687=DIRECTION('',(0.408248290463896,0.816496580927693,0.408248290463896));
#10688=DIRECTION('center_axis',(0.894427190999896,-0.447213595499998,0.));
#10689=DIRECTION('ref_axis',(0.,0.,-1.));
#10690=DIRECTION('',(1.42108547152E-14,0.,-1.));
#10691=DIRECTION('',(-0.408248290463896,-0.816496580927693,0.408248290463896));
#10692=DIRECTION('center_axis',(0.,-1.,0.));
#10693=DIRECTION('ref_axis',(0.,0.,-1.));
#10694=DIRECTION('',(-1.,0.,0.));
#10695=DIRECTION('',(0.,0.,1.));
#10696=DIRECTION('center_axis',(0.,-0.447213595499998,-0.894427190999896));
#10697=DIRECTION('ref_axis',(-1.,0.,0.));
#10698=DIRECTION('',(-0.408248290463896,0.816496580927693,-0.408248290463896));
#10699=DIRECTION('center_axis',(-0.894427190999896,-0.447213595499998,0.));
#10700=DIRECTION('ref_axis',(0.,0.,-1.));
#10701=DIRECTION('center_axis',(0.707106781186598,0.,0.707106781186498));
#10702=DIRECTION('ref_axis',(0.707106781186498,0.,-0.707106781186598));
#10703=DIRECTION('center_axis',(1.,0.,0.));
#10704=DIRECTION('ref_axis',(0.,0.,-1.));
#10705=DIRECTION('',(0.,0.,-1.));
#10706=DIRECTION('',(0.,1.,0.));
#10707=DIRECTION('',(0.,-1.,0.));
#10708=DIRECTION('center_axis',(1.,0.,0.));
#10709=DIRECTION('ref_axis',(0.,0.,-1.));
#10710=DIRECTION('',(0.,0.,1.));
#10711=DIRECTION('',(0.,-1.,0.));
#10712=DIRECTION('',(0.,1.,0.));
#10713=DIRECTION('center_axis',(-0.894427190999896,0.447213595499998,0.));
#10714=DIRECTION('ref_axis',(0.,0.,-1.));
#10715=DIRECTION('',(-0.408248290463896,-0.816496580927693,0.408248290463896));
#10716=DIRECTION('',(0.,0.,-1.));
#10717=DIRECTION('',(-0.408248290463896,-0.816496580927693,-0.408248290463896));
#10718=DIRECTION('center_axis',(0.,0.447213595499998,-0.894427190999896));
#10719=DIRECTION('ref_axis',(-1.,0.,0.));
#10720=DIRECTION('',(-1.,0.,0.));
#10721=DIRECTION('',(-1.,0.,0.));
#10722=DIRECTION('',(0.408248290463896,-0.816496580927693,-0.408248290463896));
#10723=DIRECTION('center_axis',(0.,0.,-1.));
#10724=DIRECTION('ref_axis',(0.,1.,0.));
#10725=DIRECTION('',(0.,1.,0.));
#10726=DIRECTION('center_axis',(0.,0.,-1.));
#10727=DIRECTION('ref_axis',(0.,1.,0.));
#10728=DIRECTION('',(-1.,0.,0.));
#10729=DIRECTION('',(0.,1.,0.));
#10730=DIRECTION('center_axis',(1.,0.,0.));
#10731=DIRECTION('ref_axis',(0.,0.,-1.));
#10732=DIRECTION('',(0.,0.,1.));
#10733=DIRECTION('',(0.,-1.,0.));
#10734=DIRECTION('center_axis',(1.,0.,0.));
#10735=DIRECTION('ref_axis',(0.,0.,-1.));
#10736=DIRECTION('',(0.,0.,-1.));
#10737=DIRECTION('',(0.,-1.,0.));
#10738=DIRECTION('center_axis',(0.894427190999896,0.447213595499998,0.));
#10739=DIRECTION('ref_axis',(0.,0.,-1.));
#10740=DIRECTION('',(0.,0.,1.));
#10741=DIRECTION('',(0.408248290463896,-0.816496580927693,0.408248290463896));
#10742=DIRECTION('center_axis',(0.,1.,0.));
#10743=DIRECTION('ref_axis',(0.,0.,1.));
#10744=DIRECTION('',(-1.,0.,0.));
#10745=DIRECTION('center_axis',(0.,0.447213595499998,0.894427190999896));
#10746=DIRECTION('ref_axis',(-1.,0.,0.));
#10747=DIRECTION('',(-1.,0.,0.));
#10748=DIRECTION('center_axis',(0.,0.,1.));
#10749=DIRECTION('ref_axis',(0.,-1.,0.));
#10750=DIRECTION('center_axis',(0.,0.,1.));
#10751=DIRECTION('ref_axis',(0.,-1.,0.));
#10752=DIRECTION('',(-1.,0.,0.));
#10753=DIRECTION('center_axis',(0.,-0.447213595499998,0.894427190999896));
#10754=DIRECTION('ref_axis',(-1.,0.,0.));
#10755=DIRECTION('',(-0.408248290463896,0.816496580927693,0.408248290463896));
#10756=DIRECTION('',(-1.,0.,0.));
#10757=DIRECTION('',(0.408248290463896,0.816496580927693,0.408248290463896));
#10758=DIRECTION('center_axis',(0.894427190999896,-0.447213595499998,0.));
#10759=DIRECTION('ref_axis',(0.,0.,-1.));
#10760=DIRECTION('',(0.,0.,-1.));
#10761=DIRECTION('',(-0.408248290463896,-0.816496580927693,0.408248290463896));
#10762=DIRECTION('center_axis',(0.,-1.,0.));
#10763=DIRECTION('ref_axis',(0.,0.,-1.));
#10764=DIRECTION('',(-1.,0.,0.));
#10765=DIRECTION('',(0.,0.,1.));
#10766=DIRECTION('center_axis',(0.,-0.447213595499998,-0.894427190999896));
#10767=DIRECTION('ref_axis',(-1.,0.,0.));
#10768=DIRECTION('',(-0.408248290463896,0.816496580927693,-0.408248290463896));
#10769=DIRECTION('center_axis',(-0.894427190999896,-0.447213595499998,0.));
#10770=DIRECTION('ref_axis',(0.,0.,-1.));
#10771=DIRECTION('center_axis',(1.,0.,0.));
#10772=DIRECTION('ref_axis',(0.,0.,-1.));
#10773=DIRECTION('',(0.,0.,-1.));
#10774=DIRECTION('',(0.,1.,0.));
#10775=DIRECTION('',(0.,-1.,0.));
#10776=DIRECTION('center_axis',(1.,0.,0.));
#10777=DIRECTION('ref_axis',(0.,0.,-1.));
#10778=DIRECTION('',(0.,0.,1.));
#10779=DIRECTION('',(0.,-1.,0.));
#10780=DIRECTION('',(0.,1.,0.));
#10781=DIRECTION('center_axis',(-0.894427190999896,0.447213595499998,0.));
#10782=DIRECTION('ref_axis',(0.,0.,-1.));
#10783=DIRECTION('',(-0.408248290463896,-0.816496580927693,0.408248290463896));
#10784=DIRECTION('',(0.,0.,-1.));
#10785=DIRECTION('',(-0.408248290463896,-0.816496580927693,-0.408248290463896));
#10786=DIRECTION('center_axis',(0.,0.447213595499998,-0.894427190999896));
#10787=DIRECTION('ref_axis',(-1.,0.,0.));
#10788=DIRECTION('',(-1.,0.,0.));
#10789=DIRECTION('',(-1.,0.,0.));
#10790=DIRECTION('',(0.408248290463896,-0.816496580927693,-0.408248290463896));
#10791=DIRECTION('center_axis',(0.,0.,-1.));
#10792=DIRECTION('ref_axis',(0.,1.,0.));
#10793=DIRECTION('',(0.,1.,0.));
#10794=DIRECTION('center_axis',(0.,0.,-1.));
#10795=DIRECTION('ref_axis',(0.,1.,0.));
#10796=DIRECTION('',(-1.,0.,0.));
#10797=DIRECTION('',(0.,1.,0.));
#10798=DIRECTION('center_axis',(1.,0.,0.));
#10799=DIRECTION('ref_axis',(0.,0.,-1.));
#10800=DIRECTION('',(0.,0.,1.));
#10801=DIRECTION('',(0.,-1.,0.));
#10802=DIRECTION('center_axis',(1.,0.,0.));
#10803=DIRECTION('ref_axis',(0.,0.,-1.));
#10804=DIRECTION('',(0.,0.,-1.));
#10805=DIRECTION('',(0.,-1.,0.));
#10806=DIRECTION('center_axis',(0.894427190999896,0.447213595499998,0.));
#10807=DIRECTION('ref_axis',(0.,0.,-1.));
#10808=DIRECTION('',(0.,0.,1.));
#10809=DIRECTION('',(0.408248290463896,-0.816496580927693,0.408248290463896));
#10810=DIRECTION('center_axis',(0.,1.,0.));
#10811=DIRECTION('ref_axis',(0.,0.,1.));
#10812=DIRECTION('',(-1.,0.,0.));
#10813=DIRECTION('center_axis',(0.,0.447213595499998,0.894427190999896));
#10814=DIRECTION('ref_axis',(-1.,0.,0.));
#10815=DIRECTION('',(-1.,0.,0.));
#10816=DIRECTION('center_axis',(0.,0.,1.));
#10817=DIRECTION('ref_axis',(0.,-1.,0.));
#10818=DIRECTION('center_axis',(0.,0.,1.));
#10819=DIRECTION('ref_axis',(0.,-1.,0.));
#10820=DIRECTION('',(-1.,0.,0.));
#10821=DIRECTION('center_axis',(0.,-0.447213595499998,0.894427190999896));
#10822=DIRECTION('ref_axis',(-1.,0.,0.));
#10823=DIRECTION('',(-0.408248290463896,0.816496580927693,0.408248290463896));
#10824=DIRECTION('',(-1.,0.,0.));
#10825=DIRECTION('',(0.408248290463896,0.816496580927693,0.408248290463896));
#10826=DIRECTION('center_axis',(0.894427190999896,-0.447213595499998,0.));
#10827=DIRECTION('ref_axis',(0.,0.,-1.));
#10828=DIRECTION('',(0.,0.,-1.));
#10829=DIRECTION('',(-0.408248290463896,-0.816496580927693,0.408248290463896));
#10830=DIRECTION('center_axis',(0.,-1.,0.));
#10831=DIRECTION('ref_axis',(0.,0.,-1.));
#10832=DIRECTION('',(-1.,0.,0.));
#10833=DIRECTION('',(0.,0.,1.));
#10834=DIRECTION('center_axis',(0.,-0.447213595499998,-0.894427190999896));
#10835=DIRECTION('ref_axis',(-1.,0.,0.));
#10836=DIRECTION('',(-0.408248290463896,0.816496580927693,-0.408248290463896));
#10837=DIRECTION('center_axis',(-0.894427190999896,-0.447213595499998,0.));
#10838=DIRECTION('ref_axis',(0.,0.,-1.));
#10839=DIRECTION('',(0.,-1.,-2.77555756156289E-16));
#10840=DIRECTION('',(1.,1.10271477864494E-80,-3.97294869296104E-65));
#10841=DIRECTION('axis',(0.,0.,1.));
#10842=DIRECTION('refdir',(1.,0.,0.));
#10843=DIRECTION('center_axis',(-0.0118399885826008,-0.999929904878519,
0.));
#10844=DIRECTION('ref_axis',(0.990030691628938,-0.0117227737945642,0.140363122675752));
#10845=DIRECTION('center_axis',(0.,0.,-1.));
#10846=DIRECTION('ref_axis',(-1.,0.,0.));
#10847=DIRECTION('center_axis',(0.,0.,1.));
#10848=DIRECTION('ref_axis',(-1.,0.,0.));
#10849=DIRECTION('center_axis',(0.,0.,1.));
#10850=DIRECTION('ref_axis',(1.,0.,0.));
#10851=DIRECTION('axis',(0.,0.,1.));
#10852=DIRECTION('refdir',(1.,0.,0.));
#10853=DIRECTION('center_axis',(-0.0118399885826344,-0.999929904878519,
0.));
#10854=DIRECTION('ref_axis',(0.990030691628938,-0.0117227737945975,0.140363122675752));
#10855=DIRECTION('center_axis',(0.,0.,-1.));
#10856=DIRECTION('ref_axis',(-1.,0.,0.));
#10857=DIRECTION('center_axis',(0.,0.,1.));
#10858=DIRECTION('ref_axis',(-1.,0.,0.));
#10859=DIRECTION('center_axis',(0.,0.,1.));
#10860=DIRECTION('ref_axis',(1.,0.,0.));
#10861=DIRECTION('axis',(0.,0.,1.));
#10862=DIRECTION('refdir',(1.,0.,0.));
#10863=DIRECTION('center_axis',(-0.0118399885825896,-0.999929904878519,
0.));
#10864=DIRECTION('ref_axis',(0.990030691628938,-0.0117227737945531,0.140363122675752));
#10865=DIRECTION('center_axis',(0.,0.,-1.));
#10866=DIRECTION('ref_axis',(-1.,0.,0.));
#10867=DIRECTION('center_axis',(0.,0.,1.));
#10868=DIRECTION('ref_axis',(-1.,0.,0.));
#10869=DIRECTION('center_axis',(0.,0.,1.));
#10870=DIRECTION('ref_axis',(1.,0.,0.));
#10871=DIRECTION('axis',(0.,0.,1.));
#10872=DIRECTION('refdir',(1.,0.,0.));
#10873=DIRECTION('center_axis',(-0.011839988582612,-0.999929904878519,0.));
#10874=DIRECTION('ref_axis',(0.990030691628938,-0.0117227737945753,0.140363122675752));
#10875=DIRECTION('center_axis',(0.,0.,-1.));
#10876=DIRECTION('ref_axis',(-1.,0.,0.));
#10877=DIRECTION('center_axis',(0.,0.,1.));
#10878=DIRECTION('ref_axis',(-1.,0.,0.));
#10879=DIRECTION('center_axis',(0.,0.,1.));
#10880=DIRECTION('ref_axis',(1.,0.,0.));
#10881=DIRECTION('axis',(0.,0.,1.));
#10882=DIRECTION('refdir',(1.,0.,0.));
#10883=DIRECTION('center_axis',(-0.0118399885826008,-0.999929904878519,
0.));
#10884=DIRECTION('ref_axis',(0.990030691628938,-0.0117227737945642,0.140363122675752));
#10885=DIRECTION('center_axis',(0.,0.,-1.));
#10886=DIRECTION('ref_axis',(-1.,0.,0.));
#10887=DIRECTION('center_axis',(0.,0.,1.));
#10888=DIRECTION('ref_axis',(-1.,0.,0.));
#10889=DIRECTION('center_axis',(0.,0.,1.));
#10890=DIRECTION('ref_axis',(1.,0.,0.));
#10891=DIRECTION('axis',(0.,0.,1.));
#10892=DIRECTION('refdir',(1.,0.,0.));
#10893=DIRECTION('center_axis',(-0.011839988582612,-0.999929904878519,0.));
#10894=DIRECTION('ref_axis',(0.990030691628938,-0.0117227737945753,0.140363122675752));
#10895=DIRECTION('center_axis',(0.,0.,-1.));
#10896=DIRECTION('ref_axis',(-1.,0.,0.));
#10897=DIRECTION('center_axis',(0.,0.,1.));
#10898=DIRECTION('ref_axis',(-1.,0.,0.));
#10899=DIRECTION('center_axis',(0.,0.,1.));
#10900=DIRECTION('ref_axis',(1.,0.,0.));
#10901=DIRECTION('axis',(0.,0.,1.));
#10902=DIRECTION('refdir',(1.,0.,0.));
#10903=DIRECTION('center_axis',(-0.011839988582612,-0.999929904878519,0.));
#10904=DIRECTION('ref_axis',(0.990030691628938,-0.0117227737945753,0.140363122675752));
#10905=DIRECTION('center_axis',(0.,0.,-1.));
#10906=DIRECTION('ref_axis',(-1.,0.,0.));
#10907=DIRECTION('center_axis',(0.,0.,1.));
#10908=DIRECTION('ref_axis',(-1.,0.,0.));
#10909=DIRECTION('center_axis',(0.,0.,1.));
#10910=DIRECTION('ref_axis',(1.,0.,0.));
#10911=DIRECTION('axis',(0.,0.,1.));
#10912=DIRECTION('refdir',(1.,0.,0.));
#10913=DIRECTION('center_axis',(-0.0118399885826036,-0.999929904878519,
0.));
#10914=DIRECTION('ref_axis',(0.990030691628939,-0.011722773794567,0.140363122675747));
#10915=DIRECTION('center_axis',(0.,0.,-1.));
#10916=DIRECTION('ref_axis',(-1.,0.,0.));
#10917=DIRECTION('center_axis',(0.,0.,1.));
#10918=DIRECTION('ref_axis',(-1.,0.,0.));
#10919=DIRECTION('center_axis',(0.,0.,1.));
#10920=DIRECTION('ref_axis',(1.,0.,0.));
#10921=DIRECTION('axis',(0.,0.,1.));
#10922=DIRECTION('refdir',(1.,0.,0.));
#10923=DIRECTION('center_axis',(-0.0118399885826103,-0.999929904878519,
0.));
#10924=DIRECTION('ref_axis',(0.990030691628936,-0.0117227737945736,0.140363122675765));
#10925=DIRECTION('center_axis',(0.,0.,-1.));
#10926=DIRECTION('ref_axis',(-1.,0.,0.));
#10927=DIRECTION('center_axis',(0.,0.,1.));
#10928=DIRECTION('ref_axis',(-1.,0.,0.));
#10929=DIRECTION('center_axis',(0.,0.,1.));
#10930=DIRECTION('ref_axis',(1.,0.,0.));
#10931=DIRECTION('axis',(0.,0.,1.));
#10932=DIRECTION('refdir',(1.,0.,0.));
#10933=DIRECTION('center_axis',(-0.0118399885826131,-0.999929904878519,
0.));
#10934=DIRECTION('ref_axis',(0.990030691628936,-0.0117227737945764,0.140363122675765));
#10935=DIRECTION('center_axis',(0.,0.,-1.));
#10936=DIRECTION('ref_axis',(-1.,0.,0.));
#10937=DIRECTION('center_axis',(0.,0.,1.));
#10938=DIRECTION('ref_axis',(-1.,0.,0.));
#10939=DIRECTION('center_axis',(0.,0.,1.));
#10940=DIRECTION('ref_axis',(1.,0.,0.));
#10941=DIRECTION('axis',(0.,0.,1.));
#10942=DIRECTION('refdir',(1.,0.,0.));
#10943=DIRECTION('center_axis',(-0.0118399885826019,-0.999929904878519,
0.));
#10944=DIRECTION('ref_axis',(0.990030691628936,-0.0117227737945653,0.140363122675765));
#10945=DIRECTION('center_axis',(0.,0.,-1.));
#10946=DIRECTION('ref_axis',(-1.,0.,0.));
#10947=DIRECTION('center_axis',(0.,0.,1.));
#10948=DIRECTION('ref_axis',(-1.,0.,0.));
#10949=DIRECTION('center_axis',(0.,0.,1.));
#10950=DIRECTION('ref_axis',(1.,0.,0.));
#10951=DIRECTION('axis',(0.,0.,1.));
#10952=DIRECTION('refdir',(1.,0.,0.));
#10953=DIRECTION('center_axis',(-0.011839988582612,-0.999929904878519,0.));
#10954=DIRECTION('ref_axis',(0.990030691628938,-0.0117227737945753,0.140363122675752));
#10955=DIRECTION('center_axis',(0.,0.,-1.));
#10956=DIRECTION('ref_axis',(-1.,0.,0.));
#10957=DIRECTION('center_axis',(0.,0.,1.));
#10958=DIRECTION('ref_axis',(-1.,0.,0.));
#10959=DIRECTION('center_axis',(0.,0.,1.));
#10960=DIRECTION('ref_axis',(1.,0.,0.));
#10961=DIRECTION('axis',(0.,0.,1.));
#10962=DIRECTION('refdir',(1.,0.,0.));
#10963=DIRECTION('center_axis',(-0.0118399885826355,-0.999929904878519,
0.));
#10964=DIRECTION('ref_axis',(0.990030691628936,-0.0117227737945986,0.140363122675765));
#10965=DIRECTION('center_axis',(0.,0.,-1.));
#10966=DIRECTION('ref_axis',(-1.,0.,0.));
#10967=DIRECTION('center_axis',(0.,0.,1.));
#10968=DIRECTION('ref_axis',(-1.,0.,0.));
#10969=DIRECTION('center_axis',(0.,0.,1.));
#10970=DIRECTION('ref_axis',(1.,0.,0.));
#10971=DIRECTION('axis',(0.,0.,1.));
#10972=DIRECTION('refdir',(1.,0.,0.));
#10973=DIRECTION('center_axis',(-0.0118399885825907,-0.999929904878519,
0.));
#10974=DIRECTION('ref_axis',(0.990030691628936,-0.0117227737945542,0.140363122675765));
#10975=DIRECTION('center_axis',(0.,0.,-1.));
#10976=DIRECTION('ref_axis',(-1.,0.,0.));
#10977=DIRECTION('center_axis',(0.,0.,1.));
#10978=DIRECTION('ref_axis',(-1.,0.,0.));
#10979=DIRECTION('center_axis',(0.,0.,1.));
#10980=DIRECTION('ref_axis',(1.,0.,0.));
#10981=DIRECTION('axis',(0.,0.,1.));
#10982=DIRECTION('refdir',(1.,0.,0.));
#10983=DIRECTION('center_axis',(0.,1.,0.));
#10984=DIRECTION('ref_axis',(-1.,0.,0.));
#10985=DIRECTION('',(1.,0.,0.));
#10986=DIRECTION('',(0.,0.,1.));
#10987=DIRECTION('',(-1.,0.,0.));
#10988=DIRECTION('',(0.,0.,1.));
#10989=DIRECTION('center_axis',(1.,0.,0.));
#10990=DIRECTION('ref_axis',(0.,1.,0.));
#10991=DIRECTION('',(0.,-1.,0.));
#10992=DIRECTION('',(0.,1.,0.));
#10993=DIRECTION('',(0.,0.,1.));
#10994=DIRECTION('center_axis',(0.,-1.,0.));
#10995=DIRECTION('ref_axis',(1.,0.,0.));
#10996=DIRECTION('',(-1.,0.,0.));
#10997=DIRECTION('',(1.,0.,0.));
#10998=DIRECTION('',(0.,0.,1.));
#10999=DIRECTION('center_axis',(-1.,0.,0.));
#11000=DIRECTION('ref_axis',(0.,-1.,0.));
#11001=DIRECTION('',(0.,1.,0.));
#11002=DIRECTION('',(0.,-1.,0.));
#11003=DIRECTION('center_axis',(0.,0.,1.));
#11004=DIRECTION('ref_axis',(1.,0.,0.));
#11005=DIRECTION('center_axis',(0.,0.,1.));
#11006=DIRECTION('ref_axis',(1.,0.,0.));
#11007=DIRECTION('center_axis',(0.,0.,1.));
#11008=DIRECTION('ref_axis',(1.,0.,0.));
#11009=DIRECTION('center_axis',(0.,0.,-1.));
#11010=DIRECTION('ref_axis',(1.,0.,0.));
#11011=DIRECTION('',(0.,0.,-1.));
#11012=DIRECTION('center_axis',(0.,0.,-1.));
#11013=DIRECTION('ref_axis',(1.,0.,0.));
#11014=DIRECTION('center_axis',(0.,0.,1.));
#11015=DIRECTION('ref_axis',(1.,0.,0.));
#11016=DIRECTION('center_axis',(0.,0.,-1.));
#11017=DIRECTION('ref_axis',(1.,0.,0.));
#11018=DIRECTION('',(0.,0.,-1.));
#11019=DIRECTION('center_axis',(0.,0.,-1.));
#11020=DIRECTION('ref_axis',(1.,0.,0.));
#11021=DIRECTION('center_axis',(0.,0.,1.));
#11022=DIRECTION('ref_axis',(1.,0.,0.));
#11023=DIRECTION('center_axis',(0.,0.,-1.));
#11024=DIRECTION('ref_axis',(1.,0.,0.));
#11025=DIRECTION('',(0.,0.,-1.));
#11026=DIRECTION('center_axis',(0.,0.,-1.));
#11027=DIRECTION('ref_axis',(1.,0.,0.));
#11028=DIRECTION('center_axis',(0.,0.,1.));
#11029=DIRECTION('ref_axis',(1.,0.,0.));
#11030=DIRECTION('center_axis',(0.,0.,-1.));
#11031=DIRECTION('ref_axis',(1.,0.,0.));
#11032=DIRECTION('',(0.,0.,-1.));
#11033=DIRECTION('center_axis',(0.,0.,-1.));
#11034=DIRECTION('ref_axis',(1.,0.,0.));
#11035=DIRECTION('center_axis',(0.,0.,1.));
#11036=DIRECTION('ref_axis',(1.,0.,0.));
#11037=DIRECTION('center_axis',(0.,0.,-1.));
#11038=DIRECTION('ref_axis',(1.,0.,0.));
#11039=DIRECTION('',(0.,0.,-1.));
#11040=DIRECTION('center_axis',(0.,0.,-1.));
#11041=DIRECTION('ref_axis',(1.,0.,0.));
#11042=DIRECTION('center_axis',(0.,0.,1.));
#11043=DIRECTION('ref_axis',(1.,0.,0.));
#11044=DIRECTION('center_axis',(0.,0.,-1.));
#11045=DIRECTION('ref_axis',(1.,0.,0.));
#11046=DIRECTION('',(0.,0.,-1.));
#11047=DIRECTION('center_axis',(0.,0.,-1.));
#11048=DIRECTION('ref_axis',(1.,0.,0.));
#11049=DIRECTION('center_axis',(0.,0.,1.));
#11050=DIRECTION('ref_axis',(1.,0.,0.));
#11051=DIRECTION('center_axis',(0.,0.,-1.));
#11052=DIRECTION('ref_axis',(1.,0.,0.));
#11053=DIRECTION('',(0.,0.,-1.));
#11054=DIRECTION('center_axis',(0.,0.,-1.));
#11055=DIRECTION('ref_axis',(1.,0.,0.));
#11056=DIRECTION('center_axis',(0.,0.,1.));
#11057=DIRECTION('ref_axis',(1.,0.,0.));
#11058=DIRECTION('center_axis',(0.,0.,-1.));
#11059=DIRECTION('ref_axis',(1.,0.,0.));
#11060=DIRECTION('',(0.,0.,-1.));
#11061=DIRECTION('center_axis',(0.,0.,-1.));
#11062=DIRECTION('ref_axis',(1.,0.,0.));
#11063=DIRECTION('center_axis',(0.,0.,1.));
#11064=DIRECTION('ref_axis',(1.,0.,0.));
#11065=DIRECTION('center_axis',(0.,0.,-1.));
#11066=DIRECTION('ref_axis',(1.,0.,0.));
#11067=DIRECTION('',(0.,0.,-1.));
#11068=DIRECTION('center_axis',(0.,0.,-1.));
#11069=DIRECTION('ref_axis',(1.,0.,0.));
#11070=DIRECTION('center_axis',(0.,0.,1.));
#11071=DIRECTION('ref_axis',(1.,0.,0.));
#11072=DIRECTION('center_axis',(0.,0.,-1.));
#11073=DIRECTION('ref_axis',(1.,0.,0.));
#11074=DIRECTION('',(0.,0.,-1.));
#11075=DIRECTION('center_axis',(0.,0.,-1.));
#11076=DIRECTION('ref_axis',(1.,0.,0.));
#11077=DIRECTION('center_axis',(0.,0.,1.));
#11078=DIRECTION('ref_axis',(1.,0.,0.));
#11079=DIRECTION('center_axis',(0.,0.,-1.));
#11080=DIRECTION('ref_axis',(1.,0.,0.));
#11081=DIRECTION('',(0.,0.,-1.));
#11082=DIRECTION('center_axis',(0.,0.,-1.));
#11083=DIRECTION('ref_axis',(1.,0.,0.));
#11084=DIRECTION('center_axis',(0.,0.,1.));
#11085=DIRECTION('ref_axis',(1.,0.,0.));
#11086=DIRECTION('center_axis',(0.,0.,-1.));
#11087=DIRECTION('ref_axis',(1.,0.,0.));
#11088=DIRECTION('',(0.,0.,-1.));
#11089=DIRECTION('center_axis',(0.,0.,-1.));
#11090=DIRECTION('ref_axis',(1.,0.,0.));
#11091=DIRECTION('center_axis',(0.,0.,1.));
#11092=DIRECTION('ref_axis',(1.,0.,0.));
#11093=DIRECTION('center_axis',(0.,0.,-1.));
#11094=DIRECTION('ref_axis',(1.,0.,0.));
#11095=DIRECTION('',(0.,0.,-1.));
#11096=DIRECTION('center_axis',(0.,0.,-1.));
#11097=DIRECTION('ref_axis',(1.,0.,0.));
#11098=DIRECTION('center_axis',(0.,0.,1.));
#11099=DIRECTION('ref_axis',(1.,0.,0.));
#11100=DIRECTION('center_axis',(0.,0.,-1.));
#11101=DIRECTION('ref_axis',(1.,0.,0.));
#11102=DIRECTION('',(0.,0.,-1.));
#11103=DIRECTION('center_axis',(0.,0.,-1.));
#11104=DIRECTION('ref_axis',(1.,0.,0.));
#11105=DIRECTION('center_axis',(0.,0.,1.));
#11106=DIRECTION('ref_axis',(1.,0.,0.));
#11107=DIRECTION('center_axis',(0.,0.,-1.));
#11108=DIRECTION('ref_axis',(1.,0.,0.));
#11109=DIRECTION('',(0.,0.,-1.));
#11110=DIRECTION('center_axis',(0.,0.,-1.));
#11111=DIRECTION('ref_axis',(1.,0.,0.));
#11112=DIRECTION('center_axis',(0.,0.,1.));
#11113=DIRECTION('ref_axis',(1.,0.,0.));
#11114=DIRECTION('center_axis',(0.,0.,-1.));
#11115=DIRECTION('ref_axis',(1.,0.,0.));
#11116=DIRECTION('',(0.,0.,-1.));
#11117=DIRECTION('center_axis',(0.,0.,-1.));
#11118=DIRECTION('ref_axis',(1.,0.,0.));
#11119=DIRECTION('center_axis',(0.,0.,1.));
#11120=DIRECTION('ref_axis',(1.,0.,0.));
#11121=DIRECTION('center_axis',(0.,0.,-1.));
#11122=DIRECTION('ref_axis',(1.,0.,0.));
#11123=DIRECTION('',(0.,0.,-1.));
#11124=DIRECTION('center_axis',(0.,0.,-1.));
#11125=DIRECTION('ref_axis',(1.,0.,0.));
#11126=DIRECTION('center_axis',(0.,0.,1.));
#11127=DIRECTION('ref_axis',(1.,0.,0.));
#11128=DIRECTION('center_axis',(0.,0.,-1.));
#11129=DIRECTION('ref_axis',(1.,0.,0.));
#11130=DIRECTION('',(0.,0.,-1.));
#11131=DIRECTION('center_axis',(0.,0.,-1.));
#11132=DIRECTION('ref_axis',(1.,0.,0.));
#11133=DIRECTION('center_axis',(1.,0.,0.));
#11134=DIRECTION('ref_axis',(0.,1.,0.));
#11135=DIRECTION('',(0.,-1.,0.));
#11136=DIRECTION('',(0.,0.,1.));
#11137=DIRECTION('',(0.,1.,0.));
#11138=DIRECTION('',(0.,0.,1.));
#11139=DIRECTION('center_axis',(0.,-1.,0.));
#11140=DIRECTION('ref_axis',(1.,0.,0.));
#11141=DIRECTION('',(-1.,0.,0.));
#11142=DIRECTION('',(1.,0.,0.));
#11143=DIRECTION('',(0.,0.,1.));
#11144=DIRECTION('center_axis',(-1.,0.,0.));
#11145=DIRECTION('ref_axis',(0.,-1.,0.));
#11146=DIRECTION('',(0.,1.,0.));
#11147=DIRECTION('',(0.,-1.,0.));
#11148=DIRECTION('',(0.,0.,1.));
#11149=DIRECTION('center_axis',(0.,1.,0.));
#11150=DIRECTION('ref_axis',(-1.,0.,0.));
#11151=DIRECTION('',(1.,0.,0.));
#11152=DIRECTION('',(-1.,0.,0.));
#11153=DIRECTION('center_axis',(0.,0.,1.));
#11154=DIRECTION('ref_axis',(1.,0.,0.));
#11155=DIRECTION('center_axis',(0.,0.,1.));
#11156=DIRECTION('ref_axis',(1.,0.,0.));
#11157=DIRECTION('',(-2.27040608535845E-14,-4.99817339167376E-30,-1.));
#11158=DIRECTION('',(-1.11022302462515E-16,0.999999999999999,-2.22329352780062E-30));
#11159=DIRECTION('',(0.,0.,1.));
#11160=DIRECTION('',(1.,0.,0.));
#11161=DIRECTION('',(0.,0.,1.));
#11162=DIRECTION('',(1.,0.,0.));
#11163=DIRECTION('',(0.,0.,1.));
#11164=DIRECTION('',(1.,0.,0.));
#11165=DIRECTION('',(0.,0.,1.));
#11166=DIRECTION('',(1.,0.,0.));
#11167=DIRECTION('',(0.,0.,1.));
#11168=DIRECTION('',(1.,0.,0.));
#11169=DIRECTION('',(0.,0.,1.));
#11170=DIRECTION('',(1.,0.,0.));
#11171=DIRECTION('',(0.,0.,1.));
#11172=DIRECTION('',(1.,0.,0.));
#11173=DIRECTION('',(0.,0.,1.));
#11174=DIRECTION('',(1.,0.,0.));
#11175=DIRECTION('',(0.,0.,1.));
#11176=DIRECTION('',(1.,0.,0.));
#11177=DIRECTION('',(0.,0.,1.));
#11178=DIRECTION('',(1.,0.,0.));
#11179=DIRECTION('',(0.,0.,1.));
#11180=DIRECTION('',(1.,0.,0.));
#11181=DIRECTION('',(0.,0.,1.));
#11182=DIRECTION('',(1.,0.,0.));
#11183=DIRECTION('',(0.,0.,1.));
#11184=DIRECTION('',(1.,0.,0.));
#11185=DIRECTION('',(0.,0.,1.));
#11186=DIRECTION('',(1.,0.,0.));
#11187=DIRECTION('',(0.,0.,1.));
#11188=DIRECTION('',(1.,0.,0.));
#11189=DIRECTION('center_axis',(0.,0.,1.));
#11190=DIRECTION('ref_axis',(1.,0.,0.));
#11191=CARTESIAN_POINT('',(0.,0.,0.));
#11192=CARTESIAN_POINT('',(0.,0.,0.));
#11193=CARTESIAN_POINT('',(0.,0.,0.));
#11194=CARTESIAN_POINT('Origin',(34.29,2.54,-1.36557432028894E-16));
#11195=CARTESIAN_POINT('',(34.29,2.54,1.016));
#11196=CARTESIAN_POINT('',(34.29,2.54,-1.016));
#11197=CARTESIAN_POINT('',(34.29,2.54,-6.82787160144469E-17));
#11198=CARTESIAN_POINT('',(34.29,0.,1.016));
#11199=CARTESIAN_POINT('',(34.29,0.,1.016));
#11200=CARTESIAN_POINT('',(34.29,0.,-1.016));
#11201=CARTESIAN_POINT('',(34.29,0.,-6.82787160144469E-17));
#11202=CARTESIAN_POINT('',(34.29,0.,-1.016));
#11203=CARTESIAN_POINT('Origin',(0.,0.,0.));
#11204=CARTESIAN_POINT('',(34.036,0.,1.27));
#11205=CARTESIAN_POINT('',(34.036,0.,1.27));
#11206=CARTESIAN_POINT('',(34.036,0.,-1.27));
#11207=CARTESIAN_POINT('',(34.036,0.,1.27));
#11208=CARTESIAN_POINT('',(34.29,0.,-1.016));
#11209=CARTESIAN_POINT('Origin',(0.,0.,0.));
#11210=CARTESIAN_POINT('',(-1.016,0.,1.27));
#11211=CARTESIAN_POINT('',(-1.016,0.,-1.27));
#11212=CARTESIAN_POINT('',(-1.016,0.,1.27));
#11213=CARTESIAN_POINT('',(-1.27,0.,1.016));
#11214=CARTESIAN_POINT('',(-1.27,0.,1.016));
#11215=CARTESIAN_POINT('',(-1.27,0.,-1.016));
#11216=CARTESIAN_POINT('',(-1.27,0.,-1.016));
#11217=CARTESIAN_POINT('',(-1.016,0.,-1.27));
#11218=CARTESIAN_POINT('Origin',(0.,0.,0.));
#11219=CARTESIAN_POINT('',(1.524,0.,1.27));
#11220=CARTESIAN_POINT('',(1.524,0.,-1.27));
#11221=CARTESIAN_POINT('',(1.524,0.,1.27));
#11222=CARTESIAN_POINT('',(1.27,0.,1.016));
#11223=CARTESIAN_POINT('',(1.27,0.,1.016));
#11224=CARTESIAN_POINT('',(1.016,0.,1.27));
#11225=CARTESIAN_POINT('',(1.016,0.,1.27));
#11226=CARTESIAN_POINT('',(1.016,0.,-1.27));
#11227=CARTESIAN_POINT('',(1.016,0.,1.27));
#11228=CARTESIAN_POINT('',(1.27,0.,-1.016));
#11229=CARTESIAN_POINT('',(1.27,0.,-1.016));
#11230=CARTESIAN_POINT('',(1.524,0.,-1.27));
#11231=CARTESIAN_POINT('Origin',(0.,0.,0.));
#11232=CARTESIAN_POINT('',(4.064,0.,1.27));
#11233=CARTESIAN_POINT('',(4.064,0.,-1.27));
#11234=CARTESIAN_POINT('',(4.064,0.,1.27));
#11235=CARTESIAN_POINT('',(3.81,0.,1.016));
#11236=CARTESIAN_POINT('',(3.81,0.,1.016));
#11237=CARTESIAN_POINT('',(3.556,0.,1.27));
#11238=CARTESIAN_POINT('',(3.556,0.,1.27));
#11239=CARTESIAN_POINT('',(3.556,0.,-1.27));
#11240=CARTESIAN_POINT('',(3.556,0.,1.27));
#11241=CARTESIAN_POINT('',(3.81,0.,-1.016));
#11242=CARTESIAN_POINT('',(3.81,0.,-1.016));
#11243=CARTESIAN_POINT('',(4.064,0.,-1.27));
#11244=CARTESIAN_POINT('Origin',(0.,0.,0.));
#11245=CARTESIAN_POINT('',(6.604,0.,1.27));
#11246=CARTESIAN_POINT('',(6.604,0.,-1.27));
#11247=CARTESIAN_POINT('',(6.604,0.,1.27));
#11248=CARTESIAN_POINT('',(6.35,0.,1.016));
#11249=CARTESIAN_POINT('',(6.35,0.,1.016));
#11250=CARTESIAN_POINT('',(6.096,0.,1.27));
#11251=CARTESIAN_POINT('',(6.096,0.,1.27));
#11252=CARTESIAN_POINT('',(6.096,0.,-1.27));
#11253=CARTESIAN_POINT('',(6.096,0.,1.27));
#11254=CARTESIAN_POINT('',(6.35,0.,-1.016));
#11255=CARTESIAN_POINT('',(6.35,0.,-1.016));
#11256=CARTESIAN_POINT('',(6.604,0.,-1.27));
#11257=CARTESIAN_POINT('Origin',(0.,0.,0.));
#11258=CARTESIAN_POINT('',(9.144,0.,1.27));
#11259=CARTESIAN_POINT('',(9.144,0.,-1.27));
#11260=CARTESIAN_POINT('',(9.144,0.,1.27));
#11261=CARTESIAN_POINT('',(8.89,0.,1.016));
#11262=CARTESIAN_POINT('',(8.89,0.,1.016));
#11263=CARTESIAN_POINT('',(8.636,0.,1.27));
#11264=CARTESIAN_POINT('',(8.636,0.,1.27));
#11265=CARTESIAN_POINT('',(8.636,0.,-1.27));
#11266=CARTESIAN_POINT('',(8.636,0.,1.27));
#11267=CARTESIAN_POINT('',(8.89,0.,-1.016));
#11268=CARTESIAN_POINT('',(8.89,0.,-1.016));
#11269=CARTESIAN_POINT('',(9.144,0.,-1.27));
#11270=CARTESIAN_POINT('Origin',(0.,0.,0.));
#11271=CARTESIAN_POINT('',(11.684,0.,1.27));
#11272=CARTESIAN_POINT('',(11.684,0.,-1.27));
#11273=CARTESIAN_POINT('',(11.684,0.,1.27));
#11274=CARTESIAN_POINT('',(11.43,0.,1.016));
#11275=CARTESIAN_POINT('',(11.43,0.,1.016));
#11276=CARTESIAN_POINT('',(11.176,0.,1.27));
#11277=CARTESIAN_POINT('',(11.176,0.,1.27));
#11278=CARTESIAN_POINT('',(11.176,0.,-1.27));
#11279=CARTESIAN_POINT('',(11.176,0.,1.27));
#11280=CARTESIAN_POINT('',(11.43,0.,-1.016));
#11281=CARTESIAN_POINT('',(11.43,0.,-1.016));
#11282=CARTESIAN_POINT('',(11.684,0.,-1.27));
#11283=CARTESIAN_POINT('Origin',(0.,0.,0.));
#11284=CARTESIAN_POINT('',(14.224,0.,1.27));
#11285=CARTESIAN_POINT('',(14.224,0.,-1.27));
#11286=CARTESIAN_POINT('',(14.224,0.,1.27));
#11287=CARTESIAN_POINT('',(13.97,0.,1.016));
#11288=CARTESIAN_POINT('',(13.97,0.,1.016));
#11289=CARTESIAN_POINT('',(13.716,0.,1.27));
#11290=CARTESIAN_POINT('',(13.716,0.,1.27));
#11291=CARTESIAN_POINT('',(13.716,0.,-1.27));
#11292=CARTESIAN_POINT('',(13.716,0.,1.27));
#11293=CARTESIAN_POINT('',(13.97,0.,-1.016));
#11294=CARTESIAN_POINT('',(13.97,0.,-1.016));
#11295=CARTESIAN_POINT('',(14.224,0.,-1.27));
#11296=CARTESIAN_POINT('Origin',(0.,0.,0.));
#11297=CARTESIAN_POINT('',(16.764,0.,1.27));
#11298=CARTESIAN_POINT('',(16.764,0.,-1.27));
#11299=CARTESIAN_POINT('',(16.764,0.,1.27));
#11300=CARTESIAN_POINT('',(16.51,0.,1.016));
#11301=CARTESIAN_POINT('',(16.51,0.,1.016));
#11302=CARTESIAN_POINT('',(16.256,0.,1.27));
#11303=CARTESIAN_POINT('',(16.256,0.,1.27));
#11304=CARTESIAN_POINT('',(16.256,0.,-1.27));
#11305=CARTESIAN_POINT('',(16.256,0.,1.27));
#11306=CARTESIAN_POINT('',(16.51,0.,-1.016));
#11307=CARTESIAN_POINT('',(16.51,0.,-1.016));
#11308=CARTESIAN_POINT('',(16.764,0.,-1.27));
#11309=CARTESIAN_POINT('Origin',(0.,0.,0.));
#11310=CARTESIAN_POINT('',(19.304,0.,1.27));
#11311=CARTESIAN_POINT('',(19.304,0.,-1.27));
#11312=CARTESIAN_POINT('',(19.304,0.,1.27));
#11313=CARTESIAN_POINT('',(19.05,0.,1.016));
#11314=CARTESIAN_POINT('',(19.05,0.,1.016));
#11315=CARTESIAN_POINT('',(18.796,0.,1.27));
#11316=CARTESIAN_POINT('',(18.796,0.,1.27));
#11317=CARTESIAN_POINT('',(18.796,0.,-1.27));
#11318=CARTESIAN_POINT('',(18.796,0.,1.27));
#11319=CARTESIAN_POINT('',(19.05,0.,-1.016));
#11320=CARTESIAN_POINT('',(19.05,0.,-1.016));
#11321=CARTESIAN_POINT('',(19.304,0.,-1.27));
#11322=CARTESIAN_POINT('Origin',(0.,0.,0.));
#11323=CARTESIAN_POINT('',(21.844,0.,1.27));
#11324=CARTESIAN_POINT('',(21.844,0.,-1.27));
#11325=CARTESIAN_POINT('',(21.844,0.,1.27));
#11326=CARTESIAN_POINT('',(21.59,0.,1.016));
#11327=CARTESIAN_POINT('',(21.59,0.,1.016));
#11328=CARTESIAN_POINT('',(21.336,0.,1.27));
#11329=CARTESIAN_POINT('',(21.336,0.,1.27));
#11330=CARTESIAN_POINT('',(21.336,0.,-1.27));
#11331=CARTESIAN_POINT('',(21.336,0.,1.27));
#11332=CARTESIAN_POINT('',(21.59,0.,-1.016));
#11333=CARTESIAN_POINT('',(21.59,0.,-1.016));
#11334=CARTESIAN_POINT('',(21.844,0.,-1.27));
#11335=CARTESIAN_POINT('Origin',(0.,0.,0.));
#11336=CARTESIAN_POINT('',(24.384,0.,1.27));
#11337=CARTESIAN_POINT('',(24.384,0.,-1.27));
#11338=CARTESIAN_POINT('',(24.384,0.,1.27));
#11339=CARTESIAN_POINT('',(24.13,0.,1.016));
#11340=CARTESIAN_POINT('',(24.13,0.,1.016));
#11341=CARTESIAN_POINT('',(23.876,0.,1.27));
#11342=CARTESIAN_POINT('',(23.876,0.,1.27));
#11343=CARTESIAN_POINT('',(23.876,0.,-1.27));
#11344=CARTESIAN_POINT('',(23.876,0.,1.27));
#11345=CARTESIAN_POINT('',(24.13,0.,-1.016));
#11346=CARTESIAN_POINT('',(24.13,0.,-1.016));
#11347=CARTESIAN_POINT('',(24.384,0.,-1.27));
#11348=CARTESIAN_POINT('Origin',(0.,0.,0.));
#11349=CARTESIAN_POINT('',(26.924,0.,1.27));
#11350=CARTESIAN_POINT('',(26.924,0.,-1.27));
#11351=CARTESIAN_POINT('',(26.924,0.,1.27));
#11352=CARTESIAN_POINT('',(26.67,0.,1.016));
#11353=CARTESIAN_POINT('',(26.67,0.,1.016));
#11354=CARTESIAN_POINT('',(26.416,0.,1.27));
#11355=CARTESIAN_POINT('',(26.416,0.,1.27));
#11356=CARTESIAN_POINT('',(26.416,0.,-1.27));
#11357=CARTESIAN_POINT('',(26.416,0.,1.27));
#11358=CARTESIAN_POINT('',(26.67,0.,-1.016));
#11359=CARTESIAN_POINT('',(26.67,0.,-1.016));
#11360=CARTESIAN_POINT('',(26.924,0.,-1.27));
#11361=CARTESIAN_POINT('Origin',(0.,0.,0.));
#11362=CARTESIAN_POINT('',(29.464,0.,1.27));
#11363=CARTESIAN_POINT('',(29.464,0.,-1.27));
#11364=CARTESIAN_POINT('',(29.464,0.,1.27));
#11365=CARTESIAN_POINT('',(29.21,0.,1.016));
#11366=CARTESIAN_POINT('',(29.21,0.,1.016));
#11367=CARTESIAN_POINT('',(28.956,0.,1.27));
#11368=CARTESIAN_POINT('',(28.956,0.,1.27));
#11369=CARTESIAN_POINT('',(28.956,0.,-1.27));
#11370=CARTESIAN_POINT('',(28.956,0.,1.27));
#11371=CARTESIAN_POINT('',(29.21,0.,-1.016));
#11372=CARTESIAN_POINT('',(29.21,0.,-1.016));
#11373=CARTESIAN_POINT('',(29.464,0.,-1.27));
#11374=CARTESIAN_POINT('Origin',(0.,0.,0.));
#11375=CARTESIAN_POINT('',(32.004,0.,1.27));
#11376=CARTESIAN_POINT('',(32.004,0.,-1.27));
#11377=CARTESIAN_POINT('',(32.004,0.,1.27));
#11378=CARTESIAN_POINT('',(31.75,0.,1.016));
#11379=CARTESIAN_POINT('',(31.75,0.,1.016));
#11380=CARTESIAN_POINT('',(31.496,0.,1.27));
#11381=CARTESIAN_POINT('',(31.496,0.,1.27));
#11382=CARTESIAN_POINT('',(31.496,0.,-1.27));
#11383=CARTESIAN_POINT('',(31.496,0.,1.27));
#11384=CARTESIAN_POINT('',(31.75,0.,-1.016));
#11385=CARTESIAN_POINT('',(31.75,0.,-1.016));
#11386=CARTESIAN_POINT('',(32.004,0.,-1.27));
#11387=CARTESIAN_POINT('Origin',(-1.016,0.254,1.27));
#11388=CARTESIAN_POINT('',(-1.016,0.254,-1.27));
#11389=CARTESIAN_POINT('',(-1.016,0.,-1.27));
#11390=CARTESIAN_POINT('',(-1.016,0.254,1.27));
#11391=CARTESIAN_POINT('',(-1.016,0.254,1.27));
#11392=CARTESIAN_POINT('',(-1.016,0.,1.27));
#11393=CARTESIAN_POINT('Origin',(-1.27,0.,1.016));
#11394=CARTESIAN_POINT('',(-1.016,2.54,1.27));
#11395=CARTESIAN_POINT('',(-1.016,0.254,1.27));
#11396=CARTESIAN_POINT('',(-1.27,2.54,1.016));
#11397=CARTESIAN_POINT('',(-1.27,2.54,1.016));
#11398=CARTESIAN_POINT('',(-1.27,0.,1.016));
#11399=CARTESIAN_POINT('Origin',(-1.27,0.,-1.016));
#11400=CARTESIAN_POINT('',(-1.27,2.54,-1.016));
#11401=CARTESIAN_POINT('',(-1.27,2.54,-1.016));
#11402=CARTESIAN_POINT('',(-1.27,0.,-1.016));
#11403=CARTESIAN_POINT('Origin',(-1.016,0.,-1.27));
#11404=CARTESIAN_POINT('',(-1.016,2.54,-1.27));
#11405=CARTESIAN_POINT('',(-1.016,2.54,-1.27));
#11406=CARTESIAN_POINT('',(-1.016,0.254,-1.27));
#11407=CARTESIAN_POINT('Origin',(1.016,0.,-1.27));
#11408=CARTESIAN_POINT('',(1.016,0.254,-1.27));
#11409=CARTESIAN_POINT('',(1.016,0.254,-1.27));
#11410=CARTESIAN_POINT('',(1.016,2.54,-1.27));
#11411=CARTESIAN_POINT('',(1.016,2.54,-1.27));
#11412=CARTESIAN_POINT('',(1.016,0.254,-1.27));
#11413=CARTESIAN_POINT('Origin',(1.016,0.254,1.27));
#11414=CARTESIAN_POINT('',(1.016,0.254,1.27));
#11415=CARTESIAN_POINT('',(-1.016,0.254,1.27));
#11416=CARTESIAN_POINT('',(1.016,0.254,1.27));
#11417=CARTESIAN_POINT('',(-0.325,0.254,0.325));
#11418=CARTESIAN_POINT('',(-0.325,0.254,-0.325));
#11419=CARTESIAN_POINT('',(-0.325,0.254,0.325));
#11420=CARTESIAN_POINT('',(0.325,0.254,0.325));
#11421=CARTESIAN_POINT('',(-0.325,0.254,0.325));
#11422=CARTESIAN_POINT('',(0.325,0.254,-0.325));
#11423=CARTESIAN_POINT('',(0.325,0.254,0.325));
#11424=CARTESIAN_POINT('',(-0.325,0.254,-0.325));
#11425=CARTESIAN_POINT('Origin',(-1.016,0.,1.27));
#11426=CARTESIAN_POINT('',(1.016,2.54,1.27));
#11427=CARTESIAN_POINT('',(1.016,0.254,1.27));
#11428=CARTESIAN_POINT('',(-1.016,2.54,1.27));
#11429=CARTESIAN_POINT('Origin',(0.,2.54,0.));
#11430=CARTESIAN_POINT('',(34.036,2.54,-1.27));
#11431=CARTESIAN_POINT('',(34.29,2.54,-1.016));
#11432=CARTESIAN_POINT('',(32.004,2.54,-1.27));
#11433=CARTESIAN_POINT('',(34.036,2.54,-1.27));
#11434=CARTESIAN_POINT('',(31.75,2.54,-1.016));
#11435=CARTESIAN_POINT('',(32.004,2.54,-1.27));
#11436=CARTESIAN_POINT('',(31.496,2.54,-1.27));
#11437=CARTESIAN_POINT('',(31.75,2.54,-1.016));
#11438=CARTESIAN_POINT('',(29.464,2.54,-1.27));
#11439=CARTESIAN_POINT('',(31.496,2.54,-1.27));
#11440=CARTESIAN_POINT('',(29.21,2.54,-1.016));
#11441=CARTESIAN_POINT('',(29.464,2.54,-1.27));
#11442=CARTESIAN_POINT('',(28.956,2.54,-1.27));
#11443=CARTESIAN_POINT('',(29.21,2.54,-1.016));
#11444=CARTESIAN_POINT('',(26.924,2.54,-1.27));
#11445=CARTESIAN_POINT('',(28.956,2.54,-1.27));
#11446=CARTESIAN_POINT('',(26.67,2.54,-1.016));
#11447=CARTESIAN_POINT('',(26.924,2.54,-1.27));
#11448=CARTESIAN_POINT('',(26.416,2.54,-1.27));
#11449=CARTESIAN_POINT('',(26.67,2.54,-1.016));
#11450=CARTESIAN_POINT('',(24.384,2.54,-1.27));
#11451=CARTESIAN_POINT('',(26.416,2.54,-1.27));
#11452=CARTESIAN_POINT('',(24.13,2.54,-1.016));
#11453=CARTESIAN_POINT('',(24.384,2.54,-1.27));
#11454=CARTESIAN_POINT('',(23.876,2.54,-1.27));
#11455=CARTESIAN_POINT('',(24.13,2.54,-1.016));
#11456=CARTESIAN_POINT('',(21.844,2.54,-1.27));
#11457=CARTESIAN_POINT('',(23.876,2.54,-1.27));
#11458=CARTESIAN_POINT('',(21.59,2.54,-1.016));
#11459=CARTESIAN_POINT('',(21.844,2.54,-1.27));
#11460=CARTESIAN_POINT('',(21.336,2.54,-1.27));
#11461=CARTESIAN_POINT('',(21.59,2.54,-1.016));
#11462=CARTESIAN_POINT('',(19.304,2.54,-1.27));
#11463=CARTESIAN_POINT('',(21.336,2.54,-1.27));
#11464=CARTESIAN_POINT('',(19.05,2.54,-1.016));
#11465=CARTESIAN_POINT('',(19.304,2.54,-1.27));
#11466=CARTESIAN_POINT('',(18.796,2.54,-1.27));
#11467=CARTESIAN_POINT('',(19.05,2.54,-1.016));
#11468=CARTESIAN_POINT('',(16.764,2.54,-1.27));
#11469=CARTESIAN_POINT('',(18.796,2.54,-1.27));
#11470=CARTESIAN_POINT('',(16.51,2.54,-1.016));
#11471=CARTESIAN_POINT('',(16.764,2.54,-1.27));
#11472=CARTESIAN_POINT('',(16.256,2.54,-1.27));
#11473=CARTESIAN_POINT('',(16.51,2.54,-1.016));
#11474=CARTESIAN_POINT('',(14.224,2.54,-1.27));
#11475=CARTESIAN_POINT('',(16.256,2.54,-1.27));
#11476=CARTESIAN_POINT('',(13.97,2.54,-1.016));
#11477=CARTESIAN_POINT('',(14.224,2.54,-1.27));
#11478=CARTESIAN_POINT('',(13.716,2.54,-1.27));
#11479=CARTESIAN_POINT('',(13.97,2.54,-1.016));
#11480=CARTESIAN_POINT('',(11.684,2.54,-1.27));
#11481=CARTESIAN_POINT('',(13.716,2.54,-1.27));
#11482=CARTESIAN_POINT('',(11.43,2.54,-1.016));
#11483=CARTESIAN_POINT('',(11.684,2.54,-1.27));
#11484=CARTESIAN_POINT('',(11.176,2.54,-1.27));
#11485=CARTESIAN_POINT('',(11.43,2.54,-1.016));
#11486=CARTESIAN_POINT('',(9.144,2.54,-1.27));
#11487=CARTESIAN_POINT('',(11.176,2.54,-1.27));
#11488=CARTESIAN_POINT('',(8.89,2.54,-1.016));
#11489=CARTESIAN_POINT('',(9.144,2.54,-1.27));
#11490=CARTESIAN_POINT('',(8.636,2.54,-1.27));
#11491=CARTESIAN_POINT('',(8.89,2.54,-1.016));
#11492=CARTESIAN_POINT('',(6.604,2.54,-1.27));
#11493=CARTESIAN_POINT('',(8.636,2.54,-1.27));
#11494=CARTESIAN_POINT('',(6.35,2.54,-1.016));
#11495=CARTESIAN_POINT('',(6.604,2.54,-1.27));
#11496=CARTESIAN_POINT('',(6.096,2.54,-1.27));
#11497=CARTESIAN_POINT('',(6.35,2.54,-1.016));
#11498=CARTESIAN_POINT('',(4.064,2.54,-1.27));
#11499=CARTESIAN_POINT('',(6.096,2.54,-1.27));
#11500=CARTESIAN_POINT('',(3.81,2.54,-1.016));
#11501=CARTESIAN_POINT('',(4.064,2.54,-1.27));
#11502=CARTESIAN_POINT('',(3.556,2.54,-1.27));
#11503=CARTESIAN_POINT('',(3.81,2.54,-1.016));
#11504=CARTESIAN_POINT('',(1.524,2.54,-1.27));
#11505=CARTESIAN_POINT('',(3.556,2.54,-1.27));
#11506=CARTESIAN_POINT('',(1.27,2.54,-1.016));
#11507=CARTESIAN_POINT('',(1.524,2.54,-1.27));
#11508=CARTESIAN_POINT('',(1.27,2.54,-1.016));
#11509=CARTESIAN_POINT('',(1.27,2.54,1.016));
#11510=CARTESIAN_POINT('',(1.016,2.54,1.27));
#11511=CARTESIAN_POINT('',(1.524,2.54,1.27));
#11512=CARTESIAN_POINT('',(1.27,2.54,1.016));
#11513=CARTESIAN_POINT('',(3.556,2.54,1.27));
#11514=CARTESIAN_POINT('',(1.524,2.54,1.27));
#11515=CARTESIAN_POINT('',(3.81,2.54,1.016));
#11516=CARTESIAN_POINT('',(3.556,2.54,1.27));
#11517=CARTESIAN_POINT('',(4.064,2.54,1.27));
#11518=CARTESIAN_POINT('',(3.81,2.54,1.016));
#11519=CARTESIAN_POINT('',(6.096,2.54,1.27));
#11520=CARTESIAN_POINT('',(4.064,2.54,1.27));
#11521=CARTESIAN_POINT('',(6.35,2.54,1.016));
#11522=CARTESIAN_POINT('',(6.096,2.54,1.27));
#11523=CARTESIAN_POINT('',(6.604,2.54,1.27));
#11524=CARTESIAN_POINT('',(6.35,2.54,1.016));
#11525=CARTESIAN_POINT('',(8.636,2.54,1.27));
#11526=CARTESIAN_POINT('',(6.604,2.54,1.27));
#11527=CARTESIAN_POINT('',(8.89,2.54,1.016));
#11528=CARTESIAN_POINT('',(8.636,2.54,1.27));
#11529=CARTESIAN_POINT('',(9.144,2.54,1.27));
#11530=CARTESIAN_POINT('',(8.89,2.54,1.016));
#11531=CARTESIAN_POINT('',(11.176,2.54,1.27));
#11532=CARTESIAN_POINT('',(9.144,2.54,1.27));
#11533=CARTESIAN_POINT('',(11.43,2.54,1.016));
#11534=CARTESIAN_POINT('',(11.176,2.54,1.27));
#11535=CARTESIAN_POINT('',(11.684,2.54,1.27));
#11536=CARTESIAN_POINT('',(11.43,2.54,1.016));
#11537=CARTESIAN_POINT('',(13.716,2.54,1.27));
#11538=CARTESIAN_POINT('',(11.684,2.54,1.27));
#11539=CARTESIAN_POINT('',(13.97,2.54,1.016));
#11540=CARTESIAN_POINT('',(13.716,2.54,1.27));
#11541=CARTESIAN_POINT('',(14.224,2.54,1.27));
#11542=CARTESIAN_POINT('',(13.97,2.54,1.016));
#11543=CARTESIAN_POINT('',(16.256,2.54,1.27));
#11544=CARTESIAN_POINT('',(14.224,2.54,1.27));
#11545=CARTESIAN_POINT('',(16.51,2.54,1.016));
#11546=CARTESIAN_POINT('',(16.256,2.54,1.27));
#11547=CARTESIAN_POINT('',(16.764,2.54,1.27));
#11548=CARTESIAN_POINT('',(16.51,2.54,1.016));
#11549=CARTESIAN_POINT('',(18.796,2.54,1.27));
#11550=CARTESIAN_POINT('',(16.764,2.54,1.27));
#11551=CARTESIAN_POINT('',(19.05,2.54,1.016));
#11552=CARTESIAN_POINT('',(18.796,2.54,1.27));
#11553=CARTESIAN_POINT('',(19.304,2.54,1.27));
#11554=CARTESIAN_POINT('',(19.05,2.54,1.016));
#11555=CARTESIAN_POINT('',(21.336,2.54,1.27));
#11556=CARTESIAN_POINT('',(19.304,2.54,1.27));
#11557=CARTESIAN_POINT('',(21.59,2.54,1.016));
#11558=CARTESIAN_POINT('',(21.336,2.54,1.27));
#11559=CARTESIAN_POINT('',(21.844,2.54,1.27));
#11560=CARTESIAN_POINT('',(21.59,2.54,1.016));
#11561=CARTESIAN_POINT('',(23.876,2.54,1.27));
#11562=CARTESIAN_POINT('',(21.844,2.54,1.27));
#11563=CARTESIAN_POINT('',(24.13,2.54,1.016));
#11564=CARTESIAN_POINT('',(23.876,2.54,1.27));
#11565=CARTESIAN_POINT('',(24.384,2.54,1.27));
#11566=CARTESIAN_POINT('',(24.13,2.54,1.016));
#11567=CARTESIAN_POINT('',(26.416,2.54,1.27));
#11568=CARTESIAN_POINT('',(24.384,2.54,1.27));
#11569=CARTESIAN_POINT('',(26.67,2.54,1.016));
#11570=CARTESIAN_POINT('',(26.416,2.54,1.27));
#11571=CARTESIAN_POINT('',(26.924,2.54,1.27));
#11572=CARTESIAN_POINT('',(26.67,2.54,1.016));
#11573=CARTESIAN_POINT('',(28.956,2.54,1.27));
#11574=CARTESIAN_POINT('',(26.924,2.54,1.27));
#11575=CARTESIAN_POINT('',(29.21,2.54,1.016));
#11576=CARTESIAN_POINT('',(28.956,2.54,1.27));
#11577=CARTESIAN_POINT('',(29.464,2.54,1.27));
#11578=CARTESIAN_POINT('',(29.21,2.54,1.016));
#11579=CARTESIAN_POINT('',(31.496,2.54,1.27));
#11580=CARTESIAN_POINT('',(29.464,2.54,1.27));
#11581=CARTESIAN_POINT('',(31.75,2.54,1.016));
#11582=CARTESIAN_POINT('',(31.496,2.54,1.27));
#11583=CARTESIAN_POINT('',(32.004,2.54,1.27));
#11584=CARTESIAN_POINT('',(31.75,2.54,1.016));
#11585=CARTESIAN_POINT('',(34.036,2.54,1.27));
#11586=CARTESIAN_POINT('',(32.004,2.54,1.27));
#11587=CARTESIAN_POINT('',(34.036,2.54,1.27));
#11588=CARTESIAN_POINT('',(-0.325,2.54,0.325));
#11589=CARTESIAN_POINT('',(-0.325,2.54,-0.325));
#11590=CARTESIAN_POINT('',(-0.325,2.54,0.325));
#11591=CARTESIAN_POINT('',(0.325,2.54,-0.325));
#11592=CARTESIAN_POINT('',(-0.325,2.54,-0.325));
#11593=CARTESIAN_POINT('',(0.325,2.54,0.325));
#11594=CARTESIAN_POINT('',(0.325,2.54,0.325));
#11595=CARTESIAN_POINT('',(-0.325,2.54,0.325));
#11596=CARTESIAN_POINT('',(2.215,2.54,0.325));
#11597=CARTESIAN_POINT('',(2.215,2.54,-0.325));
#11598=CARTESIAN_POINT('',(2.215,2.54,0.325));
#11599=CARTESIAN_POINT('',(2.865,2.54,-0.325));
#11600=CARTESIAN_POINT('',(2.215,2.54,-0.325));
#11601=CARTESIAN_POINT('',(2.865,2.54,0.325));
#11602=CARTESIAN_POINT('',(2.865,2.54,0.325));
#11603=CARTESIAN_POINT('',(2.215,2.54,0.325));
#11604=CARTESIAN_POINT('',(4.755,2.54,0.325));
#11605=CARTESIAN_POINT('',(4.755,2.54,-0.325));
#11606=CARTESIAN_POINT('',(4.755,2.54,0.325));
#11607=CARTESIAN_POINT('',(5.405,2.54,-0.325));
#11608=CARTESIAN_POINT('',(4.755,2.54,-0.325));
#11609=CARTESIAN_POINT('',(5.405,2.54,0.325));
#11610=CARTESIAN_POINT('',(5.405,2.54,0.325));
#11611=CARTESIAN_POINT('',(4.755,2.54,0.325));
#11612=CARTESIAN_POINT('',(7.295,2.54,0.325));
#11613=CARTESIAN_POINT('',(7.295,2.54,-0.325));
#11614=CARTESIAN_POINT('',(7.295,2.54,0.325));
#11615=CARTESIAN_POINT('',(7.945,2.54,-0.325));
#11616=CARTESIAN_POINT('',(7.295,2.54,-0.325));
#11617=CARTESIAN_POINT('',(7.945,2.54,0.325));
#11618=CARTESIAN_POINT('',(7.945,2.54,0.325));
#11619=CARTESIAN_POINT('',(7.295,2.54,0.325));
#11620=CARTESIAN_POINT('',(9.835,2.54,0.325));
#11621=CARTESIAN_POINT('',(9.835,2.54,-0.325));
#11622=CARTESIAN_POINT('',(9.835,2.54,0.325));
#11623=CARTESIAN_POINT('',(10.485,2.54,-0.325));
#11624=CARTESIAN_POINT('',(9.835,2.54,-0.325));
#11625=CARTESIAN_POINT('',(10.485,2.54,0.325));
#11626=CARTESIAN_POINT('',(10.485,2.54,0.325));
#11627=CARTESIAN_POINT('',(9.835,2.54,0.325));
#11628=CARTESIAN_POINT('',(12.375,2.54,0.325));
#11629=CARTESIAN_POINT('',(12.375,2.54,-0.325));
#11630=CARTESIAN_POINT('',(12.375,2.54,0.325));
#11631=CARTESIAN_POINT('',(13.025,2.54,-0.325));
#11632=CARTESIAN_POINT('',(12.375,2.54,-0.325));
#11633=CARTESIAN_POINT('',(13.025,2.54,0.325));
#11634=CARTESIAN_POINT('',(13.025,2.54,0.325));
#11635=CARTESIAN_POINT('',(12.375,2.54,0.325));
#11636=CARTESIAN_POINT('',(14.915,2.54,0.325));
#11637=CARTESIAN_POINT('',(14.915,2.54,-0.325));
#11638=CARTESIAN_POINT('',(14.915,2.54,0.325));
#11639=CARTESIAN_POINT('',(15.565,2.54,-0.325));
#11640=CARTESIAN_POINT('',(14.915,2.54,-0.325));
#11641=CARTESIAN_POINT('',(15.565,2.54,0.325));
#11642=CARTESIAN_POINT('',(15.565,2.54,0.325));
#11643=CARTESIAN_POINT('',(14.915,2.54,0.325));
#11644=CARTESIAN_POINT('',(17.455,2.54,0.325));
#11645=CARTESIAN_POINT('',(17.455,2.54,-0.325));
#11646=CARTESIAN_POINT('',(17.455,2.54,0.325));
#11647=CARTESIAN_POINT('',(18.105,2.54,-0.325));
#11648=CARTESIAN_POINT('',(17.455,2.54,-0.325));
#11649=CARTESIAN_POINT('',(18.105,2.54,0.325));
#11650=CARTESIAN_POINT('',(18.105,2.54,0.325));
#11651=CARTESIAN_POINT('',(17.455,2.54,0.325));
#11652=CARTESIAN_POINT('',(19.995,2.54,0.325));
#11653=CARTESIAN_POINT('',(19.995,2.54,-0.325));
#11654=CARTESIAN_POINT('',(19.995,2.54,0.325));
#11655=CARTESIAN_POINT('',(20.645,2.54,-0.325));
#11656=CARTESIAN_POINT('',(19.995,2.54,-0.325));
#11657=CARTESIAN_POINT('',(20.645,2.54,0.325));
#11658=CARTESIAN_POINT('',(20.645,2.54,0.325));
#11659=CARTESIAN_POINT('',(19.995,2.54,0.325));
#11660=CARTESIAN_POINT('',(22.535,2.54,0.325));
#11661=CARTESIAN_POINT('',(22.535,2.54,-0.325));
#11662=CARTESIAN_POINT('',(22.535,2.54,0.325));
#11663=CARTESIAN_POINT('',(23.185,2.54,-0.325));
#11664=CARTESIAN_POINT('',(22.535,2.54,-0.325));
#11665=CARTESIAN_POINT('',(23.185,2.54,0.325));
#11666=CARTESIAN_POINT('',(23.185,2.54,0.325));
#11667=CARTESIAN_POINT('',(22.535,2.54,0.325));
#11668=CARTESIAN_POINT('',(25.075,2.54,0.325));
#11669=CARTESIAN_POINT('',(25.075,2.54,-0.325));
#11670=CARTESIAN_POINT('',(25.075,2.54,0.325));
#11671=CARTESIAN_POINT('',(25.725,2.54,-0.325));
#11672=CARTESIAN_POINT('',(25.075,2.54,-0.325));
#11673=CARTESIAN_POINT('',(25.725,2.54,0.325));
#11674=CARTESIAN_POINT('',(25.725,2.54,0.325));
#11675=CARTESIAN_POINT('',(25.075,2.54,0.325));
#11676=CARTESIAN_POINT('',(27.615,2.54,0.325));
#11677=CARTESIAN_POINT('',(27.615,2.54,-0.325));
#11678=CARTESIAN_POINT('',(27.615,2.54,0.325));
#11679=CARTESIAN_POINT('',(28.265,2.54,-0.325));
#11680=CARTESIAN_POINT('',(27.615,2.54,-0.325));
#11681=CARTESIAN_POINT('',(28.265,2.54,0.325));
#11682=CARTESIAN_POINT('',(28.265,2.54,0.325));
#11683=CARTESIAN_POINT('',(27.615,2.54,0.325));
#11684=CARTESIAN_POINT('',(30.155,2.54,0.325));
#11685=CARTESIAN_POINT('',(30.155,2.54,-0.325));
#11686=CARTESIAN_POINT('',(30.155,2.54,0.325));
#11687=CARTESIAN_POINT('',(30.805,2.54,-0.325));
#11688=CARTESIAN_POINT('',(30.155,2.54,-0.325));
#11689=CARTESIAN_POINT('',(30.805,2.54,0.325));
#11690=CARTESIAN_POINT('',(30.805,2.54,0.325));
#11691=CARTESIAN_POINT('',(30.155,2.54,0.325));
#11692=CARTESIAN_POINT('',(32.695,2.54,0.325));
#11693=CARTESIAN_POINT('',(32.695,2.54,-0.325));
#11694=CARTESIAN_POINT('',(32.695,2.54,0.325));
#11695=CARTESIAN_POINT('',(33.345,2.54,-0.325));
#11696=CARTESIAN_POINT('',(32.695,2.54,-0.325));
#11697=CARTESIAN_POINT('',(33.345,2.54,0.325));
#11698=CARTESIAN_POINT('',(33.345,2.54,0.325));
#11699=CARTESIAN_POINT('',(32.695,2.54,0.325));
#11700=CARTESIAN_POINT('Origin',(34.29,0.,-1.016));
#11701=CARTESIAN_POINT('',(34.036,0.254,-1.27));
#11702=CARTESIAN_POINT('',(34.036,0.,-1.27));
#11703=CARTESIAN_POINT('',(34.036,0.254,-1.27));
#11704=CARTESIAN_POINT('Origin',(34.036,0.,1.27));
#11705=CARTESIAN_POINT('',(34.036,0.254,1.27));
#11706=CARTESIAN_POINT('',(34.036,0.,1.27));
#11707=CARTESIAN_POINT('',(34.036,0.254,1.27));
#11708=CARTESIAN_POINT('Origin',(34.036,0.254,1.27));
#11709=CARTESIAN_POINT('',(32.004,0.254,1.27));
#11710=CARTESIAN_POINT('',(32.004,0.254,1.27));
#11711=CARTESIAN_POINT('',(32.004,0.254,-1.27));
#11712=CARTESIAN_POINT('',(32.004,0.254,1.27));
#11713=CARTESIAN_POINT('',(34.036,0.254,-1.27));
#11714=CARTESIAN_POINT('',(32.695,0.254,0.325));
#11715=CARTESIAN_POINT('',(32.695,0.254,-0.325));
#11716=CARTESIAN_POINT('',(32.695,0.254,0.325));
#11717=CARTESIAN_POINT('',(33.345,0.254,0.325));
#11718=CARTESIAN_POINT('',(32.695,0.254,0.325));
#11719=CARTESIAN_POINT('',(33.345,0.254,-0.325));
#11720=CARTESIAN_POINT('',(33.345,0.254,0.325));
#11721=CARTESIAN_POINT('',(32.695,0.254,-0.325));
#11722=CARTESIAN_POINT('Origin',(32.004,0.,1.27));
#11723=CARTESIAN_POINT('',(34.036,0.254,1.27));
#11724=CARTESIAN_POINT('',(32.004,0.254,1.27));
#11725=CARTESIAN_POINT('Origin',(31.75,0.,1.016));
#11726=CARTESIAN_POINT('',(32.004,0.,1.27));
#11727=CARTESIAN_POINT('',(31.75,0.,1.016));
#11728=CARTESIAN_POINT('Origin',(32.004,0.254,1.27));
#11729=CARTESIAN_POINT('',(32.004,0.,-1.27));
#11730=CARTESIAN_POINT('Origin',(32.004,0.,-1.27));
#11731=CARTESIAN_POINT('',(31.75,0.,-1.016));
#11732=CARTESIAN_POINT('',(32.004,0.254,-1.27));
#11733=CARTESIAN_POINT('Origin',(34.036,0.,-1.27));
#11734=CARTESIAN_POINT('Origin',(31.75,0.,-1.016));
#11735=CARTESIAN_POINT('',(31.496,0.254,-1.27));
#11736=CARTESIAN_POINT('',(31.496,0.,-1.27));
#11737=CARTESIAN_POINT('',(31.496,0.254,-1.27));
#11738=CARTESIAN_POINT('Origin',(31.496,0.,1.27));
#11739=CARTESIAN_POINT('',(31.496,0.254,1.27));
#11740=CARTESIAN_POINT('',(31.496,0.,1.27));
#11741=CARTESIAN_POINT('',(31.496,0.254,1.27));
#11742=CARTESIAN_POINT('Origin',(31.496,0.254,1.27));
#11743=CARTESIAN_POINT('',(29.464,0.254,1.27));
#11744=CARTESIAN_POINT('',(29.464,0.254,1.27));
#11745=CARTESIAN_POINT('',(29.464,0.254,-1.27));
#11746=CARTESIAN_POINT('',(29.464,0.254,1.27));
#11747=CARTESIAN_POINT('',(31.496,0.254,-1.27));
#11748=CARTESIAN_POINT('',(30.155,0.254,0.325));
#11749=CARTESIAN_POINT('',(30.155,0.254,-0.325));
#11750=CARTESIAN_POINT('',(30.155,0.254,0.325));
#11751=CARTESIAN_POINT('',(30.805,0.254,0.325));
#11752=CARTESIAN_POINT('',(30.155,0.254,0.325));
#11753=CARTESIAN_POINT('',(30.805,0.254,-0.325));
#11754=CARTESIAN_POINT('',(30.805,0.254,0.325));
#11755=CARTESIAN_POINT('',(30.155,0.254,-0.325));
#11756=CARTESIAN_POINT('Origin',(29.464,0.,1.27));
#11757=CARTESIAN_POINT('',(31.496,0.254,1.27));
#11758=CARTESIAN_POINT('',(29.464,0.254,1.27));
#11759=CARTESIAN_POINT('Origin',(29.21,0.,1.016));
#11760=CARTESIAN_POINT('',(29.464,0.,1.27));
#11761=CARTESIAN_POINT('',(29.21,0.,1.016));
#11762=CARTESIAN_POINT('Origin',(29.464,0.254,1.27));
#11763=CARTESIAN_POINT('',(29.464,0.,-1.27));
#11764=CARTESIAN_POINT('Origin',(29.464,0.,-1.27));
#11765=CARTESIAN_POINT('',(29.21,0.,-1.016));
#11766=CARTESIAN_POINT('',(29.464,0.254,-1.27));
#11767=CARTESIAN_POINT('Origin',(31.496,0.,-1.27));
#11768=CARTESIAN_POINT('Origin',(29.21,0.,-1.016));
#11769=CARTESIAN_POINT('',(28.956,0.254,-1.27));
#11770=CARTESIAN_POINT('',(28.956,0.,-1.27));
#11771=CARTESIAN_POINT('',(28.956,0.254,-1.27));
#11772=CARTESIAN_POINT('Origin',(28.956,0.,1.27));
#11773=CARTESIAN_POINT('',(28.956,0.254,1.27));
#11774=CARTESIAN_POINT('',(28.956,0.,1.27));
#11775=CARTESIAN_POINT('',(28.956,0.254,1.27));
#11776=CARTESIAN_POINT('Origin',(28.956,0.254,1.27));
#11777=CARTESIAN_POINT('',(26.924,0.254,1.27));
#11778=CARTESIAN_POINT('',(26.924,0.254,1.27));
#11779=CARTESIAN_POINT('',(26.924,0.254,-1.27));
#11780=CARTESIAN_POINT('',(26.924,0.254,1.27));
#11781=CARTESIAN_POINT('',(28.956,0.254,-1.27));
#11782=CARTESIAN_POINT('',(27.615,0.254,0.325));
#11783=CARTESIAN_POINT('',(27.615,0.254,-0.325));
#11784=CARTESIAN_POINT('',(27.615,0.254,0.325));
#11785=CARTESIAN_POINT('',(28.265,0.254,0.325));
#11786=CARTESIAN_POINT('',(27.615,0.254,0.325));
#11787=CARTESIAN_POINT('',(28.265,0.254,-0.325));
#11788=CARTESIAN_POINT('',(28.265,0.254,0.325));
#11789=CARTESIAN_POINT('',(27.615,0.254,-0.325));
#11790=CARTESIAN_POINT('Origin',(26.924,0.,1.27));
#11791=CARTESIAN_POINT('',(28.956,0.254,1.27));
#11792=CARTESIAN_POINT('',(26.924,0.254,1.27));
#11793=CARTESIAN_POINT('Origin',(26.67,0.,1.016));
#11794=CARTESIAN_POINT('',(26.924,0.,1.27));
#11795=CARTESIAN_POINT('',(26.67,0.,1.016));
#11796=CARTESIAN_POINT('Origin',(26.924,0.254,1.27));
#11797=CARTESIAN_POINT('',(26.924,0.,-1.27));
#11798=CARTESIAN_POINT('Origin',(26.924,0.,-1.27));
#11799=CARTESIAN_POINT('',(26.67,0.,-1.016));
#11800=CARTESIAN_POINT('',(26.924,0.254,-1.27));
#11801=CARTESIAN_POINT('Origin',(28.956,0.,-1.27));
#11802=CARTESIAN_POINT('Origin',(26.67,0.,-1.016));
#11803=CARTESIAN_POINT('',(26.416,0.254,-1.27));
#11804=CARTESIAN_POINT('',(26.416,0.,-1.27));
#11805=CARTESIAN_POINT('',(26.416,0.254,-1.27));
#11806=CARTESIAN_POINT('Origin',(26.416,0.,1.27));
#11807=CARTESIAN_POINT('',(26.416,0.254,1.27));
#11808=CARTESIAN_POINT('',(26.416,0.,1.27));
#11809=CARTESIAN_POINT('',(26.416,0.254,1.27));
#11810=CARTESIAN_POINT('Origin',(26.416,0.254,1.27));
#11811=CARTESIAN_POINT('',(24.384,0.254,1.27));
#11812=CARTESIAN_POINT('',(24.384,0.254,1.27));
#11813=CARTESIAN_POINT('',(24.384,0.254,-1.27));
#11814=CARTESIAN_POINT('',(24.384,0.254,1.27));
#11815=CARTESIAN_POINT('',(26.416,0.254,-1.27));
#11816=CARTESIAN_POINT('',(25.075,0.254,0.325));
#11817=CARTESIAN_POINT('',(25.075,0.254,-0.325));
#11818=CARTESIAN_POINT('',(25.075,0.254,0.325));
#11819=CARTESIAN_POINT('',(25.725,0.254,0.325));
#11820=CARTESIAN_POINT('',(25.075,0.254,0.325));
#11821=CARTESIAN_POINT('',(25.725,0.254,-0.325));
#11822=CARTESIAN_POINT('',(25.725,0.254,0.325));
#11823=CARTESIAN_POINT('',(25.075,0.254,-0.325));
#11824=CARTESIAN_POINT('Origin',(24.384,0.,1.27));
#11825=CARTESIAN_POINT('',(26.416,0.254,1.27));
#11826=CARTESIAN_POINT('',(24.384,0.254,1.27));
#11827=CARTESIAN_POINT('Origin',(24.13,0.,1.016));
#11828=CARTESIAN_POINT('',(24.384,0.,1.27));
#11829=CARTESIAN_POINT('',(24.13,0.,1.016));
#11830=CARTESIAN_POINT('Origin',(24.384,0.254,1.27));
#11831=CARTESIAN_POINT('',(24.384,0.,-1.27));
#11832=CARTESIAN_POINT('Origin',(24.384,0.,-1.27));
#11833=CARTESIAN_POINT('',(24.13,0.,-1.016));
#11834=CARTESIAN_POINT('',(24.384,0.254,-1.27));
#11835=CARTESIAN_POINT('Origin',(26.416,0.,-1.27));
#11836=CARTESIAN_POINT('Origin',(24.13,0.,-1.016));
#11837=CARTESIAN_POINT('',(23.876,0.254,-1.27));
#11838=CARTESIAN_POINT('',(23.876,0.,-1.27));
#11839=CARTESIAN_POINT('',(23.876,0.254,-1.27));
#11840=CARTESIAN_POINT('Origin',(23.876,0.,1.27));
#11841=CARTESIAN_POINT('',(23.876,0.254,1.27));
#11842=CARTESIAN_POINT('',(23.876,0.,1.27));
#11843=CARTESIAN_POINT('',(23.876,0.254,1.27));
#11844=CARTESIAN_POINT('Origin',(23.876,0.254,1.27));
#11845=CARTESIAN_POINT('',(21.844,0.254,1.27));
#11846=CARTESIAN_POINT('',(21.844,0.254,1.27));
#11847=CARTESIAN_POINT('',(21.844,0.254,-1.27));
#11848=CARTESIAN_POINT('',(21.844,0.254,1.27));
#11849=CARTESIAN_POINT('',(23.876,0.254,-1.27));
#11850=CARTESIAN_POINT('',(22.535,0.254,0.325));
#11851=CARTESIAN_POINT('',(22.535,0.254,-0.325));
#11852=CARTESIAN_POINT('',(22.535,0.254,0.325));
#11853=CARTESIAN_POINT('',(23.185,0.254,0.325));
#11854=CARTESIAN_POINT('',(22.535,0.254,0.325));
#11855=CARTESIAN_POINT('',(23.185,0.254,-0.325));
#11856=CARTESIAN_POINT('',(23.185,0.254,0.325));
#11857=CARTESIAN_POINT('',(22.535,0.254,-0.325));
#11858=CARTESIAN_POINT('Origin',(21.844,0.,1.27));
#11859=CARTESIAN_POINT('',(23.876,0.254,1.27));
#11860=CARTESIAN_POINT('',(21.844,0.254,1.27));
#11861=CARTESIAN_POINT('Origin',(21.59,0.,1.016));
#11862=CARTESIAN_POINT('',(21.844,0.,1.27));
#11863=CARTESIAN_POINT('',(21.59,0.,1.016));
#11864=CARTESIAN_POINT('Origin',(21.844,0.254,1.27));
#11865=CARTESIAN_POINT('',(21.844,0.,-1.27));
#11866=CARTESIAN_POINT('Origin',(21.844,0.,-1.27));
#11867=CARTESIAN_POINT('',(21.59,0.,-1.016));
#11868=CARTESIAN_POINT('',(21.844,0.254,-1.27));
#11869=CARTESIAN_POINT('Origin',(23.876,0.,-1.27));
#11870=CARTESIAN_POINT('Origin',(21.59,0.,-1.016));
#11871=CARTESIAN_POINT('',(21.336,0.254,-1.27));
#11872=CARTESIAN_POINT('',(21.336,0.,-1.27));
#11873=CARTESIAN_POINT('',(21.336,0.254,-1.27));
#11874=CARTESIAN_POINT('Origin',(21.336,0.,1.27));
#11875=CARTESIAN_POINT('',(21.336,0.254,1.27));
#11876=CARTESIAN_POINT('',(21.336,0.,1.27));
#11877=CARTESIAN_POINT('',(21.336,0.254,1.27));
#11878=CARTESIAN_POINT('Origin',(21.336,0.254,1.27));
#11879=CARTESIAN_POINT('',(19.304,0.254,1.27));
#11880=CARTESIAN_POINT('',(19.304,0.254,1.27));
#11881=CARTESIAN_POINT('',(19.304,0.254,-1.27));
#11882=CARTESIAN_POINT('',(19.304,0.254,1.27));
#11883=CARTESIAN_POINT('',(21.336,0.254,-1.27));
#11884=CARTESIAN_POINT('',(19.995,0.254,0.325));
#11885=CARTESIAN_POINT('',(19.995,0.254,-0.325));
#11886=CARTESIAN_POINT('',(19.995,0.254,0.325));
#11887=CARTESIAN_POINT('',(20.645,0.254,0.325));
#11888=CARTESIAN_POINT('',(19.995,0.254,0.325));
#11889=CARTESIAN_POINT('',(20.645,0.254,-0.325));
#11890=CARTESIAN_POINT('',(20.645,0.254,0.325));
#11891=CARTESIAN_POINT('',(19.995,0.254,-0.325));
#11892=CARTESIAN_POINT('Origin',(19.304,0.,1.27));
#11893=CARTESIAN_POINT('',(21.336,0.254,1.27));
#11894=CARTESIAN_POINT('',(19.304,0.254,1.27));
#11895=CARTESIAN_POINT('Origin',(19.05,0.,1.016));
#11896=CARTESIAN_POINT('',(19.304,0.,1.27));
#11897=CARTESIAN_POINT('',(19.05,0.,1.016));
#11898=CARTESIAN_POINT('Origin',(19.304,0.254,1.27));
#11899=CARTESIAN_POINT('',(19.304,0.,-1.27));
#11900=CARTESIAN_POINT('Origin',(19.304,0.,-1.27));
#11901=CARTESIAN_POINT('',(19.05,0.,-1.016));
#11902=CARTESIAN_POINT('',(19.304,0.254,-1.27));
#11903=CARTESIAN_POINT('Origin',(21.336,0.,-1.27));
#11904=CARTESIAN_POINT('Origin',(19.05,0.,-1.016));
#11905=CARTESIAN_POINT('',(18.796,0.254,-1.27));
#11906=CARTESIAN_POINT('',(18.796,0.,-1.27));
#11907=CARTESIAN_POINT('',(18.796,0.254,-1.27));
#11908=CARTESIAN_POINT('Origin',(18.796,0.,1.27));
#11909=CARTESIAN_POINT('',(18.796,0.254,1.27));
#11910=CARTESIAN_POINT('',(18.796,0.,1.27));
#11911=CARTESIAN_POINT('',(18.796,0.254,1.27));
#11912=CARTESIAN_POINT('Origin',(18.796,0.254,1.27));
#11913=CARTESIAN_POINT('',(16.764,0.254,1.27));
#11914=CARTESIAN_POINT('',(16.764,0.254,1.27));
#11915=CARTESIAN_POINT('',(16.764,0.254,-1.27));
#11916=CARTESIAN_POINT('',(16.764,0.254,1.27));
#11917=CARTESIAN_POINT('',(18.796,0.254,-1.27));
#11918=CARTESIAN_POINT('',(17.455,0.254,0.325));
#11919=CARTESIAN_POINT('',(17.455,0.254,-0.325));
#11920=CARTESIAN_POINT('',(17.455,0.254,0.325));
#11921=CARTESIAN_POINT('',(18.105,0.254,0.325));
#11922=CARTESIAN_POINT('',(17.455,0.254,0.325));
#11923=CARTESIAN_POINT('',(18.105,0.254,-0.325));
#11924=CARTESIAN_POINT('',(18.105,0.254,0.325));
#11925=CARTESIAN_POINT('',(17.455,0.254,-0.325));
#11926=CARTESIAN_POINT('Origin',(16.764,0.,1.27));
#11927=CARTESIAN_POINT('',(18.796,0.254,1.27));
#11928=CARTESIAN_POINT('',(16.764,0.254,1.27));
#11929=CARTESIAN_POINT('Origin',(16.51,0.,1.016));
#11930=CARTESIAN_POINT('',(16.764,0.,1.27));
#11931=CARTESIAN_POINT('',(16.51,0.,1.016));
#11932=CARTESIAN_POINT('Origin',(16.764,0.254,1.27));
#11933=CARTESIAN_POINT('',(16.764,0.,-1.27));
#11934=CARTESIAN_POINT('Origin',(16.764,0.,-1.27));
#11935=CARTESIAN_POINT('',(16.51,0.,-1.016));
#11936=CARTESIAN_POINT('',(16.764,0.254,-1.27));
#11937=CARTESIAN_POINT('Origin',(18.796,0.,-1.27));
#11938=CARTESIAN_POINT('Origin',(16.51,0.,-1.016));
#11939=CARTESIAN_POINT('',(16.256,0.254,-1.27));
#11940=CARTESIAN_POINT('',(16.256,0.,-1.27));
#11941=CARTESIAN_POINT('',(16.256,0.254,-1.27));
#11942=CARTESIAN_POINT('Origin',(16.256,0.,1.27));
#11943=CARTESIAN_POINT('',(16.256,0.254,1.27));
#11944=CARTESIAN_POINT('',(16.256,0.,1.27));
#11945=CARTESIAN_POINT('',(16.256,0.254,1.27));
#11946=CARTESIAN_POINT('Origin',(16.256,0.254,1.27));
#11947=CARTESIAN_POINT('',(14.224,0.254,1.27));
#11948=CARTESIAN_POINT('',(14.224,0.254,1.27));
#11949=CARTESIAN_POINT('',(14.224,0.254,-1.27));
#11950=CARTESIAN_POINT('',(14.224,0.254,1.27));
#11951=CARTESIAN_POINT('',(16.256,0.254,-1.27));
#11952=CARTESIAN_POINT('',(14.915,0.254,0.325));
#11953=CARTESIAN_POINT('',(14.915,0.254,-0.325));
#11954=CARTESIAN_POINT('',(14.915,0.254,0.325));
#11955=CARTESIAN_POINT('',(15.565,0.254,0.325));
#11956=CARTESIAN_POINT('',(14.915,0.254,0.325));
#11957=CARTESIAN_POINT('',(15.565,0.254,-0.325));
#11958=CARTESIAN_POINT('',(15.565,0.254,0.325));
#11959=CARTESIAN_POINT('',(14.915,0.254,-0.325));
#11960=CARTESIAN_POINT('Origin',(14.224,0.,1.27));
#11961=CARTESIAN_POINT('',(16.256,0.254,1.27));
#11962=CARTESIAN_POINT('',(14.224,0.254,1.27));
#11963=CARTESIAN_POINT('Origin',(13.97,0.,1.016));
#11964=CARTESIAN_POINT('',(14.224,0.,1.27));
#11965=CARTESIAN_POINT('',(13.97,0.,1.016));
#11966=CARTESIAN_POINT('Origin',(14.224,0.254,1.27));
#11967=CARTESIAN_POINT('',(14.224,0.,-1.27));
#11968=CARTESIAN_POINT('Origin',(14.224,0.,-1.27));
#11969=CARTESIAN_POINT('',(13.97,0.,-1.016));
#11970=CARTESIAN_POINT('',(14.224,0.254,-1.27));
#11971=CARTESIAN_POINT('Origin',(16.256,0.,-1.27));
#11972=CARTESIAN_POINT('Origin',(13.97,0.,-1.016));
#11973=CARTESIAN_POINT('',(13.716,0.254,-1.27));
#11974=CARTESIAN_POINT('',(13.716,0.,-1.27));
#11975=CARTESIAN_POINT('',(13.716,0.254,-1.27));
#11976=CARTESIAN_POINT('Origin',(13.716,0.,1.27));
#11977=CARTESIAN_POINT('',(13.716,0.254,1.27));
#11978=CARTESIAN_POINT('',(13.716,0.,1.27));
#11979=CARTESIAN_POINT('',(13.716,0.254,1.27));
#11980=CARTESIAN_POINT('Origin',(13.716,0.254,1.27));
#11981=CARTESIAN_POINT('',(11.684,0.254,1.27));
#11982=CARTESIAN_POINT('',(11.684,0.254,1.27));
#11983=CARTESIAN_POINT('',(11.684,0.254,-1.27));
#11984=CARTESIAN_POINT('',(11.684,0.254,1.27));
#11985=CARTESIAN_POINT('',(13.716,0.254,-1.27));
#11986=CARTESIAN_POINT('',(12.375,0.254,0.325));
#11987=CARTESIAN_POINT('',(12.375,0.254,-0.325));
#11988=CARTESIAN_POINT('',(12.375,0.254,0.325));
#11989=CARTESIAN_POINT('',(13.025,0.254,0.325));
#11990=CARTESIAN_POINT('',(12.375,0.254,0.325));
#11991=CARTESIAN_POINT('',(13.025,0.254,-0.325));
#11992=CARTESIAN_POINT('',(13.025,0.254,0.325));
#11993=CARTESIAN_POINT('',(12.375,0.254,-0.325));
#11994=CARTESIAN_POINT('Origin',(11.684,0.,1.27));
#11995=CARTESIAN_POINT('',(13.716,0.254,1.27));
#11996=CARTESIAN_POINT('',(11.684,0.254,1.27));
#11997=CARTESIAN_POINT('Origin',(11.43,0.,1.016));
#11998=CARTESIAN_POINT('',(11.684,0.,1.27));
#11999=CARTESIAN_POINT('',(11.43,0.,1.016));
#12000=CARTESIAN_POINT('Origin',(11.684,0.254,1.27));
#12001=CARTESIAN_POINT('',(11.684,0.,-1.27));
#12002=CARTESIAN_POINT('Origin',(11.684,0.,-1.27));
#12003=CARTESIAN_POINT('',(11.43,0.,-1.016));
#12004=CARTESIAN_POINT('',(11.684,0.254,-1.27));
#12005=CARTESIAN_POINT('Origin',(13.716,0.,-1.27));
#12006=CARTESIAN_POINT('Origin',(11.43,0.,-1.016));
#12007=CARTESIAN_POINT('',(11.176,0.254,-1.27));
#12008=CARTESIAN_POINT('',(11.176,0.,-1.27));
#12009=CARTESIAN_POINT('',(11.176,0.254,-1.27));
#12010=CARTESIAN_POINT('Origin',(11.176,0.,1.27));
#12011=CARTESIAN_POINT('',(11.176,0.254,1.27));
#12012=CARTESIAN_POINT('',(11.176,0.,1.27));
#12013=CARTESIAN_POINT('',(11.176,0.254,1.27));
#12014=CARTESIAN_POINT('Origin',(11.176,0.254,1.27));
#12015=CARTESIAN_POINT('',(9.144,0.254,1.27));
#12016=CARTESIAN_POINT('',(9.144,0.254,1.27));
#12017=CARTESIAN_POINT('',(9.144,0.254,-1.27));
#12018=CARTESIAN_POINT('',(9.144,0.254,1.27));
#12019=CARTESIAN_POINT('',(11.176,0.254,-1.27));
#12020=CARTESIAN_POINT('',(9.835,0.254,0.325));
#12021=CARTESIAN_POINT('',(9.835,0.254,-0.325));
#12022=CARTESIAN_POINT('',(9.835,0.254,0.325));
#12023=CARTESIAN_POINT('',(10.485,0.254,0.325));
#12024=CARTESIAN_POINT('',(9.835,0.254,0.325));
#12025=CARTESIAN_POINT('',(10.485,0.254,-0.325));
#12026=CARTESIAN_POINT('',(10.485,0.254,0.325));
#12027=CARTESIAN_POINT('',(9.835,0.254,-0.325));
#12028=CARTESIAN_POINT('Origin',(9.144,0.,1.27));
#12029=CARTESIAN_POINT('',(11.176,0.254,1.27));
#12030=CARTESIAN_POINT('',(9.144,0.254,1.27));
#12031=CARTESIAN_POINT('Origin',(8.89,0.,1.016));
#12032=CARTESIAN_POINT('',(9.144,0.,1.27));
#12033=CARTESIAN_POINT('',(8.89,0.,1.016));
#12034=CARTESIAN_POINT('Origin',(9.144,0.254,1.27));
#12035=CARTESIAN_POINT('',(9.144,0.,-1.27));
#12036=CARTESIAN_POINT('Origin',(9.144,0.,-1.27));
#12037=CARTESIAN_POINT('',(8.89,0.,-1.016));
#12038=CARTESIAN_POINT('',(9.144,0.254,-1.27));
#12039=CARTESIAN_POINT('Origin',(11.176,0.,-1.27));
#12040=CARTESIAN_POINT('Origin',(8.89,0.,-1.016));
#12041=CARTESIAN_POINT('',(8.636,0.254,-1.27));
#12042=CARTESIAN_POINT('',(8.636,0.,-1.27));
#12043=CARTESIAN_POINT('',(8.636,0.254,-1.27));
#12044=CARTESIAN_POINT('Origin',(8.636,0.,1.27));
#12045=CARTESIAN_POINT('',(8.636,0.254,1.27));
#12046=CARTESIAN_POINT('',(8.636,0.,1.27));
#12047=CARTESIAN_POINT('',(8.636,0.254,1.27));
#12048=CARTESIAN_POINT('Origin',(8.636,0.254,1.27));
#12049=CARTESIAN_POINT('',(6.604,0.254,1.27));
#12050=CARTESIAN_POINT('',(6.604,0.254,1.27));
#12051=CARTESIAN_POINT('',(6.604,0.254,-1.27));
#12052=CARTESIAN_POINT('',(6.604,0.254,1.27));
#12053=CARTESIAN_POINT('',(8.636,0.254,-1.27));
#12054=CARTESIAN_POINT('',(7.295,0.254,0.325));
#12055=CARTESIAN_POINT('',(7.295,0.254,-0.325));
#12056=CARTESIAN_POINT('',(7.295,0.254,0.325));
#12057=CARTESIAN_POINT('',(7.945,0.254,0.325));
#12058=CARTESIAN_POINT('',(7.295,0.254,0.325));
#12059=CARTESIAN_POINT('',(7.945,0.254,-0.325));
#12060=CARTESIAN_POINT('',(7.945,0.254,0.325));
#12061=CARTESIAN_POINT('',(7.295,0.254,-0.325));
#12062=CARTESIAN_POINT('Origin',(6.604,0.,1.27));
#12063=CARTESIAN_POINT('',(8.636,0.254,1.27));
#12064=CARTESIAN_POINT('',(6.604,0.254,1.27));
#12065=CARTESIAN_POINT('Origin',(6.35,0.,1.016));
#12066=CARTESIAN_POINT('',(6.604,0.,1.27));
#12067=CARTESIAN_POINT('',(6.35,0.,1.016));
#12068=CARTESIAN_POINT('Origin',(6.604,0.254,1.27));
#12069=CARTESIAN_POINT('',(6.604,0.,-1.27));
#12070=CARTESIAN_POINT('Origin',(6.604,0.,-1.27));
#12071=CARTESIAN_POINT('',(6.35,0.,-1.016));
#12072=CARTESIAN_POINT('',(6.604,0.254,-1.27));
#12073=CARTESIAN_POINT('Origin',(8.636,0.,-1.27));
#12074=CARTESIAN_POINT('Origin',(6.35,0.,-1.016));
#12075=CARTESIAN_POINT('',(6.096,0.254,-1.27));
#12076=CARTESIAN_POINT('',(6.096,0.,-1.27));
#12077=CARTESIAN_POINT('',(6.096,0.254,-1.27));
#12078=CARTESIAN_POINT('Origin',(6.096,0.,1.27));
#12079=CARTESIAN_POINT('',(6.096,0.254,1.27));
#12080=CARTESIAN_POINT('',(6.096,0.,1.27));
#12081=CARTESIAN_POINT('',(6.096,0.254,1.27));
#12082=CARTESIAN_POINT('Origin',(6.096,0.254,1.27));
#12083=CARTESIAN_POINT('',(4.064,0.254,1.27));
#12084=CARTESIAN_POINT('',(4.064,0.254,1.27));
#12085=CARTESIAN_POINT('',(4.064,0.254,-1.27));
#12086=CARTESIAN_POINT('',(4.064,0.254,1.27));
#12087=CARTESIAN_POINT('',(6.096,0.254,-1.27));
#12088=CARTESIAN_POINT('',(4.755,0.254,0.325));
#12089=CARTESIAN_POINT('',(4.755,0.254,-0.325));
#12090=CARTESIAN_POINT('',(4.755,0.254,0.325));
#12091=CARTESIAN_POINT('',(5.405,0.254,0.325));
#12092=CARTESIAN_POINT('',(4.755,0.254,0.325));
#12093=CARTESIAN_POINT('',(5.405,0.254,-0.325));
#12094=CARTESIAN_POINT('',(5.405,0.254,0.325));
#12095=CARTESIAN_POINT('',(4.755,0.254,-0.325));
#12096=CARTESIAN_POINT('Origin',(4.064,0.,1.27));
#12097=CARTESIAN_POINT('',(6.096,0.254,1.27));
#12098=CARTESIAN_POINT('',(4.064,0.254,1.27));
#12099=CARTESIAN_POINT('Origin',(3.81,0.,1.016));
#12100=CARTESIAN_POINT('',(4.064,0.,1.27));
#12101=CARTESIAN_POINT('',(3.81,0.,1.016));
#12102=CARTESIAN_POINT('Origin',(4.064,0.254,1.27));
#12103=CARTESIAN_POINT('',(4.064,0.,-1.27));
#12104=CARTESIAN_POINT('Origin',(4.064,0.,-1.27));
#12105=CARTESIAN_POINT('',(3.81,0.,-1.016));
#12106=CARTESIAN_POINT('',(4.064,0.254,-1.27));
#12107=CARTESIAN_POINT('Origin',(6.096,0.,-1.27));
#12108=CARTESIAN_POINT('Origin',(3.81,0.,-1.016));
#12109=CARTESIAN_POINT('',(3.556,0.254,-1.27));
#12110=CARTESIAN_POINT('',(3.556,0.,-1.27));
#12111=CARTESIAN_POINT('',(3.556,0.254,-1.27));
#12112=CARTESIAN_POINT('Origin',(3.556,0.,1.27));
#12113=CARTESIAN_POINT('',(3.556,0.254,1.27));
#12114=CARTESIAN_POINT('',(3.556,0.,1.27));
#12115=CARTESIAN_POINT('',(3.556,0.254,1.27));
#12116=CARTESIAN_POINT('Origin',(3.556,0.254,1.27));
#12117=CARTESIAN_POINT('',(1.524,0.254,1.27));
#12118=CARTESIAN_POINT('',(1.524,0.254,1.27));
#12119=CARTESIAN_POINT('',(1.524,0.254,-1.27));
#12120=CARTESIAN_POINT('',(1.524,0.254,1.27));
#12121=CARTESIAN_POINT('',(3.556,0.254,-1.27));
#12122=CARTESIAN_POINT('',(2.215,0.254,0.325));
#12123=CARTESIAN_POINT('',(2.215,0.254,-0.325));
#12124=CARTESIAN_POINT('',(2.215,0.254,0.325));
#12125=CARTESIAN_POINT('',(2.865,0.254,0.325));
#12126=CARTESIAN_POINT('',(2.215,0.254,0.325));
#12127=CARTESIAN_POINT('',(2.865,0.254,-0.325));
#12128=CARTESIAN_POINT('',(2.865,0.254,0.325));
#12129=CARTESIAN_POINT('',(2.215,0.254,-0.325));
#12130=CARTESIAN_POINT('Origin',(1.524,0.,1.27));
#12131=CARTESIAN_POINT('',(3.556,0.254,1.27));
#12132=CARTESIAN_POINT('',(1.524,0.254,1.27));
#12133=CARTESIAN_POINT('Origin',(1.27,0.,1.016));
#12134=CARTESIAN_POINT('',(1.524,0.,1.27));
#12135=CARTESIAN_POINT('',(1.27,0.,1.016));
#12136=CARTESIAN_POINT('Origin',(1.524,0.254,1.27));
#12137=CARTESIAN_POINT('',(1.524,0.,-1.27));
#12138=CARTESIAN_POINT('Origin',(1.524,0.,-1.27));
#12139=CARTESIAN_POINT('',(1.27,0.,-1.016));
#12140=CARTESIAN_POINT('',(1.524,0.254,-1.27));
#12141=CARTESIAN_POINT('Origin',(3.556,0.,-1.27));
#12142=CARTESIAN_POINT('Origin',(1.27,0.,-1.016));
#12143=CARTESIAN_POINT('',(1.016,0.,-1.27));
#12144=CARTESIAN_POINT('Origin',(1.016,0.,1.27));
#12145=CARTESIAN_POINT('',(1.016,0.,1.27));
#12146=CARTESIAN_POINT('Origin',(1.016,0.,1.27));
#12147=CARTESIAN_POINT('Origin',(3.556,0.,1.27));
#12148=CARTESIAN_POINT('Origin',(2.215,0.,0.));
#12149=CARTESIAN_POINT('',(2.215,8.49,0.325));
#12150=CARTESIAN_POINT('',(2.215,8.49,-0.325));
#12151=CARTESIAN_POINT('',(2.215,8.49,0.325));
#12152=CARTESIAN_POINT('',(2.215,2.54,-0.325));
#12153=CARTESIAN_POINT('',(2.215,8.49,0.325));
#12154=CARTESIAN_POINT('Origin',(2.215,0.,0.));
#12155=CARTESIAN_POINT('',(2.215,-2.648,-0.325));
#12156=CARTESIAN_POINT('',(2.215,-2.648,0.325));
#12157=CARTESIAN_POINT('',(2.215,-2.648,-0.325));
#12158=CARTESIAN_POINT('',(2.215,0.254,0.325));
#12159=CARTESIAN_POINT('',(2.215,-2.648,-0.325));
#12160=CARTESIAN_POINT('Origin',(2.315,8.69,0.));
#12161=CARTESIAN_POINT('',(2.415,8.89,0.125));
#12162=CARTESIAN_POINT('',(2.415,8.89,0.125));
#12163=CARTESIAN_POINT('',(2.415,8.89,-0.125));
#12164=CARTESIAN_POINT('',(2.415,8.89,0.125));
#12165=CARTESIAN_POINT('',(2.415,8.89,-0.125));
#12166=CARTESIAN_POINT('Origin',(2.54,8.69,-0.225));
#12167=CARTESIAN_POINT('',(2.865,8.49,-0.325));
#12168=CARTESIAN_POINT('',(2.865,8.49,-0.325));
#12169=CARTESIAN_POINT('',(2.665,8.89,-0.125));
#12170=CARTESIAN_POINT('',(2.665,8.89,-0.125));
#12171=CARTESIAN_POINT('',(2.665,8.89,-0.125));
#12172=CARTESIAN_POINT('Origin',(2.215,-3.048,-0.325));
#12173=CARTESIAN_POINT('',(2.865,2.54,-0.325));
#12174=CARTESIAN_POINT('Origin',(2.215,-3.048,-0.325));
#12175=CARTESIAN_POINT('',(2.865,-2.648,-0.325));
#12176=CARTESIAN_POINT('',(2.865,-2.648,-0.325));
#12177=CARTESIAN_POINT('',(2.865,-2.648,-0.325));
#12178=CARTESIAN_POINT('Origin',(2.865,0.,0.));
#12179=CARTESIAN_POINT('',(2.865,8.49,0.325));
#12180=CARTESIAN_POINT('',(2.865,8.49,-0.325));
#12181=CARTESIAN_POINT('',(2.865,8.49,0.325));
#12182=CARTESIAN_POINT('Origin',(2.865,0.,0.));
#12183=CARTESIAN_POINT('',(2.865,-2.648,0.325));
#12184=CARTESIAN_POINT('',(2.865,-2.648,0.325));
#12185=CARTESIAN_POINT('',(2.865,0.254,0.325));
#12186=CARTESIAN_POINT('Origin',(2.765,8.69,0.));
#12187=CARTESIAN_POINT('',(2.665,8.89,0.125));
#12188=CARTESIAN_POINT('',(2.665,8.89,-0.125));
#12189=CARTESIAN_POINT('',(2.665,8.89,0.125));
#12190=CARTESIAN_POINT('Origin',(2.215,8.89,-0.325));
#12191=CARTESIAN_POINT('',(2.665,8.89,0.125));
#12192=CARTESIAN_POINT('Origin',(2.54,8.69,0.225));
#12193=CARTESIAN_POINT('',(2.865,8.49,0.325));
#12194=CARTESIAN_POINT('Origin',(2.215,8.89,0.325));
#12195=CARTESIAN_POINT('Origin',(2.215,8.89,0.325));
#12196=CARTESIAN_POINT('',(2.865,-2.648,0.325));
#12197=CARTESIAN_POINT('Origin',(2.54,-2.848,0.225));
#12198=CARTESIAN_POINT('',(2.415,-3.048,0.125));
#12199=CARTESIAN_POINT('',(2.415,-3.048,0.125));
#12200=CARTESIAN_POINT('',(2.665,-3.048,0.125));
#12201=CARTESIAN_POINT('',(2.665,-3.048,0.125));
#12202=CARTESIAN_POINT('',(2.665,-3.048,0.125));
#12203=CARTESIAN_POINT('Origin',(2.765,-2.848,0.));
#12204=CARTESIAN_POINT('',(2.665,-3.048,-0.125));
#12205=CARTESIAN_POINT('',(2.665,-3.048,0.125));
#12206=CARTESIAN_POINT('',(2.865,-2.648,-0.325));
#12207=CARTESIAN_POINT('Origin',(2.215,-3.048,0.325));
#12208=CARTESIAN_POINT('',(2.415,-3.048,-0.125));
#12209=CARTESIAN_POINT('',(2.665,-3.048,-0.125));
#12210=CARTESIAN_POINT('',(2.415,-3.048,-0.125));
#12211=CARTESIAN_POINT('Origin',(2.54,-2.848,-0.225));
#12212=CARTESIAN_POINT('',(2.415,-3.048,-0.125));
#12213=CARTESIAN_POINT('Origin',(2.315,-2.848,0.));
#12214=CARTESIAN_POINT('Origin',(6.096,0.,1.27));
#12215=CARTESIAN_POINT('Origin',(4.755,0.,0.));
#12216=CARTESIAN_POINT('',(4.755,8.49,0.325));
#12217=CARTESIAN_POINT('',(4.755,8.49,-0.325));
#12218=CARTESIAN_POINT('',(4.755,8.49,0.325));
#12219=CARTESIAN_POINT('',(4.755,2.54,-0.325));
#12220=CARTESIAN_POINT('',(4.755,8.49,0.325));
#12221=CARTESIAN_POINT('Origin',(4.755,0.,0.));
#12222=CARTESIAN_POINT('',(4.755,-2.648,-0.325));
#12223=CARTESIAN_POINT('',(4.755,-2.648,0.325));
#12224=CARTESIAN_POINT('',(4.755,-2.648,-0.325));
#12225=CARTESIAN_POINT('',(4.755,0.254,0.325));
#12226=CARTESIAN_POINT('',(4.755,-2.648,-0.325));
#12227=CARTESIAN_POINT('Origin',(4.855,8.69,0.));
#12228=CARTESIAN_POINT('',(4.955,8.89,0.125));
#12229=CARTESIAN_POINT('',(4.955,8.89,0.125));
#12230=CARTESIAN_POINT('',(4.955,8.89,-0.125));
#12231=CARTESIAN_POINT('',(4.955,8.89,0.125));
#12232=CARTESIAN_POINT('',(4.955,8.89,-0.125));
#12233=CARTESIAN_POINT('Origin',(5.08,8.69,-0.225));
#12234=CARTESIAN_POINT('',(5.405,8.49,-0.325));
#12235=CARTESIAN_POINT('',(5.405,8.49,-0.325));
#12236=CARTESIAN_POINT('',(5.205,8.89,-0.125));
#12237=CARTESIAN_POINT('',(5.205,8.89,-0.125));
#12238=CARTESIAN_POINT('',(5.205,8.89,-0.125));
#12239=CARTESIAN_POINT('Origin',(4.755,-3.048,-0.325));
#12240=CARTESIAN_POINT('',(5.405,2.54,-0.325));
#12241=CARTESIAN_POINT('Origin',(4.755,-3.048,-0.325));
#12242=CARTESIAN_POINT('',(5.405,-2.648,-0.325));
#12243=CARTESIAN_POINT('',(5.405,-2.648,-0.325));
#12244=CARTESIAN_POINT('',(5.405,-2.648,-0.325));
#12245=CARTESIAN_POINT('Origin',(5.405,0.,0.));
#12246=CARTESIAN_POINT('',(5.405,8.49,0.325));
#12247=CARTESIAN_POINT('',(5.405,8.49,-0.325));
#12248=CARTESIAN_POINT('',(5.405,8.49,0.325));
#12249=CARTESIAN_POINT('Origin',(5.405,0.,0.));
#12250=CARTESIAN_POINT('',(5.405,-2.648,0.325));
#12251=CARTESIAN_POINT('',(5.405,-2.648,0.325));
#12252=CARTESIAN_POINT('',(5.405,0.254,0.325));
#12253=CARTESIAN_POINT('Origin',(5.305,8.69,0.));
#12254=CARTESIAN_POINT('',(5.205,8.89,0.125));
#12255=CARTESIAN_POINT('',(5.205,8.89,-0.125));
#12256=CARTESIAN_POINT('',(5.205,8.89,0.125));
#12257=CARTESIAN_POINT('Origin',(4.755,8.89,-0.325));
#12258=CARTESIAN_POINT('',(5.205,8.89,0.125));
#12259=CARTESIAN_POINT('Origin',(5.08,8.69,0.225));
#12260=CARTESIAN_POINT('',(5.405,8.49,0.325));
#12261=CARTESIAN_POINT('Origin',(4.755,8.89,0.325));
#12262=CARTESIAN_POINT('Origin',(4.755,8.89,0.325));
#12263=CARTESIAN_POINT('',(5.405,-2.648,0.325));
#12264=CARTESIAN_POINT('Origin',(5.08,-2.848,0.225));
#12265=CARTESIAN_POINT('',(4.955,-3.048,0.125));
#12266=CARTESIAN_POINT('',(4.955,-3.048,0.125));
#12267=CARTESIAN_POINT('',(5.205,-3.048,0.125));
#12268=CARTESIAN_POINT('',(5.205,-3.048,0.125));
#12269=CARTESIAN_POINT('',(5.205,-3.048,0.125));
#12270=CARTESIAN_POINT('Origin',(5.305,-2.848,0.));
#12271=CARTESIAN_POINT('',(5.205,-3.048,-0.125));
#12272=CARTESIAN_POINT('',(5.205,-3.048,0.125));
#12273=CARTESIAN_POINT('',(5.405,-2.648,-0.325));
#12274=CARTESIAN_POINT('Origin',(4.755,-3.048,0.325));
#12275=CARTESIAN_POINT('',(4.955,-3.048,-0.125));
#12276=CARTESIAN_POINT('',(5.205,-3.048,-0.125));
#12277=CARTESIAN_POINT('',(4.955,-3.048,-0.125));
#12278=CARTESIAN_POINT('Origin',(5.08,-2.848,-0.225));
#12279=CARTESIAN_POINT('',(4.955,-3.048,-0.125));
#12280=CARTESIAN_POINT('Origin',(4.855,-2.848,0.));
#12281=CARTESIAN_POINT('Origin',(8.636,0.,1.27));
#12282=CARTESIAN_POINT('Origin',(7.295,0.,0.));
#12283=CARTESIAN_POINT('',(7.295,8.49,0.325));
#12284=CARTESIAN_POINT('',(7.295,8.49,-0.325));
#12285=CARTESIAN_POINT('',(7.295,8.49,0.325));
#12286=CARTESIAN_POINT('',(7.295,2.54,-0.325));
#12287=CARTESIAN_POINT('',(7.295,8.49,0.325));
#12288=CARTESIAN_POINT('Origin',(7.295,0.,0.));
#12289=CARTESIAN_POINT('',(7.295,-2.648,-0.325));
#12290=CARTESIAN_POINT('',(7.295,-2.648,0.325));
#12291=CARTESIAN_POINT('',(7.295,-2.648,-0.325));
#12292=CARTESIAN_POINT('',(7.295,0.254,0.325));
#12293=CARTESIAN_POINT('',(7.295,-2.648,-0.325));
#12294=CARTESIAN_POINT('Origin',(7.395,8.69,0.));
#12295=CARTESIAN_POINT('',(7.495,8.89,0.125));
#12296=CARTESIAN_POINT('',(7.495,8.89,0.125));
#12297=CARTESIAN_POINT('',(7.495,8.89,-0.125));
#12298=CARTESIAN_POINT('',(7.495,8.89,0.125));
#12299=CARTESIAN_POINT('',(7.495,8.89,-0.125));
#12300=CARTESIAN_POINT('Origin',(7.62,8.69,-0.225));
#12301=CARTESIAN_POINT('',(7.945,8.49,-0.325));
#12302=CARTESIAN_POINT('',(7.945,8.49,-0.325));
#12303=CARTESIAN_POINT('',(7.745,8.89,-0.125));
#12304=CARTESIAN_POINT('',(7.745,8.89,-0.125));
#12305=CARTESIAN_POINT('',(7.745,8.89,-0.125));
#12306=CARTESIAN_POINT('Origin',(7.295,-3.048,-0.325));
#12307=CARTESIAN_POINT('',(7.945,2.54,-0.325));
#12308=CARTESIAN_POINT('Origin',(7.295,-3.048,-0.325));
#12309=CARTESIAN_POINT('',(7.945,-2.648,-0.325));
#12310=CARTESIAN_POINT('',(7.945,-2.648,-0.325));
#12311=CARTESIAN_POINT('',(7.945,-2.648,-0.325));
#12312=CARTESIAN_POINT('Origin',(7.945,0.,0.));
#12313=CARTESIAN_POINT('',(7.945,8.49,0.325));
#12314=CARTESIAN_POINT('',(7.945,8.49,-0.325));
#12315=CARTESIAN_POINT('',(7.945,8.49,0.325));
#12316=CARTESIAN_POINT('Origin',(7.945,0.,0.));
#12317=CARTESIAN_POINT('',(7.945,-2.648,0.325));
#12318=CARTESIAN_POINT('',(7.945,-2.648,0.325));
#12319=CARTESIAN_POINT('',(7.945,0.254,0.325));
#12320=CARTESIAN_POINT('Origin',(7.845,8.69,0.));
#12321=CARTESIAN_POINT('',(7.745,8.89,0.125));
#12322=CARTESIAN_POINT('',(7.745,8.89,-0.125));
#12323=CARTESIAN_POINT('',(7.745,8.89,0.125));
#12324=CARTESIAN_POINT('Origin',(7.295,8.89,-0.325));
#12325=CARTESIAN_POINT('',(7.745,8.89,0.125));
#12326=CARTESIAN_POINT('Origin',(7.62,8.69,0.225));
#12327=CARTESIAN_POINT('',(7.945,8.49,0.325));
#12328=CARTESIAN_POINT('Origin',(7.295,8.89,0.325));
#12329=CARTESIAN_POINT('Origin',(7.295,8.89,0.325));
#12330=CARTESIAN_POINT('',(7.945,-2.648,0.325));
#12331=CARTESIAN_POINT('Origin',(7.62,-2.848,0.225));
#12332=CARTESIAN_POINT('',(7.495,-3.048,0.125));
#12333=CARTESIAN_POINT('',(7.495,-3.048,0.125));
#12334=CARTESIAN_POINT('',(7.745,-3.048,0.125));
#12335=CARTESIAN_POINT('',(7.745,-3.048,0.125));
#12336=CARTESIAN_POINT('',(7.745,-3.048,0.125));
#12337=CARTESIAN_POINT('Origin',(7.845,-2.848,0.));
#12338=CARTESIAN_POINT('',(7.745,-3.048,-0.125));
#12339=CARTESIAN_POINT('',(7.745,-3.048,0.125));
#12340=CARTESIAN_POINT('',(7.945,-2.648,-0.325));
#12341=CARTESIAN_POINT('Origin',(7.295,-3.048,0.325));
#12342=CARTESIAN_POINT('',(7.495,-3.048,-0.125));
#12343=CARTESIAN_POINT('',(7.745,-3.048,-0.125));
#12344=CARTESIAN_POINT('',(7.495,-3.048,-0.125));
#12345=CARTESIAN_POINT('Origin',(7.62,-2.848,-0.225));
#12346=CARTESIAN_POINT('',(7.495,-3.048,-0.125));
#12347=CARTESIAN_POINT('Origin',(7.395,-2.848,0.));
#12348=CARTESIAN_POINT('Origin',(11.176,0.,1.27));
#12349=CARTESIAN_POINT('Origin',(9.835,0.,0.));
#12350=CARTESIAN_POINT('',(9.835,8.49,0.325));
#12351=CARTESIAN_POINT('',(9.835,8.49,-0.325));
#12352=CARTESIAN_POINT('',(9.835,8.49,0.325));
#12353=CARTESIAN_POINT('',(9.835,2.54,-0.325));
#12354=CARTESIAN_POINT('',(9.835,8.49,0.325));
#12355=CARTESIAN_POINT('Origin',(9.835,0.,0.));
#12356=CARTESIAN_POINT('',(9.835,-2.648,-0.325));
#12357=CARTESIAN_POINT('',(9.835,-2.648,0.325));
#12358=CARTESIAN_POINT('',(9.835,-2.648,-0.325));
#12359=CARTESIAN_POINT('',(9.835,0.254,0.325));
#12360=CARTESIAN_POINT('',(9.835,-2.648,-0.325));
#12361=CARTESIAN_POINT('Origin',(9.935,8.69,0.));
#12362=CARTESIAN_POINT('',(10.035,8.89,0.125));
#12363=CARTESIAN_POINT('',(10.035,8.89,0.125));
#12364=CARTESIAN_POINT('',(10.035,8.89,-0.125));
#12365=CARTESIAN_POINT('',(10.035,8.89,0.125));
#12366=CARTESIAN_POINT('',(10.035,8.89,-0.125));
#12367=CARTESIAN_POINT('Origin',(10.16,8.69,-0.225));
#12368=CARTESIAN_POINT('',(10.485,8.49,-0.325));
#12369=CARTESIAN_POINT('',(10.485,8.49,-0.325));
#12370=CARTESIAN_POINT('',(10.285,8.89,-0.125));
#12371=CARTESIAN_POINT('',(10.285,8.89,-0.125));
#12372=CARTESIAN_POINT('',(10.285,8.89,-0.125));
#12373=CARTESIAN_POINT('Origin',(9.835,-3.048,-0.325));
#12374=CARTESIAN_POINT('',(10.485,2.54,-0.325));
#12375=CARTESIAN_POINT('Origin',(9.835,-3.048,-0.325));
#12376=CARTESIAN_POINT('',(10.485,-2.648,-0.325));
#12377=CARTESIAN_POINT('',(10.485,-2.648,-0.325));
#12378=CARTESIAN_POINT('',(10.485,-2.648,-0.325));
#12379=CARTESIAN_POINT('Origin',(10.485,0.,0.));
#12380=CARTESIAN_POINT('',(10.485,8.49,0.325));
#12381=CARTESIAN_POINT('',(10.485,8.49,-0.325));
#12382=CARTESIAN_POINT('',(10.485,8.49,0.325));
#12383=CARTESIAN_POINT('Origin',(10.485,0.,0.));
#12384=CARTESIAN_POINT('',(10.485,-2.648,0.325));
#12385=CARTESIAN_POINT('',(10.485,-2.648,0.325));
#12386=CARTESIAN_POINT('',(10.485,0.254,0.325));
#12387=CARTESIAN_POINT('Origin',(10.385,8.69,0.));
#12388=CARTESIAN_POINT('',(10.285,8.89,0.125));
#12389=CARTESIAN_POINT('',(10.285,8.89,-0.125));
#12390=CARTESIAN_POINT('',(10.285,8.89,0.125));
#12391=CARTESIAN_POINT('Origin',(9.835,8.89,-0.325));
#12392=CARTESIAN_POINT('',(10.285,8.89,0.125));
#12393=CARTESIAN_POINT('Origin',(10.16,8.69,0.225));
#12394=CARTESIAN_POINT('',(10.485,8.49,0.325));
#12395=CARTESIAN_POINT('Origin',(9.835,8.89,0.325));
#12396=CARTESIAN_POINT('Origin',(9.835,8.89,0.325));
#12397=CARTESIAN_POINT('',(10.485,-2.648,0.325));
#12398=CARTESIAN_POINT('Origin',(10.16,-2.848,0.225));
#12399=CARTESIAN_POINT('',(10.035,-3.048,0.125));
#12400=CARTESIAN_POINT('',(10.035,-3.048,0.125));
#12401=CARTESIAN_POINT('',(10.285,-3.048,0.125));
#12402=CARTESIAN_POINT('',(10.285,-3.048,0.125));
#12403=CARTESIAN_POINT('',(10.285,-3.048,0.125));
#12404=CARTESIAN_POINT('Origin',(10.385,-2.848,0.));
#12405=CARTESIAN_POINT('',(10.285,-3.048,-0.125));
#12406=CARTESIAN_POINT('',(10.285,-3.048,0.125));
#12407=CARTESIAN_POINT('',(10.485,-2.648,-0.325));
#12408=CARTESIAN_POINT('Origin',(9.835,-3.048,0.325));
#12409=CARTESIAN_POINT('',(10.035,-3.048,-0.125));
#12410=CARTESIAN_POINT('',(10.285,-3.048,-0.125));
#12411=CARTESIAN_POINT('',(10.035,-3.048,-0.125));
#12412=CARTESIAN_POINT('Origin',(10.16,-2.848,-0.225));
#12413=CARTESIAN_POINT('',(10.035,-3.048,-0.125));
#12414=CARTESIAN_POINT('Origin',(9.935,-2.848,0.));
#12415=CARTESIAN_POINT('Origin',(13.716,0.,1.27));
#12416=CARTESIAN_POINT('Origin',(12.375,0.,0.));
#12417=CARTESIAN_POINT('',(12.375,8.49,0.325));
#12418=CARTESIAN_POINT('',(12.375,8.49,-0.325));
#12419=CARTESIAN_POINT('',(12.375,8.49,0.325));
#12420=CARTESIAN_POINT('',(12.375,2.54,-0.325));
#12421=CARTESIAN_POINT('',(12.375,8.49,0.325));
#12422=CARTESIAN_POINT('Origin',(12.375,0.,0.));
#12423=CARTESIAN_POINT('',(12.375,-2.648,-0.325));
#12424=CARTESIAN_POINT('',(12.375,-2.648,0.325));
#12425=CARTESIAN_POINT('',(12.375,-2.648,-0.325));
#12426=CARTESIAN_POINT('',(12.375,0.254,0.325));
#12427=CARTESIAN_POINT('',(12.375,-2.648,-0.325));
#12428=CARTESIAN_POINT('Origin',(12.475,8.69,0.));
#12429=CARTESIAN_POINT('',(12.575,8.89,0.125));
#12430=CARTESIAN_POINT('',(12.575,8.89,0.125));
#12431=CARTESIAN_POINT('',(12.575,8.89,-0.125));
#12432=CARTESIAN_POINT('',(12.575,8.89,0.125));
#12433=CARTESIAN_POINT('',(12.575,8.89,-0.125));
#12434=CARTESIAN_POINT('Origin',(12.7,8.69,-0.225));
#12435=CARTESIAN_POINT('',(13.025,8.49,-0.325));
#12436=CARTESIAN_POINT('',(13.025,8.49,-0.325));
#12437=CARTESIAN_POINT('',(12.825,8.89,-0.125));
#12438=CARTESIAN_POINT('',(12.825,8.89,-0.125));
#12439=CARTESIAN_POINT('',(12.825,8.89,-0.125));
#12440=CARTESIAN_POINT('Origin',(12.375,-3.048,-0.325));
#12441=CARTESIAN_POINT('',(13.025,2.54,-0.325));
#12442=CARTESIAN_POINT('Origin',(12.375,-3.048,-0.325));
#12443=CARTESIAN_POINT('',(13.025,-2.648,-0.325));
#12444=CARTESIAN_POINT('',(13.025,-2.648,-0.325));
#12445=CARTESIAN_POINT('',(13.025,-2.648,-0.325));
#12446=CARTESIAN_POINT('Origin',(13.025,0.,0.));
#12447=CARTESIAN_POINT('',(13.025,8.49,0.325));
#12448=CARTESIAN_POINT('',(13.025,8.49,-0.325));
#12449=CARTESIAN_POINT('',(13.025,8.49,0.325));
#12450=CARTESIAN_POINT('Origin',(13.025,0.,0.));
#12451=CARTESIAN_POINT('',(13.025,-2.648,0.325));
#12452=CARTESIAN_POINT('',(13.025,-2.648,0.325));
#12453=CARTESIAN_POINT('',(13.025,0.254,0.325));
#12454=CARTESIAN_POINT('Origin',(12.925,8.69,0.));
#12455=CARTESIAN_POINT('',(12.825,8.89,0.125));
#12456=CARTESIAN_POINT('',(12.825,8.89,-0.125));
#12457=CARTESIAN_POINT('',(12.825,8.89,0.125));
#12458=CARTESIAN_POINT('Origin',(12.375,8.89,-0.325));
#12459=CARTESIAN_POINT('',(12.825,8.89,0.125));
#12460=CARTESIAN_POINT('Origin',(12.7,8.69,0.225));
#12461=CARTESIAN_POINT('',(13.025,8.49,0.325));
#12462=CARTESIAN_POINT('Origin',(12.375,8.89,0.325));
#12463=CARTESIAN_POINT('Origin',(12.375,8.89,0.325));
#12464=CARTESIAN_POINT('',(13.025,-2.648,0.325));
#12465=CARTESIAN_POINT('Origin',(12.7,-2.848,0.225));
#12466=CARTESIAN_POINT('',(12.575,-3.048,0.125));
#12467=CARTESIAN_POINT('',(12.575,-3.048,0.125));
#12468=CARTESIAN_POINT('',(12.825,-3.048,0.125));
#12469=CARTESIAN_POINT('',(12.825,-3.048,0.125));
#12470=CARTESIAN_POINT('',(12.825,-3.048,0.125));
#12471=CARTESIAN_POINT('Origin',(12.925,-2.848,0.));
#12472=CARTESIAN_POINT('',(12.825,-3.048,-0.125));
#12473=CARTESIAN_POINT('',(12.825,-3.048,0.125));
#12474=CARTESIAN_POINT('',(13.025,-2.648,-0.325));
#12475=CARTESIAN_POINT('Origin',(12.375,-3.048,0.325));
#12476=CARTESIAN_POINT('',(12.575,-3.048,-0.125));
#12477=CARTESIAN_POINT('',(12.825,-3.048,-0.125));
#12478=CARTESIAN_POINT('',(12.575,-3.048,-0.125));
#12479=CARTESIAN_POINT('Origin',(12.7,-2.848,-0.225));
#12480=CARTESIAN_POINT('',(12.575,-3.048,-0.125));
#12481=CARTESIAN_POINT('Origin',(12.475,-2.848,0.));
#12482=CARTESIAN_POINT('Origin',(16.256,0.,1.27));
#12483=CARTESIAN_POINT('Origin',(14.915,0.,0.));
#12484=CARTESIAN_POINT('',(14.915,8.49,0.325));
#12485=CARTESIAN_POINT('',(14.915,8.49,-0.325));
#12486=CARTESIAN_POINT('',(14.915,8.49,0.325));
#12487=CARTESIAN_POINT('',(14.915,2.54,-0.325));
#12488=CARTESIAN_POINT('',(14.915,8.49,0.325));
#12489=CARTESIAN_POINT('Origin',(14.915,0.,0.));
#12490=CARTESIAN_POINT('',(14.915,-2.648,-0.325));
#12491=CARTESIAN_POINT('',(14.915,-2.648,0.325));
#12492=CARTESIAN_POINT('',(14.915,-2.648,-0.325));
#12493=CARTESIAN_POINT('',(14.915,0.254,0.325));
#12494=CARTESIAN_POINT('',(14.915,-2.648,-0.325));
#12495=CARTESIAN_POINT('Origin',(15.015,8.69,0.));
#12496=CARTESIAN_POINT('',(15.115,8.89,0.125));
#12497=CARTESIAN_POINT('',(15.115,8.89,0.125));
#12498=CARTESIAN_POINT('',(15.115,8.89,-0.125));
#12499=CARTESIAN_POINT('',(15.115,8.89,0.125));
#12500=CARTESIAN_POINT('',(15.115,8.89,-0.125));
#12501=CARTESIAN_POINT('Origin',(15.24,8.69,-0.225));
#12502=CARTESIAN_POINT('',(15.565,8.49,-0.325));
#12503=CARTESIAN_POINT('',(15.565,8.49,-0.325));
#12504=CARTESIAN_POINT('',(15.365,8.89,-0.125));
#12505=CARTESIAN_POINT('',(15.365,8.89,-0.125));
#12506=CARTESIAN_POINT('',(15.365,8.89,-0.125));
#12507=CARTESIAN_POINT('Origin',(14.915,-3.048,-0.325));
#12508=CARTESIAN_POINT('',(15.565,2.54,-0.325));
#12509=CARTESIAN_POINT('Origin',(14.915,-3.048,-0.325));
#12510=CARTESIAN_POINT('',(15.565,-2.648,-0.325));
#12511=CARTESIAN_POINT('',(15.565,-2.648,-0.325));
#12512=CARTESIAN_POINT('',(15.565,-2.648,-0.325));
#12513=CARTESIAN_POINT('Origin',(15.565,0.,0.));
#12514=CARTESIAN_POINT('',(15.565,8.49,0.325));
#12515=CARTESIAN_POINT('',(15.565,8.49,-0.325));
#12516=CARTESIAN_POINT('',(15.565,8.49,0.325));
#12517=CARTESIAN_POINT('Origin',(15.565,0.,0.));
#12518=CARTESIAN_POINT('',(15.565,-2.648,0.325));
#12519=CARTESIAN_POINT('',(15.565,-2.648,0.325));
#12520=CARTESIAN_POINT('',(15.565,0.254,0.325));
#12521=CARTESIAN_POINT('Origin',(15.465,8.69,0.));
#12522=CARTESIAN_POINT('',(15.365,8.89,0.125));
#12523=CARTESIAN_POINT('',(15.365,8.89,-0.125));
#12524=CARTESIAN_POINT('',(15.365,8.89,0.125));
#12525=CARTESIAN_POINT('Origin',(14.915,8.89,-0.325));
#12526=CARTESIAN_POINT('',(15.365,8.89,0.125));
#12527=CARTESIAN_POINT('Origin',(15.24,8.69,0.225));
#12528=CARTESIAN_POINT('',(15.565,8.49,0.325));
#12529=CARTESIAN_POINT('Origin',(14.915,8.89,0.325));
#12530=CARTESIAN_POINT('Origin',(14.915,8.89,0.325));
#12531=CARTESIAN_POINT('',(15.565,-2.648,0.325));
#12532=CARTESIAN_POINT('Origin',(15.24,-2.848,0.225));
#12533=CARTESIAN_POINT('',(15.115,-3.048,0.125));
#12534=CARTESIAN_POINT('',(15.115,-3.048,0.125));
#12535=CARTESIAN_POINT('',(15.365,-3.048,0.125));
#12536=CARTESIAN_POINT('',(15.365,-3.048,0.125));
#12537=CARTESIAN_POINT('',(15.365,-3.048,0.125));
#12538=CARTESIAN_POINT('Origin',(15.465,-2.848,0.));
#12539=CARTESIAN_POINT('',(15.365,-3.048,-0.125));
#12540=CARTESIAN_POINT('',(15.365,-3.048,0.125));
#12541=CARTESIAN_POINT('',(15.565,-2.648,-0.325));
#12542=CARTESIAN_POINT('Origin',(14.915,-3.048,0.325));
#12543=CARTESIAN_POINT('',(15.115,-3.048,-0.125));
#12544=CARTESIAN_POINT('',(15.365,-3.048,-0.125));
#12545=CARTESIAN_POINT('',(15.115,-3.048,-0.125));
#12546=CARTESIAN_POINT('Origin',(15.24,-2.848,-0.225));
#12547=CARTESIAN_POINT('',(15.115,-3.048,-0.125));
#12548=CARTESIAN_POINT('Origin',(15.015,-2.848,0.));
#12549=CARTESIAN_POINT('Origin',(18.796,0.,1.27));
#12550=CARTESIAN_POINT('Origin',(17.455,0.,0.));
#12551=CARTESIAN_POINT('',(17.455,8.49,0.325));
#12552=CARTESIAN_POINT('',(17.455,8.49,-0.325));
#12553=CARTESIAN_POINT('',(17.455,8.49,0.325));
#12554=CARTESIAN_POINT('',(17.455,2.54,-0.325));
#12555=CARTESIAN_POINT('',(17.455,8.49,0.325));
#12556=CARTESIAN_POINT('Origin',(17.455,0.,0.));
#12557=CARTESIAN_POINT('',(17.455,-2.648,-0.325));
#12558=CARTESIAN_POINT('',(17.455,-2.648,0.325));
#12559=CARTESIAN_POINT('',(17.455,-2.648,-0.325));
#12560=CARTESIAN_POINT('',(17.455,0.254,0.325));
#12561=CARTESIAN_POINT('',(17.455,-2.648,-0.325));
#12562=CARTESIAN_POINT('Origin',(17.555,8.69,0.));
#12563=CARTESIAN_POINT('',(17.655,8.89,0.125));
#12564=CARTESIAN_POINT('',(17.655,8.89,0.125));
#12565=CARTESIAN_POINT('',(17.655,8.89,-0.125));
#12566=CARTESIAN_POINT('',(17.655,8.89,0.125));
#12567=CARTESIAN_POINT('',(17.655,8.89,-0.125));
#12568=CARTESIAN_POINT('Origin',(17.78,8.69,-0.225));
#12569=CARTESIAN_POINT('',(18.105,8.49,-0.325));
#12570=CARTESIAN_POINT('',(18.105,8.49,-0.325));
#12571=CARTESIAN_POINT('',(17.905,8.89,-0.125));
#12572=CARTESIAN_POINT('',(17.905,8.89,-0.125));
#12573=CARTESIAN_POINT('',(17.905,8.89,-0.125));
#12574=CARTESIAN_POINT('Origin',(17.455,-3.048,-0.325));
#12575=CARTESIAN_POINT('',(18.105,2.54,-0.325));
#12576=CARTESIAN_POINT('Origin',(17.455,-3.048,-0.325));
#12577=CARTESIAN_POINT('',(18.105,-2.648,-0.325));
#12578=CARTESIAN_POINT('',(18.105,-2.648,-0.325));
#12579=CARTESIAN_POINT('',(18.105,-2.648,-0.325));
#12580=CARTESIAN_POINT('Origin',(18.105,0.,0.));
#12581=CARTESIAN_POINT('',(18.105,8.49,0.325));
#12582=CARTESIAN_POINT('',(18.105,8.49,-0.325));
#12583=CARTESIAN_POINT('',(18.105,8.49,0.325));
#12584=CARTESIAN_POINT('Origin',(18.105,0.,0.));
#12585=CARTESIAN_POINT('',(18.105,-2.648,0.325));
#12586=CARTESIAN_POINT('',(18.105,-2.648,0.325));
#12587=CARTESIAN_POINT('',(18.105,0.254,0.325));
#12588=CARTESIAN_POINT('Origin',(18.005,8.69,0.));
#12589=CARTESIAN_POINT('',(17.905,8.89,0.125));
#12590=CARTESIAN_POINT('',(17.905,8.89,-0.125));
#12591=CARTESIAN_POINT('',(17.905,8.89,0.125));
#12592=CARTESIAN_POINT('Origin',(17.455,8.89,-0.325));
#12593=CARTESIAN_POINT('',(17.905,8.89,0.125));
#12594=CARTESIAN_POINT('Origin',(17.78,8.69,0.225));
#12595=CARTESIAN_POINT('',(18.105,8.49,0.325));
#12596=CARTESIAN_POINT('Origin',(17.455,8.89,0.325));
#12597=CARTESIAN_POINT('Origin',(17.455,8.89,0.325));
#12598=CARTESIAN_POINT('',(18.105,-2.648,0.325));
#12599=CARTESIAN_POINT('Origin',(17.78,-2.848,0.225));
#12600=CARTESIAN_POINT('',(17.655,-3.048,0.125));
#12601=CARTESIAN_POINT('',(17.655,-3.048,0.125));
#12602=CARTESIAN_POINT('',(17.905,-3.048,0.125));
#12603=CARTESIAN_POINT('',(17.905,-3.048,0.125));
#12604=CARTESIAN_POINT('',(17.905,-3.048,0.125));
#12605=CARTESIAN_POINT('Origin',(18.005,-2.848,0.));
#12606=CARTESIAN_POINT('',(17.905,-3.048,-0.125));
#12607=CARTESIAN_POINT('',(17.905,-3.048,0.125));
#12608=CARTESIAN_POINT('',(18.105,-2.648,-0.325));
#12609=CARTESIAN_POINT('Origin',(17.455,-3.048,0.325));
#12610=CARTESIAN_POINT('',(17.655,-3.048,-0.125));
#12611=CARTESIAN_POINT('',(17.905,-3.048,-0.125));
#12612=CARTESIAN_POINT('',(17.655,-3.048,-0.125));
#12613=CARTESIAN_POINT('Origin',(17.78,-2.848,-0.225));
#12614=CARTESIAN_POINT('',(17.655,-3.048,-0.125));
#12615=CARTESIAN_POINT('Origin',(17.555,-2.848,0.));
#12616=CARTESIAN_POINT('Origin',(21.336,0.,1.27));
#12617=CARTESIAN_POINT('Origin',(19.995,0.,0.));
#12618=CARTESIAN_POINT('',(19.995,8.49,0.325));
#12619=CARTESIAN_POINT('',(19.995,8.49,-0.325));
#12620=CARTESIAN_POINT('',(19.995,8.49,0.325));
#12621=CARTESIAN_POINT('',(19.995,2.54,-0.325));
#12622=CARTESIAN_POINT('',(19.995,8.49,0.325));
#12623=CARTESIAN_POINT('Origin',(19.995,0.,0.));
#12624=CARTESIAN_POINT('',(19.995,-2.648,-0.325));
#12625=CARTESIAN_POINT('',(19.995,-2.648,0.325));
#12626=CARTESIAN_POINT('',(19.995,-2.648,-0.325));
#12627=CARTESIAN_POINT('',(19.995,0.254,0.325));
#12628=CARTESIAN_POINT('',(19.995,-2.648,-0.325));
#12629=CARTESIAN_POINT('Origin',(20.095,8.69,0.));
#12630=CARTESIAN_POINT('',(20.195,8.89,0.125));
#12631=CARTESIAN_POINT('',(20.195,8.89,0.125));
#12632=CARTESIAN_POINT('',(20.195,8.89,-0.125));
#12633=CARTESIAN_POINT('',(20.195,8.89,0.125));
#12634=CARTESIAN_POINT('',(20.195,8.89,-0.125));
#12635=CARTESIAN_POINT('Origin',(20.32,8.69,-0.225));
#12636=CARTESIAN_POINT('',(20.645,8.49,-0.325));
#12637=CARTESIAN_POINT('',(20.645,8.49,-0.325));
#12638=CARTESIAN_POINT('',(20.445,8.89,-0.125));
#12639=CARTESIAN_POINT('',(20.445,8.89,-0.125));
#12640=CARTESIAN_POINT('',(20.445,8.89,-0.125));
#12641=CARTESIAN_POINT('Origin',(19.995,-3.048,-0.325));
#12642=CARTESIAN_POINT('',(20.645,2.54,-0.325));
#12643=CARTESIAN_POINT('Origin',(19.995,-3.048,-0.325));
#12644=CARTESIAN_POINT('',(20.645,-2.648,-0.325));
#12645=CARTESIAN_POINT('',(20.645,-2.648,-0.325));
#12646=CARTESIAN_POINT('',(20.645,-2.648,-0.325));
#12647=CARTESIAN_POINT('Origin',(20.645,0.,0.));
#12648=CARTESIAN_POINT('',(20.645,8.49,0.325));
#12649=CARTESIAN_POINT('',(20.645,8.49,-0.325));
#12650=CARTESIAN_POINT('',(20.645,8.49,0.325));
#12651=CARTESIAN_POINT('Origin',(20.645,0.,0.));
#12652=CARTESIAN_POINT('',(20.645,-2.648,0.325));
#12653=CARTESIAN_POINT('',(20.645,-2.648,0.325));
#12654=CARTESIAN_POINT('',(20.645,0.254,0.325));
#12655=CARTESIAN_POINT('Origin',(20.545,8.69,0.));
#12656=CARTESIAN_POINT('',(20.445,8.89,0.125));
#12657=CARTESIAN_POINT('',(20.445,8.89,-0.125));
#12658=CARTESIAN_POINT('',(20.445,8.89,0.125));
#12659=CARTESIAN_POINT('Origin',(19.995,8.89,-0.325));
#12660=CARTESIAN_POINT('',(20.445,8.89,0.125));
#12661=CARTESIAN_POINT('Origin',(20.32,8.69,0.225));
#12662=CARTESIAN_POINT('',(20.645,8.49,0.325));
#12663=CARTESIAN_POINT('Origin',(19.995,8.89,0.325));
#12664=CARTESIAN_POINT('Origin',(19.995,8.89,0.325));
#12665=CARTESIAN_POINT('',(20.645,-2.648,0.325));
#12666=CARTESIAN_POINT('Origin',(20.32,-2.848,0.225));
#12667=CARTESIAN_POINT('',(20.195,-3.048,0.125));
#12668=CARTESIAN_POINT('',(20.195,-3.048,0.125));
#12669=CARTESIAN_POINT('',(20.445,-3.048,0.125));
#12670=CARTESIAN_POINT('',(20.445,-3.048,0.125));
#12671=CARTESIAN_POINT('',(20.445,-3.048,0.125));
#12672=CARTESIAN_POINT('Origin',(20.545,-2.848,0.));
#12673=CARTESIAN_POINT('',(20.445,-3.048,-0.125));
#12674=CARTESIAN_POINT('',(20.445,-3.048,0.125));
#12675=CARTESIAN_POINT('',(20.645,-2.648,-0.325));
#12676=CARTESIAN_POINT('Origin',(19.995,-3.048,0.325));
#12677=CARTESIAN_POINT('',(20.195,-3.048,-0.125));
#12678=CARTESIAN_POINT('',(20.445,-3.048,-0.125));
#12679=CARTESIAN_POINT('',(20.195,-3.048,-0.125));
#12680=CARTESIAN_POINT('Origin',(20.32,-2.848,-0.225));
#12681=CARTESIAN_POINT('',(20.195,-3.048,-0.125));
#12682=CARTESIAN_POINT('Origin',(20.095,-2.848,0.));
#12683=CARTESIAN_POINT('Origin',(23.876,0.,1.27));
#12684=CARTESIAN_POINT('Origin',(22.535,0.,0.));
#12685=CARTESIAN_POINT('',(22.535,8.49,0.325));
#12686=CARTESIAN_POINT('',(22.535,8.49,-0.325));
#12687=CARTESIAN_POINT('',(22.535,8.49,0.325));
#12688=CARTESIAN_POINT('',(22.535,2.54,-0.325));
#12689=CARTESIAN_POINT('',(22.535,8.49,0.325));
#12690=CARTESIAN_POINT('Origin',(22.535,0.,0.));
#12691=CARTESIAN_POINT('',(22.535,-2.648,-0.325));
#12692=CARTESIAN_POINT('',(22.535,-2.648,0.325));
#12693=CARTESIAN_POINT('',(22.535,-2.648,-0.325));
#12694=CARTESIAN_POINT('',(22.535,0.254,0.325));
#12695=CARTESIAN_POINT('',(22.535,-2.648,-0.325));
#12696=CARTESIAN_POINT('Origin',(22.635,8.69,0.));
#12697=CARTESIAN_POINT('',(22.735,8.89,0.125));
#12698=CARTESIAN_POINT('',(22.735,8.89,0.125));
#12699=CARTESIAN_POINT('',(22.735,8.89,-0.125));
#12700=CARTESIAN_POINT('',(22.735,8.89,0.125));
#12701=CARTESIAN_POINT('',(22.735,8.89,-0.125));
#12702=CARTESIAN_POINT('Origin',(22.86,8.69,-0.225));
#12703=CARTESIAN_POINT('',(23.185,8.49,-0.325));
#12704=CARTESIAN_POINT('',(23.185,8.49,-0.325));
#12705=CARTESIAN_POINT('',(22.985,8.89,-0.125));
#12706=CARTESIAN_POINT('',(22.985,8.89,-0.125));
#12707=CARTESIAN_POINT('',(22.985,8.89,-0.125));
#12708=CARTESIAN_POINT('Origin',(22.535,-3.048,-0.325));
#12709=CARTESIAN_POINT('',(23.185,2.54,-0.325));
#12710=CARTESIAN_POINT('Origin',(22.535,-3.048,-0.325));
#12711=CARTESIAN_POINT('',(23.185,-2.648,-0.325));
#12712=CARTESIAN_POINT('',(23.185,-2.648,-0.325));
#12713=CARTESIAN_POINT('',(23.185,-2.648,-0.325));
#12714=CARTESIAN_POINT('Origin',(23.185,0.,0.));
#12715=CARTESIAN_POINT('',(23.185,8.49,0.325));
#12716=CARTESIAN_POINT('',(23.185,8.49,-0.325));
#12717=CARTESIAN_POINT('',(23.185,8.49,0.325));
#12718=CARTESIAN_POINT('Origin',(23.185,0.,0.));
#12719=CARTESIAN_POINT('',(23.185,-2.648,0.325));
#12720=CARTESIAN_POINT('',(23.185,-2.648,0.325));
#12721=CARTESIAN_POINT('',(23.185,0.254,0.325));
#12722=CARTESIAN_POINT('Origin',(23.085,8.69,0.));
#12723=CARTESIAN_POINT('',(22.985,8.89,0.125));
#12724=CARTESIAN_POINT('',(22.985,8.89,-0.125));
#12725=CARTESIAN_POINT('',(22.985,8.89,0.125));
#12726=CARTESIAN_POINT('Origin',(22.535,8.89,-0.325));
#12727=CARTESIAN_POINT('',(22.985,8.89,0.125));
#12728=CARTESIAN_POINT('Origin',(22.86,8.69,0.225));
#12729=CARTESIAN_POINT('',(23.185,8.49,0.325));
#12730=CARTESIAN_POINT('Origin',(22.535,8.89,0.325));
#12731=CARTESIAN_POINT('Origin',(22.535,8.89,0.325));
#12732=CARTESIAN_POINT('',(23.185,-2.648,0.325));
#12733=CARTESIAN_POINT('Origin',(22.86,-2.848,0.225));
#12734=CARTESIAN_POINT('',(22.735,-3.048,0.125));
#12735=CARTESIAN_POINT('',(22.735,-3.048,0.125));
#12736=CARTESIAN_POINT('',(22.985,-3.048,0.125));
#12737=CARTESIAN_POINT('',(22.985,-3.048,0.125));
#12738=CARTESIAN_POINT('',(22.985,-3.048,0.125));
#12739=CARTESIAN_POINT('Origin',(23.085,-2.848,0.));
#12740=CARTESIAN_POINT('',(22.985,-3.048,-0.125));
#12741=CARTESIAN_POINT('',(22.985,-3.048,0.125));
#12742=CARTESIAN_POINT('',(23.185,-2.648,-0.325));
#12743=CARTESIAN_POINT('Origin',(22.535,-3.048,0.325));
#12744=CARTESIAN_POINT('',(22.735,-3.048,-0.125));
#12745=CARTESIAN_POINT('',(22.985,-3.048,-0.125));
#12746=CARTESIAN_POINT('',(22.735,-3.048,-0.125));
#12747=CARTESIAN_POINT('Origin',(22.86,-2.848,-0.225));
#12748=CARTESIAN_POINT('',(22.735,-3.048,-0.125));
#12749=CARTESIAN_POINT('Origin',(22.635,-2.848,0.));
#12750=CARTESIAN_POINT('Origin',(26.416,0.,1.27));
#12751=CARTESIAN_POINT('Origin',(25.075,0.,0.));
#12752=CARTESIAN_POINT('',(25.075,8.49,0.325));
#12753=CARTESIAN_POINT('',(25.075,8.49,-0.325));
#12754=CARTESIAN_POINT('',(25.075,8.49,0.325));
#12755=CARTESIAN_POINT('',(25.075,2.54,-0.325));
#12756=CARTESIAN_POINT('',(25.075,8.49,0.325));
#12757=CARTESIAN_POINT('Origin',(25.075,0.,0.));
#12758=CARTESIAN_POINT('',(25.075,-2.648,-0.325));
#12759=CARTESIAN_POINT('',(25.075,-2.648,0.325));
#12760=CARTESIAN_POINT('',(25.075,-2.648,-0.325));
#12761=CARTESIAN_POINT('',(25.075,0.254,0.325));
#12762=CARTESIAN_POINT('',(25.075,-2.648,-0.325));
#12763=CARTESIAN_POINT('Origin',(25.175,8.69,0.));
#12764=CARTESIAN_POINT('',(25.275,8.89,0.125));
#12765=CARTESIAN_POINT('',(25.275,8.89,0.125));
#12766=CARTESIAN_POINT('',(25.275,8.89,-0.125));
#12767=CARTESIAN_POINT('',(25.275,8.89,0.125));
#12768=CARTESIAN_POINT('',(25.275,8.89,-0.125));
#12769=CARTESIAN_POINT('Origin',(25.4,8.69,-0.225));
#12770=CARTESIAN_POINT('',(25.725,8.49,-0.325));
#12771=CARTESIAN_POINT('',(25.725,8.49,-0.325));
#12772=CARTESIAN_POINT('',(25.525,8.89,-0.125));
#12773=CARTESIAN_POINT('',(25.525,8.89,-0.125));
#12774=CARTESIAN_POINT('',(25.525,8.89,-0.125));
#12775=CARTESIAN_POINT('Origin',(25.075,-3.048,-0.325));
#12776=CARTESIAN_POINT('',(25.725,2.54,-0.325));
#12777=CARTESIAN_POINT('Origin',(25.075,-3.048,-0.325));
#12778=CARTESIAN_POINT('',(25.725,-2.648,-0.325));
#12779=CARTESIAN_POINT('',(25.725,-2.648,-0.325));
#12780=CARTESIAN_POINT('',(25.725,-2.648,-0.325));
#12781=CARTESIAN_POINT('Origin',(25.725,0.,0.));
#12782=CARTESIAN_POINT('',(25.725,8.49,0.325));
#12783=CARTESIAN_POINT('',(25.725,8.49,-0.325));
#12784=CARTESIAN_POINT('',(25.725,8.49,0.325));
#12785=CARTESIAN_POINT('Origin',(25.725,0.,0.));
#12786=CARTESIAN_POINT('',(25.725,-2.648,0.325));
#12787=CARTESIAN_POINT('',(25.725,-2.648,0.325));
#12788=CARTESIAN_POINT('',(25.725,0.254,0.325));
#12789=CARTESIAN_POINT('Origin',(25.625,8.69,0.));
#12790=CARTESIAN_POINT('',(25.525,8.89,0.125));
#12791=CARTESIAN_POINT('',(25.525,8.89,-0.125));
#12792=CARTESIAN_POINT('',(25.525,8.89,0.125));
#12793=CARTESIAN_POINT('Origin',(25.075,8.89,-0.325));
#12794=CARTESIAN_POINT('',(25.525,8.89,0.125));
#12795=CARTESIAN_POINT('Origin',(25.4,8.69,0.225));
#12796=CARTESIAN_POINT('',(25.725,8.49,0.325));
#12797=CARTESIAN_POINT('Origin',(25.075,8.89,0.325));
#12798=CARTESIAN_POINT('Origin',(25.075,8.89,0.325));
#12799=CARTESIAN_POINT('',(25.725,-2.648,0.325));
#12800=CARTESIAN_POINT('Origin',(25.4,-2.848,0.225));
#12801=CARTESIAN_POINT('',(25.275,-3.048,0.125));
#12802=CARTESIAN_POINT('',(25.275,-3.048,0.125));
#12803=CARTESIAN_POINT('',(25.525,-3.048,0.125));
#12804=CARTESIAN_POINT('',(25.525,-3.048,0.125));
#12805=CARTESIAN_POINT('',(25.525,-3.048,0.125));
#12806=CARTESIAN_POINT('Origin',(25.625,-2.848,0.));
#12807=CARTESIAN_POINT('',(25.525,-3.048,-0.125));
#12808=CARTESIAN_POINT('',(25.525,-3.048,0.125));
#12809=CARTESIAN_POINT('',(25.725,-2.648,-0.325));
#12810=CARTESIAN_POINT('Origin',(25.075,-3.048,0.325));
#12811=CARTESIAN_POINT('',(25.275,-3.048,-0.125));
#12812=CARTESIAN_POINT('',(25.525,-3.048,-0.125));
#12813=CARTESIAN_POINT('',(25.275,-3.048,-0.125));
#12814=CARTESIAN_POINT('Origin',(25.4,-2.848,-0.225));
#12815=CARTESIAN_POINT('',(25.275,-3.048,-0.125));
#12816=CARTESIAN_POINT('Origin',(25.175,-2.848,0.));
#12817=CARTESIAN_POINT('Origin',(28.956,0.,1.27));
#12818=CARTESIAN_POINT('Origin',(27.615,0.,0.));
#12819=CARTESIAN_POINT('',(27.615,8.49,0.325));
#12820=CARTESIAN_POINT('',(27.615,8.49,-0.325));
#12821=CARTESIAN_POINT('',(27.615,8.49,0.325));
#12822=CARTESIAN_POINT('',(27.615,2.54,-0.325));
#12823=CARTESIAN_POINT('',(27.615,8.49,0.325));
#12824=CARTESIAN_POINT('Origin',(27.615,0.,0.));
#12825=CARTESIAN_POINT('',(27.615,-2.648,-0.325));
#12826=CARTESIAN_POINT('',(27.615,-2.648,0.325));
#12827=CARTESIAN_POINT('',(27.615,-2.648,-0.325));
#12828=CARTESIAN_POINT('',(27.615,0.254,0.325));
#12829=CARTESIAN_POINT('',(27.615,-2.648,-0.325));
#12830=CARTESIAN_POINT('Origin',(27.715,8.69,0.));
#12831=CARTESIAN_POINT('',(27.815,8.89,0.125));
#12832=CARTESIAN_POINT('',(27.815,8.89,0.125));
#12833=CARTESIAN_POINT('',(27.815,8.89,-0.125));
#12834=CARTESIAN_POINT('',(27.815,8.89,0.125));
#12835=CARTESIAN_POINT('',(27.815,8.89,-0.125));
#12836=CARTESIAN_POINT('Origin',(27.94,8.69,-0.225));
#12837=CARTESIAN_POINT('',(28.265,8.49,-0.325));
#12838=CARTESIAN_POINT('',(28.265,8.49,-0.325));
#12839=CARTESIAN_POINT('',(28.065,8.89,-0.125));
#12840=CARTESIAN_POINT('',(28.065,8.89,-0.125));
#12841=CARTESIAN_POINT('',(28.065,8.89,-0.125));
#12842=CARTESIAN_POINT('Origin',(27.615,-3.048,-0.325));
#12843=CARTESIAN_POINT('',(28.265,2.54,-0.325));
#12844=CARTESIAN_POINT('Origin',(27.615,-3.048,-0.325));
#12845=CARTESIAN_POINT('',(28.265,-2.648,-0.325));
#12846=CARTESIAN_POINT('',(28.265,-2.648,-0.325));
#12847=CARTESIAN_POINT('',(28.265,-2.648,-0.325));
#12848=CARTESIAN_POINT('Origin',(28.265,0.,0.));
#12849=CARTESIAN_POINT('',(28.265,8.49,0.325));
#12850=CARTESIAN_POINT('',(28.265,8.49,-0.325));
#12851=CARTESIAN_POINT('',(28.265,8.49,0.325));
#12852=CARTESIAN_POINT('Origin',(28.265,0.,0.));
#12853=CARTESIAN_POINT('',(28.265,-2.648,0.325));
#12854=CARTESIAN_POINT('',(28.265,-2.648,0.325));
#12855=CARTESIAN_POINT('',(28.265,0.254,0.325));
#12856=CARTESIAN_POINT('Origin',(28.165,8.69,0.));
#12857=CARTESIAN_POINT('',(28.065,8.89,0.125));
#12858=CARTESIAN_POINT('',(28.065,8.89,-0.125));
#12859=CARTESIAN_POINT('',(28.065,8.89,0.125));
#12860=CARTESIAN_POINT('Origin',(27.615,8.89,-0.325));
#12861=CARTESIAN_POINT('',(28.065,8.89,0.125));
#12862=CARTESIAN_POINT('Origin',(27.94,8.69,0.225));
#12863=CARTESIAN_POINT('',(28.265,8.49,0.325));
#12864=CARTESIAN_POINT('Origin',(27.615,8.89,0.325));
#12865=CARTESIAN_POINT('Origin',(27.615,8.89,0.325));
#12866=CARTESIAN_POINT('',(28.265,-2.648,0.325));
#12867=CARTESIAN_POINT('Origin',(27.94,-2.848,0.225));
#12868=CARTESIAN_POINT('',(27.815,-3.048,0.125));
#12869=CARTESIAN_POINT('',(27.815,-3.048,0.125));
#12870=CARTESIAN_POINT('',(28.065,-3.048,0.125));
#12871=CARTESIAN_POINT('',(28.065,-3.048,0.125));
#12872=CARTESIAN_POINT('',(28.065,-3.048,0.125));
#12873=CARTESIAN_POINT('Origin',(28.165,-2.848,0.));
#12874=CARTESIAN_POINT('',(28.065,-3.048,-0.125));
#12875=CARTESIAN_POINT('',(28.065,-3.048,0.125));
#12876=CARTESIAN_POINT('',(28.265,-2.648,-0.325));
#12877=CARTESIAN_POINT('Origin',(27.615,-3.048,0.325));
#12878=CARTESIAN_POINT('',(27.815,-3.048,-0.125));
#12879=CARTESIAN_POINT('',(28.065,-3.048,-0.125));
#12880=CARTESIAN_POINT('',(27.815,-3.048,-0.125));
#12881=CARTESIAN_POINT('Origin',(27.94,-2.848,-0.225));
#12882=CARTESIAN_POINT('',(27.815,-3.048,-0.125));
#12883=CARTESIAN_POINT('Origin',(27.715,-2.848,0.));
#12884=CARTESIAN_POINT('Origin',(31.496,0.,1.27));
#12885=CARTESIAN_POINT('Origin',(30.155,0.,0.));
#12886=CARTESIAN_POINT('',(30.155,8.49,0.325));
#12887=CARTESIAN_POINT('',(30.155,8.49,-0.325));
#12888=CARTESIAN_POINT('',(30.155,8.49,0.325));
#12889=CARTESIAN_POINT('',(30.155,2.54,-0.325));
#12890=CARTESIAN_POINT('',(30.155,8.49,0.325));
#12891=CARTESIAN_POINT('Origin',(30.155,0.,0.));
#12892=CARTESIAN_POINT('',(30.155,-2.648,-0.325));
#12893=CARTESIAN_POINT('',(30.155,-2.648,0.325));
#12894=CARTESIAN_POINT('',(30.155,-2.648,-0.325));
#12895=CARTESIAN_POINT('',(30.155,0.254,0.325));
#12896=CARTESIAN_POINT('',(30.155,-2.648,-0.325));
#12897=CARTESIAN_POINT('Origin',(30.255,8.69,0.));
#12898=CARTESIAN_POINT('',(30.355,8.89,0.125));
#12899=CARTESIAN_POINT('',(30.355,8.89,0.125));
#12900=CARTESIAN_POINT('',(30.355,8.89,-0.125));
#12901=CARTESIAN_POINT('',(30.355,8.89,0.125));
#12902=CARTESIAN_POINT('',(30.355,8.89,-0.125));
#12903=CARTESIAN_POINT('Origin',(30.48,8.69,-0.225));
#12904=CARTESIAN_POINT('',(30.805,8.49,-0.325));
#12905=CARTESIAN_POINT('',(30.805,8.49,-0.325));
#12906=CARTESIAN_POINT('',(30.605,8.89,-0.125));
#12907=CARTESIAN_POINT('',(30.605,8.89,-0.125));
#12908=CARTESIAN_POINT('',(30.605,8.89,-0.125));
#12909=CARTESIAN_POINT('Origin',(30.155,-3.048,-0.325));
#12910=CARTESIAN_POINT('',(30.805,2.54,-0.325));
#12911=CARTESIAN_POINT('Origin',(30.155,-3.048,-0.325));
#12912=CARTESIAN_POINT('',(30.805,-2.648,-0.325));
#12913=CARTESIAN_POINT('',(30.805,-2.648,-0.325));
#12914=CARTESIAN_POINT('',(30.805,-2.648,-0.325));
#12915=CARTESIAN_POINT('Origin',(30.805,0.,0.));
#12916=CARTESIAN_POINT('',(30.805,8.49,0.325));
#12917=CARTESIAN_POINT('',(30.805,8.49,-0.325));
#12918=CARTESIAN_POINT('',(30.805,8.49,0.325));
#12919=CARTESIAN_POINT('Origin',(30.805,0.,0.));
#12920=CARTESIAN_POINT('',(30.805,-2.648,0.325));
#12921=CARTESIAN_POINT('',(30.805,-2.648,0.325));
#12922=CARTESIAN_POINT('',(30.805,0.254,0.325));
#12923=CARTESIAN_POINT('Origin',(30.705,8.69,0.));
#12924=CARTESIAN_POINT('',(30.605,8.89,0.125));
#12925=CARTESIAN_POINT('',(30.605,8.89,-0.125));
#12926=CARTESIAN_POINT('',(30.605,8.89,0.125));
#12927=CARTESIAN_POINT('Origin',(30.155,8.89,-0.325));
#12928=CARTESIAN_POINT('',(30.605,8.89,0.125));
#12929=CARTESIAN_POINT('Origin',(30.48,8.69,0.225));
#12930=CARTESIAN_POINT('',(30.805,8.49,0.325));
#12931=CARTESIAN_POINT('Origin',(30.155,8.89,0.325));
#12932=CARTESIAN_POINT('Origin',(30.155,8.89,0.325));
#12933=CARTESIAN_POINT('',(30.805,-2.648,0.325));
#12934=CARTESIAN_POINT('Origin',(30.48,-2.848,0.225));
#12935=CARTESIAN_POINT('',(30.355,-3.048,0.125));
#12936=CARTESIAN_POINT('',(30.355,-3.048,0.125));
#12937=CARTESIAN_POINT('',(30.605,-3.048,0.125));
#12938=CARTESIAN_POINT('',(30.605,-3.048,0.125));
#12939=CARTESIAN_POINT('',(30.605,-3.048,0.125));
#12940=CARTESIAN_POINT('Origin',(30.705,-2.848,0.));
#12941=CARTESIAN_POINT('',(30.605,-3.048,-0.125));
#12942=CARTESIAN_POINT('',(30.605,-3.048,0.125));
#12943=CARTESIAN_POINT('',(30.805,-2.648,-0.325));
#12944=CARTESIAN_POINT('Origin',(30.155,-3.048,0.325));
#12945=CARTESIAN_POINT('',(30.355,-3.048,-0.125));
#12946=CARTESIAN_POINT('',(30.605,-3.048,-0.125));
#12947=CARTESIAN_POINT('',(30.355,-3.048,-0.125));
#12948=CARTESIAN_POINT('Origin',(30.48,-2.848,-0.225));
#12949=CARTESIAN_POINT('',(30.355,-3.048,-0.125));
#12950=CARTESIAN_POINT('Origin',(30.255,-2.848,0.));
#12951=CARTESIAN_POINT('Origin',(34.036,0.,1.27));
#12952=CARTESIAN_POINT('Origin',(32.695,0.,0.));
#12953=CARTESIAN_POINT('',(32.695,8.49,0.325));
#12954=CARTESIAN_POINT('',(32.695,8.49,-0.325));
#12955=CARTESIAN_POINT('',(32.695,8.49,0.325));
#12956=CARTESIAN_POINT('',(32.695,2.54,-0.325));
#12957=CARTESIAN_POINT('',(32.695,8.49,0.325));
#12958=CARTESIAN_POINT('Origin',(32.695,0.,0.));
#12959=CARTESIAN_POINT('',(32.695,-2.648,-0.325));
#12960=CARTESIAN_POINT('',(32.695,-2.648,0.325));
#12961=CARTESIAN_POINT('',(32.695,-2.648,-0.325));
#12962=CARTESIAN_POINT('',(32.695,0.254,0.325));
#12963=CARTESIAN_POINT('',(32.695,-2.648,-0.325));
#12964=CARTESIAN_POINT('Origin',(32.795,8.69,0.));
#12965=CARTESIAN_POINT('',(32.895,8.89,0.125));
#12966=CARTESIAN_POINT('',(32.895,8.89,0.125));
#12967=CARTESIAN_POINT('',(32.895,8.89,-0.125));
#12968=CARTESIAN_POINT('',(32.895,8.89,0.125));
#12969=CARTESIAN_POINT('',(32.895,8.89,-0.125));
#12970=CARTESIAN_POINT('Origin',(33.02,8.69,-0.225));
#12971=CARTESIAN_POINT('',(33.345,8.49,-0.325));
#12972=CARTESIAN_POINT('',(33.345,8.49,-0.325));
#12973=CARTESIAN_POINT('',(33.145,8.89,-0.125));
#12974=CARTESIAN_POINT('',(33.145,8.89,-0.125));
#12975=CARTESIAN_POINT('',(33.145,8.89,-0.125));
#12976=CARTESIAN_POINT('Origin',(32.695,-3.048,-0.325));
#12977=CARTESIAN_POINT('',(33.345,2.54,-0.325));
#12978=CARTESIAN_POINT('Origin',(32.695,-3.048,-0.325));
#12979=CARTESIAN_POINT('',(33.345,-2.648,-0.325));
#12980=CARTESIAN_POINT('',(33.345,-2.648,-0.325));
#12981=CARTESIAN_POINT('',(33.345,-2.648,-0.325));
#12982=CARTESIAN_POINT('Origin',(33.345,0.,0.));
#12983=CARTESIAN_POINT('',(33.345,8.49,0.325));
#12984=CARTESIAN_POINT('',(33.345,8.49,-0.325));
#12985=CARTESIAN_POINT('',(33.345,8.49,0.325));
#12986=CARTESIAN_POINT('Origin',(33.345,0.,0.));
#12987=CARTESIAN_POINT('',(33.345,-2.648,0.325));
#12988=CARTESIAN_POINT('',(33.345,-2.648,0.325));
#12989=CARTESIAN_POINT('',(33.345,0.254,0.325));
#12990=CARTESIAN_POINT('Origin',(33.245,8.69,0.));
#12991=CARTESIAN_POINT('',(33.145,8.89,0.125));
#12992=CARTESIAN_POINT('',(33.145,8.89,-0.125));
#12993=CARTESIAN_POINT('',(33.145,8.89,0.125));
#12994=CARTESIAN_POINT('Origin',(32.695,8.89,-0.325));
#12995=CARTESIAN_POINT('',(33.145,8.89,0.125));
#12996=CARTESIAN_POINT('Origin',(33.02,8.69,0.225));
#12997=CARTESIAN_POINT('',(33.345,8.49,0.325));
#12998=CARTESIAN_POINT('Origin',(32.695,8.89,0.325));
#12999=CARTESIAN_POINT('Origin',(32.695,8.89,0.325));
#13000=CARTESIAN_POINT('',(33.345,-2.648,0.325));
#13001=CARTESIAN_POINT('Origin',(33.02,-2.848,0.225));
#13002=CARTESIAN_POINT('',(32.895,-3.048,0.125));
#13003=CARTESIAN_POINT('',(32.895,-3.048,0.125));
#13004=CARTESIAN_POINT('',(33.145,-3.048,0.125));
#13005=CARTESIAN_POINT('',(33.145,-3.048,0.125));
#13006=CARTESIAN_POINT('',(33.145,-3.048,0.125));
#13007=CARTESIAN_POINT('Origin',(33.245,-2.848,0.));
#13008=CARTESIAN_POINT('',(33.145,-3.048,-0.125));
#13009=CARTESIAN_POINT('',(33.145,-3.048,0.125));
#13010=CARTESIAN_POINT('',(33.345,-2.648,-0.325));
#13011=CARTESIAN_POINT('Origin',(32.695,-3.048,0.325));
#13012=CARTESIAN_POINT('',(32.895,-3.048,-0.125));
#13013=CARTESIAN_POINT('',(33.145,-3.048,-0.125));
#13014=CARTESIAN_POINT('',(32.895,-3.048,-0.125));
#13015=CARTESIAN_POINT('Origin',(33.02,-2.848,-0.225));
#13016=CARTESIAN_POINT('',(32.895,-3.048,-0.125));
#13017=CARTESIAN_POINT('Origin',(32.795,-2.848,0.));
#13018=CARTESIAN_POINT('Origin',(-0.325,0.,0.));
#13019=CARTESIAN_POINT('',(-0.325,8.49,0.325));
#13020=CARTESIAN_POINT('',(-0.325,8.49,-0.325));
#13021=CARTESIAN_POINT('',(-0.325,8.49,0.325));
#13022=CARTESIAN_POINT('',(-0.325,2.54,-0.325));
#13023=CARTESIAN_POINT('',(-0.325,8.49,0.325));
#13024=CARTESIAN_POINT('Origin',(-0.325,0.,0.));
#13025=CARTESIAN_POINT('',(-0.325,-2.648,-0.325));
#13026=CARTESIAN_POINT('',(-0.325,-2.648,0.325));
#13027=CARTESIAN_POINT('',(-0.325,-2.648,-0.325));
#13028=CARTESIAN_POINT('',(-0.325,0.254,0.325));
#13029=CARTESIAN_POINT('',(-0.325,-2.648,-0.325));
#13030=CARTESIAN_POINT('Origin',(-0.225,8.69,0.));
#13031=CARTESIAN_POINT('',(-0.125,8.89,0.125));
#13032=CARTESIAN_POINT('',(-0.125,8.89,0.125));
#13033=CARTESIAN_POINT('',(-0.125,8.89,-0.125));
#13034=CARTESIAN_POINT('',(-0.125,8.89,0.125));
#13035=CARTESIAN_POINT('',(-0.125,8.89,-0.125));
#13036=CARTESIAN_POINT('Origin',(0.,8.69,-0.225));
#13037=CARTESIAN_POINT('',(0.325,8.49,-0.325));
#13038=CARTESIAN_POINT('',(0.325,8.49,-0.325));
#13039=CARTESIAN_POINT('',(0.125,8.89,-0.125));
#13040=CARTESIAN_POINT('',(0.125,8.89,-0.125));
#13041=CARTESIAN_POINT('',(0.125,8.89,-0.125));
#13042=CARTESIAN_POINT('Origin',(-0.325,-3.048,-0.325));
#13043=CARTESIAN_POINT('',(0.325,2.54,-0.325));
#13044=CARTESIAN_POINT('Origin',(-0.325,-3.048,-0.325));
#13045=CARTESIAN_POINT('',(0.325,-2.648,-0.325));
#13046=CARTESIAN_POINT('',(0.325,-2.648,-0.325));
#13047=CARTESIAN_POINT('',(0.325,-2.648,-0.325));
#13048=CARTESIAN_POINT('Origin',(0.325,0.,0.));
#13049=CARTESIAN_POINT('',(0.325,8.49,0.325));
#13050=CARTESIAN_POINT('',(0.325,8.49,-0.325));
#13051=CARTESIAN_POINT('',(0.325,8.49,0.325));
#13052=CARTESIAN_POINT('Origin',(0.325,0.,0.));
#13053=CARTESIAN_POINT('',(0.325,-2.648,0.325));
#13054=CARTESIAN_POINT('',(0.325,-2.648,0.325));
#13055=CARTESIAN_POINT('',(0.325,0.254,0.325));
#13056=CARTESIAN_POINT('Origin',(0.225,8.69,0.));
#13057=CARTESIAN_POINT('',(0.125,8.89,0.125));
#13058=CARTESIAN_POINT('',(0.125,8.89,-0.125));
#13059=CARTESIAN_POINT('',(0.125,8.89,0.125));
#13060=CARTESIAN_POINT('Origin',(-0.325,8.89,-0.325));
#13061=CARTESIAN_POINT('',(0.125,8.89,0.125));
#13062=CARTESIAN_POINT('Origin',(0.,8.69,0.225));
#13063=CARTESIAN_POINT('',(0.325,8.49,0.325));
#13064=CARTESIAN_POINT('Origin',(-0.325,8.89,0.325));
#13065=CARTESIAN_POINT('Origin',(-0.325,8.89,0.325));
#13066=CARTESIAN_POINT('',(0.325,-2.648,0.325));
#13067=CARTESIAN_POINT('Origin',(0.,-2.848,0.225));
#13068=CARTESIAN_POINT('',(-0.125,-3.048,0.125));
#13069=CARTESIAN_POINT('',(-0.125,-3.048,0.125));
#13070=CARTESIAN_POINT('',(0.125,-3.048,0.125));
#13071=CARTESIAN_POINT('',(0.125,-3.048,0.125));
#13072=CARTESIAN_POINT('',(0.125,-3.048,0.125));
#13073=CARTESIAN_POINT('Origin',(0.225,-2.848,0.));
#13074=CARTESIAN_POINT('',(0.125,-3.048,-0.125));
#13075=CARTESIAN_POINT('',(0.125,-3.048,0.125));
#13076=CARTESIAN_POINT('',(0.325,-2.648,-0.325));
#13077=CARTESIAN_POINT('Origin',(-0.325,-3.048,0.325));
#13078=CARTESIAN_POINT('',(-0.125,-3.048,-0.125));
#13079=CARTESIAN_POINT('',(0.125,-3.048,-0.125));
#13080=CARTESIAN_POINT('',(-0.125,-3.048,-0.125));
#13081=CARTESIAN_POINT('Origin',(0.,-2.848,-0.225));
#13082=CARTESIAN_POINT('',(-0.125,-3.048,-0.125));
#13083=CARTESIAN_POINT('Origin',(-0.225,-2.848,0.));
#13084=CARTESIAN_POINT('',(0.,-5.41788836017076E-18,-1.11022302462516E-17));
#13085=CARTESIAN_POINT('',(0.,0.,0.));
#13086=CARTESIAN_POINT('Ctrl Pts',(-51.6287276062272,-3.76383465160948,
2.6));
#13087=CARTESIAN_POINT('Ctrl Pts',(-51.6300477520183,-3.87532574352552,
2.6));
#13088=CARTESIAN_POINT('Ctrl Pts',(-51.7393883462768,-4.0963076324383,2.6));
#13089=CARTESIAN_POINT('Ctrl Pts',(-52.1010534890158,-4.17384717652405,
2.6));
#13090=CARTESIAN_POINT('Ctrl Pts',(-52.3884070392544,-3.94007814229019,
2.6));
#13091=CARTESIAN_POINT('Ctrl Pts',(-52.3831012674385,-3.57003388807582,
2.6));
#13092=CARTESIAN_POINT('Ctrl Pts',(-52.0915745894821,-3.34177112862527,
2.6));
#13093=CARTESIAN_POINT('Ctrl Pts',(-51.7314478309489,-3.42956059271515,
2.6));
#13094=CARTESIAN_POINT('Ctrl Pts',(-51.6274074604361,-3.65234355969345,
2.6));
#13095=CARTESIAN_POINT('Ctrl Pts',(-51.6287276062272,-3.76383465160948,
2.6));
#13096=CARTESIAN_POINT('Ctrl Pts',(-51.6014920265259,-3.76415714316726,
2.6));
#13097=CARTESIAN_POINT('Ctrl Pts',(-51.6028504074453,-3.88382183798478,
2.60000182804254));
#13098=CARTESIAN_POINT('Ctrl Pts',(-51.7200434371814,-4.12108038656044,
2.60000053452964));
#13099=CARTESIAN_POINT('Ctrl Pts',(-52.1084166910835,-4.20443626486884,
2.60000126299282));
#13100=CARTESIAN_POINT('Ctrl Pts',(-52.4169119533467,-3.95331135137619,
2.60000105677399));
#13101=CARTESIAN_POINT('Ctrl Pts',(-52.410929401795,-3.55615285812963,2.59999992644739));
#13102=CARTESIAN_POINT('Ctrl Pts',(-52.098107738752,-3.31142227203812,2.59999739259209));
#13103=CARTESIAN_POINT('Ctrl Pts',(-51.7118521386913,-3.40558498246072,
2.6000000848619));
#13104=CARTESIAN_POINT('Ctrl Pts',(-51.6001336456065,-3.64449244834972,
2.59999817195746));
#13105=CARTESIAN_POINT('Ctrl Pts',(-51.6014920265259,-3.76415714316726,
2.6));
#13106=CARTESIAN_POINT('Ctrl Pts',(-51.5541857953137,-3.7647172876681,2.57940040143452));
#13107=CARTESIAN_POINT('Ctrl Pts',(-51.5556153517082,-3.89850393144776,
2.57930814615649));
#13108=CARTESIAN_POINT('Ctrl Pts',(-51.6865357796328,-4.16406761510089,
2.57911249640925));
#13109=CARTESIAN_POINT('Ctrl Pts',(-52.1211869139863,-4.25750000952174,
2.57900343720867));
#13110=CARTESIAN_POINT('Ctrl Pts',(-52.4663163464516,-3.9762675706935,2.57916334849527));
#13111=CARTESIAN_POINT('Ctrl Pts',(-52.4592476584777,-3.53205244679898,
2.57946946589238));
#13112=CARTESIAN_POINT('Ctrl Pts',(-52.1094247215977,-3.25880694058491,
2.57969068657917));
#13113=CARTESIAN_POINT('Ctrl Pts',(-51.6778637477904,-3.36392259421664,
2.57966156850113));
#13114=CARTESIAN_POINT('Ctrl Pts',(-51.5527562389193,-3.63093064388834,
2.57949265671254));
#13115=CARTESIAN_POINT('Ctrl Pts',(-51.5541857953137,-3.7647172876681,2.57940040143452));
#13116=CARTESIAN_POINT('Ctrl Pts',(-51.5325916903254,-3.76497297954737,
2.53426219249569));
#13117=CARTESIAN_POINT('Ctrl Pts',(-51.5341544306897,-3.90524473201018,
2.53401349370584));
#13118=CARTESIAN_POINT('Ctrl Pts',(-51.6714989783556,-4.18346116431449,
2.53348488825561));
#13119=CARTESIAN_POINT('Ctrl Pts',(-52.1268929940646,-4.28124551597947,
2.53319208354486));
#13120=CARTESIAN_POINT('Ctrl Pts',(-52.4885881722731,-3.98672725071012,
2.53362201340744));
#13121=CARTESIAN_POINT('Ctrl Pts',(-52.4814521526574,-3.52111017639435,
2.53444849170538));
#13122=CARTESIAN_POINT('Ctrl Pts',(-52.1147298669053,-3.23436214678099,
2.53504805311054));
#13123=CARTESIAN_POINT('Ctrl Pts',(-51.6620572955988,-3.34468519358014,
2.53497014619084));
#13124=CARTESIAN_POINT('Ctrl Pts',(-51.531028949961,-3.62470122708442,2.53451089128554));
#13125=CARTESIAN_POINT('Ctrl Pts',(-51.5325916903254,-3.76497297954737,
2.53426219249569));
#13126=CARTESIAN_POINT('Ctrl Pts',(-51.5297245370643,-3.76500692898893,
2.51403631226758));
#13127=CARTESIAN_POINT('Ctrl Pts',(-51.5313529140117,-3.90611945496787,
2.51373646808202));
#13128=CARTESIAN_POINT('Ctrl Pts',(-51.6696661245272,-4.18591158057912,
2.51309870867241));
#13129=CARTESIAN_POINT('Ctrl Pts',(-52.1275853450309,-4.28414898738884,
2.51274648179734));
#13130=CARTESIAN_POINT('Ctrl Pts',(-52.491364908162,-3.98809243078748,2.51326397800254));
#13131=CARTESIAN_POINT('Ctrl Pts',(-52.4844587788801,-3.51968907932604,
2.51426092080119));
#13132=CARTESIAN_POINT('Ctrl Pts',(-52.1154820395735,-3.23097224482766,
2.51498562023216));
#13133=CARTESIAN_POINT('Ctrl Pts',(-51.6598503365071,-3.34202180433889,
2.51489192776508));
#13134=CARTESIAN_POINT('Ctrl Pts',(-51.5280961601169,-3.62389440300986,
2.51433615645313));
#13135=CARTESIAN_POINT('Ctrl Pts',(-51.5297245370643,-3.76500692898893,
2.51403631226758));
#13136=CARTESIAN_POINT('',(-51.5297245370643,-3.76500692898893,2.51403631226758));
#13137=CARTESIAN_POINT('',(-51.6287276062272,-3.76383465160948,2.6));
#13138=CARTESIAN_POINT('Origin',(-51.6287276062272,-3.76383465160948,2.5));
#13139=CARTESIAN_POINT('Ctrl Pts',(-51.6287276062272,-3.76383465160948,
2.6));
#13140=CARTESIAN_POINT('Ctrl Pts',(-51.6300477520183,-3.87532574352552,
2.6));
#13141=CARTESIAN_POINT('Ctrl Pts',(-51.7393883462768,-4.0963076324383,2.6));
#13142=CARTESIAN_POINT('Ctrl Pts',(-52.1010534890158,-4.17384717652405,
2.6));
#13143=CARTESIAN_POINT('Ctrl Pts',(-52.3884070392544,-3.94007814229019,
2.6));
#13144=CARTESIAN_POINT('Ctrl Pts',(-52.3831012674385,-3.57003388807582,
2.6));
#13145=CARTESIAN_POINT('Ctrl Pts',(-52.0915745894821,-3.34177112862527,
2.6));
#13146=CARTESIAN_POINT('Ctrl Pts',(-51.7314478309489,-3.42956059271515,
2.6));
#13147=CARTESIAN_POINT('Ctrl Pts',(-51.6274074604361,-3.65234355969345,
2.6));
#13148=CARTESIAN_POINT('Ctrl Pts',(-51.6287276062272,-3.76383465160948,
2.6));
#13149=CARTESIAN_POINT('',(-52.4678323896964,-3.69186308696102,2.51390026899291));
#13150=CARTESIAN_POINT('Ctrl Pts',(-51.5297245370643,-3.76500692898893,
2.51403631226758));
#13151=CARTESIAN_POINT('Ctrl Pts',(-51.5280961601169,-3.62389440300986,
2.51433615645313));
#13152=CARTESIAN_POINT('Ctrl Pts',(-51.6598503365071,-3.34202180433889,
2.51489192776508));
#13153=CARTESIAN_POINT('Ctrl Pts',(-52.1154820395735,-3.23097224482766,
2.51498562023216));
#13154=CARTESIAN_POINT('Ctrl Pts',(-52.4048769619502,-3.45741791743436,
2.51441722576923));
#13155=CARTESIAN_POINT('Ctrl Pts',(-52.4608190965103,-3.64244342749297,
2.51400734174684));
#13156=CARTESIAN_POINT('Ctrl Pts',(-52.4678323896964,-3.69186308696102,
2.51390026899291));
#13157=CARTESIAN_POINT('Ctrl Pts',(-52.4678323896964,-3.69186308696102,
2.51390026899291));
#13158=CARTESIAN_POINT('Ctrl Pts',(-52.4806894524061,-3.78246127585964,
2.51370397873736));
#13159=CARTESIAN_POINT('Ctrl Pts',(-52.4485659308862,-4.02292373832242,
2.51320309413063));
#13160=CARTESIAN_POINT('Ctrl Pts',(-52.1275853450309,-4.28414898738884,
2.51274648179734));
#13161=CARTESIAN_POINT('Ctrl Pts',(-51.6696661245272,-4.18591158057912,
2.51309870867241));
#13162=CARTESIAN_POINT('Ctrl Pts',(-51.5313529140117,-3.90611945496787,
2.51373646808202));
#13163=CARTESIAN_POINT('Ctrl Pts',(-51.5297245370643,-3.76500692898893,
2.51403631226758));
#13164=CARTESIAN_POINT('Origin',(-52.0015081624774,-3.76030829922238,2.6));
#13165=CARTESIAN_POINT('Ctrl Pts',(-52.5955677801408,-3.66360211995989,
1.58716263815104));
#13166=CARTESIAN_POINT('Ctrl Pts',(-52.6826780862002,-4.25900156375042,
1.58101484590185));
#13167=CARTESIAN_POINT('Ctrl Pts',(-52.0872158814356,-4.34612105209526,
1.58101484590183));
#13168=CARTESIAN_POINT('Ctrl Pts',(-51.491753676671,-4.4332405404401,1.58101484590181));
#13169=CARTESIAN_POINT('Ctrl Pts',(-51.4046433706117,-3.83784109664956,
1.58716263815101));
#13170=CARTESIAN_POINT('Ctrl Pts',(-51.3175330645523,-3.24244165285903,
1.59331043040021));
#13171=CARTESIAN_POINT('Ctrl Pts',(-51.9129952693169,-3.15532216451419,
1.59331043040023));
#13172=CARTESIAN_POINT('Ctrl Pts',(-52.5084574740814,-3.06820267616936,
1.59331043040024));
#13173=CARTESIAN_POINT('Ctrl Pts',(-52.5955677801408,-3.66360211995989,
1.58716263815104));
#13174=CARTESIAN_POINT('Ctrl Pts',(-52.4676863722466,-3.69192048515681,
2.51773251989686));
#13175=CARTESIAN_POINT('Ctrl Pts',(-52.5358875333367,-4.15807581414006,
2.51291923673321));
#13176=CARTESIAN_POINT('Ctrl Pts',(-52.0696830669839,-4.22628416430528,
2.51291923673319));
#13177=CARTESIAN_POINT('Ctrl Pts',(-51.6034786006311,-4.2944925144705,2.51291923673318));
#13178=CARTESIAN_POINT('Ctrl Pts',(-51.535277439541,-3.82833718548724,2.51773251989683));
#13179=CARTESIAN_POINT('Ctrl Pts',(-51.4670762784508,-3.36218185650398,
2.52254580306049));
#13180=CARTESIAN_POINT('Ctrl Pts',(-51.9332807448036,-3.29397350633877,
2.5225458030605));
#13181=CARTESIAN_POINT('Ctrl Pts',(-52.3994852111564,-3.22576515617355,
2.52254580306051));
#13182=CARTESIAN_POINT('Ctrl Pts',(-52.4676863722466,-3.69192048515681,
2.51773251989686));
#13183=CARTESIAN_POINT('',(-52.5938036354601,-3.66399277638251,1.6));
#13184=CARTESIAN_POINT('Ctrl Pts',(-52.4682057192045,-3.69180547972279,
2.51395332599259));
#13185=CARTESIAN_POINT('Ctrl Pts',(-52.5938036354601,-3.66399277638251,
1.6));
#13186=CARTESIAN_POINT('Origin',(-52.,-3.75,1.6));
#13187=CARTESIAN_POINT('Origin',(-52.,-3.75,1.6));
#13188=CARTESIAN_POINT('',(0.,0.,0.));
#13189=CARTESIAN_POINT('Ctrl Pts',(-51.6287276062272,16.5561653483905,2.6));
#13190=CARTESIAN_POINT('Ctrl Pts',(-51.6300477520183,16.4446742564745,2.6));
#13191=CARTESIAN_POINT('Ctrl Pts',(-51.7394112007988,16.2236691451561,2.6));
#13192=CARTESIAN_POINT('Ctrl Pts',(-52.1010494163054,16.1461822850173,2.6));
#13193=CARTESIAN_POINT('Ctrl Pts',(-52.3884302995862,16.3799134158131,2.6));
#13194=CARTESIAN_POINT('Ctrl Pts',(-52.3830784401464,16.7499573960213,2.6));
#13195=CARTESIAN_POINT('Ctrl Pts',(-52.0915785734195,16.978254914266,2.6));
#13196=CARTESIAN_POINT('Ctrl Pts',(-51.7314664130895,16.8904278250062,2.6));
#13197=CARTESIAN_POINT('Ctrl Pts',(-51.6274074604361,16.6676564403066,2.6));
#13198=CARTESIAN_POINT('Ctrl Pts',(-51.6287276062272,16.5561653483905,2.6));
#13199=CARTESIAN_POINT('Ctrl Pts',(-51.6014920265259,16.5558428568327,2.6));
#13200=CARTESIAN_POINT('Ctrl Pts',(-51.6028504074453,16.4361781620152,2.60000182804254));
#13201=CARTESIAN_POINT('Ctrl Pts',(-51.7200660404889,16.198891304915,2.60000074958342));
#13202=CARTESIAN_POINT('Ctrl Pts',(-52.108413294788,16.1155927883623,2.60000147164596));
#13203=CARTESIAN_POINT('Ctrl Pts',(-52.4169402499604,16.3666780078941,2.60000121239827));
#13204=CARTESIAN_POINT('Ctrl Pts',(-52.4109077171649,16.7638393180732,2.59999983535295));
#13205=CARTESIAN_POINT('Ctrl Pts',(-52.0981130452645,17.0086084461698,2.59999718211365));
#13206=CARTESIAN_POINT('Ctrl Pts',(-51.7118704996381,16.9144054587902,2.59999984406259));
#13207=CARTESIAN_POINT('Ctrl Pts',(-51.6001336456065,16.6755075516502,2.59999817195746));
#13208=CARTESIAN_POINT('Ctrl Pts',(-51.6014920265259,16.5558428568327,2.6));
#13209=CARTESIAN_POINT('Ctrl Pts',(-51.5541876029133,16.5552827337354,2.57939863380082));
#13210=CARTESIAN_POINT('Ctrl Pts',(-51.5556171593077,16.4214960899555,2.5793063785228));
#13211=CARTESIAN_POINT('Ctrl Pts',(-51.6865644029853,16.1559063519871,2.579110618344));
#13212=CARTESIAN_POINT('Ctrl Pts',(-52.1211812908065,16.0625383799128,2.57900160181949));
#13213=CARTESIAN_POINT('Ctrl Pts',(-52.4663420996858,16.3437234452063,2.57916150888172));
#13214=CARTESIAN_POINT('Ctrl Pts',(-52.459218116116,16.7879353171491,2.57946772359521));
#13215=CARTESIAN_POINT('Ctrl Pts',(-52.1094290133712,17.0612218736923,2.57968901163461));
#13216=CARTESIAN_POINT('Ctrl Pts',(-51.677887150768,16.9560607607127,2.5796598824624));
#13217=CARTESIAN_POINT('Ctrl Pts',(-51.5527580465188,16.6890693775149,2.57949088907885));
#13218=CARTESIAN_POINT('Ctrl Pts',(-51.5541876029133,16.5552827337354,2.57939863380082));
#13219=CARTESIAN_POINT('Ctrl Pts',(-51.5325916903254,16.5550270204526,2.53426219249569));
#13220=CARTESIAN_POINT('Ctrl Pts',(-51.5341544306897,16.4147552679896,2.53401349370584));
#13221=CARTESIAN_POINT('Ctrl Pts',(-51.6715264095073,16.1365071048124,2.5334847818868));
#13222=CARTESIAN_POINT('Ctrl Pts',(-52.1268885285515,16.0387899745967,2.53319210930143));
#13223=CARTESIAN_POINT('Ctrl Pts',(-52.4886197460455,16.3332610340777,2.53362195498312));
#13224=CARTESIAN_POINT('Ctrl Pts',(-52.4814254912824,16.7988797427116,2.53444849650177));
#13225=CARTESIAN_POINT('Ctrl Pts',(-52.1147355939827,17.0856723763461,2.53504815070831));
#13226=CARTESIAN_POINT('Ctrl Pts',(-51.6620794894873,16.9753021368721,2.53497016275948));
#13227=CARTESIAN_POINT('Ctrl Pts',(-51.531028949961,16.6952987729153,2.53451089128554));
#13228=CARTESIAN_POINT('Ctrl Pts',(-51.5325916903254,16.5550270204526,2.53426219249569));
#13229=CARTESIAN_POINT('Ctrl Pts',(-51.5297245370643,16.5549930710111,2.51403631226758));
#13230=CARTESIAN_POINT('Ctrl Pts',(-51.5313529140117,16.4138805450319,2.51373646808202));
#13231=CARTESIAN_POINT('Ctrl Pts',(-51.6696950398163,16.1340588700612,2.51309863489355));
#13232=CARTESIAN_POINT('Ctrl Pts',(-52.1275802006522,16.0358884038079,2.51274656410788));
#13233=CARTESIAN_POINT('Ctrl Pts',(-52.4913943992969,16.3318968690792,2.51326394585656));
#13234=CARTESIAN_POINT('Ctrl Pts',(-52.4844299886586,16.8002997792483,2.51426090453994));
#13235=CARTESIAN_POINT('Ctrl Pts',(-52.1154870936511,17.0890606243742,2.514985687229));
#13236=CARTESIAN_POINT('Ctrl Pts',(-51.6598737749604,16.9779635034399,2.51489188901858));
#13237=CARTESIAN_POINT('Ctrl Pts',(-51.5280961601169,16.6961055969898,2.51433615645313));
#13238=CARTESIAN_POINT('Ctrl Pts',(-51.5297245370643,16.5549930710111,2.51403631226758));
#13239=CARTESIAN_POINT('',(-51.5297245370643,16.5549930710111,2.51403631226758));
#13240=CARTESIAN_POINT('',(-51.6287276062272,16.5561653483905,2.6));
#13241=CARTESIAN_POINT('Origin',(-51.6287276062272,16.5561653483905,2.5));
#13242=CARTESIAN_POINT('Ctrl Pts',(-51.6287276062272,16.5561653483905,2.6));
#13243=CARTESIAN_POINT('Ctrl Pts',(-51.6300477520183,16.4446742564745,2.6));
#13244=CARTESIAN_POINT('Ctrl Pts',(-51.7394112007988,16.2236691451561,2.6));
#13245=CARTESIAN_POINT('Ctrl Pts',(-52.1010494163054,16.1461822850173,2.6));
#13246=CARTESIAN_POINT('Ctrl Pts',(-52.3884302995862,16.3799134158131,2.6));
#13247=CARTESIAN_POINT('Ctrl Pts',(-52.3830784401464,16.7499573960213,2.6));
#13248=CARTESIAN_POINT('Ctrl Pts',(-52.0915785734195,16.978254914266,2.6));
#13249=CARTESIAN_POINT('Ctrl Pts',(-51.7314664130895,16.8904278250062,2.6));
#13250=CARTESIAN_POINT('Ctrl Pts',(-51.6274074604361,16.6676564403066,2.6));
#13251=CARTESIAN_POINT('Ctrl Pts',(-51.6287276062272,16.5561653483905,2.6));
#13252=CARTESIAN_POINT('',(-52.4678276485823,16.6281282835591,2.51390025112218));
#13253=CARTESIAN_POINT('Ctrl Pts',(-51.5297245370643,16.5549930710111,2.51403631226758));
#13254=CARTESIAN_POINT('Ctrl Pts',(-51.5280961601169,16.6961055969898,2.51433615645313));
#13255=CARTESIAN_POINT('Ctrl Pts',(-51.6598737749604,16.9779635034399,2.51489188901858));
#13256=CARTESIAN_POINT('Ctrl Pts',(-52.1154870936511,17.0890606243742,2.514985687229));
#13257=CARTESIAN_POINT('Ctrl Pts',(-52.404855471351,16.8625804334611,2.51441722746529));
#13258=CARTESIAN_POINT('Ctrl Pts',(-52.4608104483723,16.6775486367019,2.51400732644909));
#13259=CARTESIAN_POINT('Ctrl Pts',(-52.4678276485823,16.6281282835591,2.51390025112218));
#13260=CARTESIAN_POINT('Ctrl Pts',(-52.4678276485823,16.6281282835591,2.51390025112218));
#13261=CARTESIAN_POINT('Ctrl Pts',(-52.4806918738119,16.537528822987,2.51370395614971));
#13262=CARTESIAN_POINT('Ctrl Pts',(-52.4485913471232,16.2970712195304,2.51320307545055));
#13263=CARTESIAN_POINT('Ctrl Pts',(-52.1275802006522,16.0358884038079,2.51274656410788));
#13264=CARTESIAN_POINT('Ctrl Pts',(-51.6696950398163,16.1340588700612,2.51309863489355));
#13265=CARTESIAN_POINT('Ctrl Pts',(-51.5313529140117,16.4138805450319,2.51373646808202));
#13266=CARTESIAN_POINT('Ctrl Pts',(-51.5297245370643,16.5549930710111,2.51403631226758));
#13267=CARTESIAN_POINT('Origin',(-52.0015081624774,16.5596917007776,2.6));
#13268=CARTESIAN_POINT('Ctrl Pts',(-52.5955677801408,16.6563978800401,1.58716263815104));
#13269=CARTESIAN_POINT('Ctrl Pts',(-52.6826780862002,16.0609984362496,1.58101484590185));
#13270=CARTESIAN_POINT('Ctrl Pts',(-52.0872158814356,15.9738789479047,1.58101484590183));
#13271=CARTESIAN_POINT('Ctrl Pts',(-51.491753676671,15.8867594595599,1.58101484590181));
#13272=CARTESIAN_POINT('Ctrl Pts',(-51.4046433706117,16.4821589033504,1.58716263815101));
#13273=CARTESIAN_POINT('Ctrl Pts',(-51.3175330645523,17.077558347141,1.59331043040021));
#13274=CARTESIAN_POINT('Ctrl Pts',(-51.9129952693168,17.1646778354858,1.59331043040023));
#13275=CARTESIAN_POINT('Ctrl Pts',(-52.5084574740814,17.2517973238306,1.59331043040024));
#13276=CARTESIAN_POINT('Ctrl Pts',(-52.5955677801408,16.6563978800401,1.58716263815104));
#13277=CARTESIAN_POINT('Ctrl Pts',(-52.4676863722466,16.6280795148432,2.51773251989686));
#13278=CARTESIAN_POINT('Ctrl Pts',(-52.5358875333367,16.1619241858599,2.51291923673321));
#13279=CARTESIAN_POINT('Ctrl Pts',(-52.0696830669839,16.0937158356947,2.51291923673319));
#13280=CARTESIAN_POINT('Ctrl Pts',(-51.6034786006311,16.0255074855295,2.51291923673318));
#13281=CARTESIAN_POINT('Ctrl Pts',(-51.535277439541,16.4916628145128,2.51773251989683));
#13282=CARTESIAN_POINT('Ctrl Pts',(-51.4670762784508,16.957818143496,2.52254580306049));
#13283=CARTESIAN_POINT('Ctrl Pts',(-51.9332807448036,17.0260264936612,2.5225458030605));
#13284=CARTESIAN_POINT('Ctrl Pts',(-52.3994852111564,17.0942348438265,2.52254580306051));
#13285=CARTESIAN_POINT('Ctrl Pts',(-52.4676863722466,16.6280795148432,2.51773251989686));
#13286=CARTESIAN_POINT('',(-52.5938036354601,16.6560072236175,1.6));
#13287=CARTESIAN_POINT('Ctrl Pts',(-52.4682055984291,16.6281944935324,2.5139542048528));
#13288=CARTESIAN_POINT('Ctrl Pts',(-52.5938036354601,16.6560072236175,1.6));
#13289=CARTESIAN_POINT('Origin',(-52.,16.57,1.6));
#13290=CARTESIAN_POINT('Origin',(-52.,16.57,1.6));
#13291=CARTESIAN_POINT('',(0.,0.,0.));
#13292=CARTESIAN_POINT('Ctrl Pts',(-51.6287276062272,14.0161653483905,2.6));
#13293=CARTESIAN_POINT('Ctrl Pts',(-51.6300477520183,13.9046742564745,2.6));
#13294=CARTESIAN_POINT('Ctrl Pts',(-51.739407049655,13.6836731803629,2.6));
#13295=CARTESIAN_POINT('Ctrl Pts',(-52.1010499455966,13.6061769394388,2.6));
#13296=CARTESIAN_POINT('Ctrl Pts',(-52.3884261624911,13.839914838386,2.6));
#13297=CARTESIAN_POINT('Ctrl Pts',(-52.3830825565758,14.2099589231668,2.6));
#13298=CARTESIAN_POINT('Ctrl Pts',(-52.0915778627119,14.4382502744726,2.6));
#13299=CARTESIAN_POINT('Ctrl Pts',(-51.7314629377853,14.3504297846958,2.6));
#13300=CARTESIAN_POINT('Ctrl Pts',(-51.6274074604361,14.1276564403066,2.6));
#13301=CARTESIAN_POINT('Ctrl Pts',(-51.6287276062272,14.0161653483905,2.6));
#13302=CARTESIAN_POINT('Ctrl Pts',(-51.6014920265259,14.0158428568327,2.6));
#13303=CARTESIAN_POINT('Ctrl Pts',(-51.6028504074453,13.8961781620152,2.60000182804254));
#13304=CARTESIAN_POINT('Ctrl Pts',(-51.7200619202959,13.6588962702918,2.60000070885691));
#13305=CARTESIAN_POINT('Ctrl Pts',(-52.108413671174,13.57558755502,2.60000143081711));
#13306=CARTESIAN_POINT('Ctrl Pts',(-52.416935182828,13.8266798298289,2.60000118334141));
#13307=CARTESIAN_POINT('Ctrl Pts',(-52.4109115836431,14.2238406616836,2.59999985288572));
#13308=CARTESIAN_POINT('Ctrl Pts',(-52.0981120816957,14.4686029477834,2.59999722147039));
#13309=CARTESIAN_POINT('Ctrl Pts',(-51.7118670540807,14.3744070045909,2.59999989060137));
#13310=CARTESIAN_POINT('Ctrl Pts',(-51.6001336456065,14.1355075516502,2.59999817195746));
#13311=CARTESIAN_POINT('Ctrl Pts',(-51.6014920265259,14.0158428568327,2.6));
#13312=CARTESIAN_POINT('Ctrl Pts',(-51.5541872900765,14.0152827300311,2.57939893972078));
#13313=CARTESIAN_POINT('Ctrl Pts',(-51.555616846471,13.8814960862514,2.57930668444276));
#13314=CARTESIAN_POINT('Ctrl Pts',(-51.6865592204424,13.6159108742026,2.5791109441274));
#13315=CARTESIAN_POINT('Ctrl Pts',(-52.1211820577774,13.522531426035,2.57900192029429));
#13316=CARTESIAN_POINT('Ctrl Pts',(-52.4663375114395,13.8037249532611,2.57916182765068));
#13317=CARTESIAN_POINT('Ctrl Pts',(-52.4592234333575,14.247937470211,2.5794680247828));
#13318=CARTESIAN_POINT('Ctrl Pts',(-52.1094282476812,14.5212167375544,2.57968930086411));
#13319=CARTESIAN_POINT('Ctrl Pts',(-51.6778827937055,14.4160636034978,2.57966017324255));
#13320=CARTESIAN_POINT('Ctrl Pts',(-51.5527577336821,14.1490693738107,2.57949119499881));
#13321=CARTESIAN_POINT('Ctrl Pts',(-51.5541872900765,14.0152827300311,2.57939893972078));
#13322=CARTESIAN_POINT('Ctrl Pts',(-51.5325916903254,14.0150270204526,2.53426219249569));
#13323=CARTESIAN_POINT('Ctrl Pts',(-51.5341544306897,13.8747552679898,2.53401349370584));
#13324=CARTESIAN_POINT('Ctrl Pts',(-51.6715214169489,13.596512650773,2.53348480113369));
#13325=CARTESIAN_POINT('Ctrl Pts',(-52.1268890647353,13.4987835612881,2.53319210531288));
#13326=CARTESIAN_POINT('Ctrl Pts',(-52.4886141060812,13.793263028484,2.53362196549087));
#13327=CARTESIAN_POINT('Ctrl Pts',(-52.4814302679751,14.2588814932283,2.53444849533827));
#13328=CARTESIAN_POINT('Ctrl Pts',(-52.1147345603782,14.5456662097367,2.53504813296189));
#13329=CARTESIAN_POINT('Ctrl Pts',(-51.6620753304844,14.4353042338335,2.53497015891065));
#13330=CARTESIAN_POINT('Ctrl Pts',(-51.531028949961,14.1552987729153,2.53451089128554));
#13331=CARTESIAN_POINT('Ctrl Pts',(-51.5325916903254,14.0150270204526,2.53426219249569));
#13332=CARTESIAN_POINT('Ctrl Pts',(-51.5297245370643,14.0149930710111,2.51403631226758));
#13333=CARTESIAN_POINT('Ctrl Pts',(-51.5313529140117,13.8738805450321,2.51373646808202));
#13334=CARTESIAN_POINT('Ctrl Pts',(-51.6696897875885,13.5940640053765,2.51309864779557));
#13335=CARTESIAN_POINT('Ctrl Pts',(-52.1275808683808,13.4958816197644,2.51274654926099));
#13336=CARTESIAN_POINT('Ctrl Pts',(-52.4913891531647,13.7918986727809,2.51326395136992));
#13337=CARTESIAN_POINT('Ctrl Pts',(-52.4844351793465,14.2603017333347,2.51426090737514));
#13338=CARTESIAN_POINT('Ctrl Pts',(-52.1154861917098,14.5490547694569,2.51498567530935));
#13339=CARTESIAN_POINT('Ctrl Pts',(-51.6598693911712,14.4379659906789,2.51489189572234));
#13340=CARTESIAN_POINT('Ctrl Pts',(-51.5280961601169,14.1561055969899,2.51433615645313));
#13341=CARTESIAN_POINT('Ctrl Pts',(-51.5297245370643,14.0149930710111,2.51403631226758));
#13342=CARTESIAN_POINT('',(-51.5297245370643,14.0149930710111,2.51403631226758));
#13343=CARTESIAN_POINT('',(-51.6287276062272,14.0161653483905,2.6));
#13344=CARTESIAN_POINT('Origin',(-51.6287276062272,14.0161653483905,2.5));
#13345=CARTESIAN_POINT('Ctrl Pts',(-51.6287276062272,14.0161653483905,2.6));
#13346=CARTESIAN_POINT('Ctrl Pts',(-51.6300477520183,13.9046742564745,2.6));
#13347=CARTESIAN_POINT('Ctrl Pts',(-51.739407049655,13.6836731803629,2.6));
#13348=CARTESIAN_POINT('Ctrl Pts',(-52.1010499455966,13.6061769394388,2.6));
#13349=CARTESIAN_POINT('Ctrl Pts',(-52.3884261624911,13.839914838386,2.6));
#13350=CARTESIAN_POINT('Ctrl Pts',(-52.3830825565758,14.2099589231668,2.6));
#13351=CARTESIAN_POINT('Ctrl Pts',(-52.0915778627119,14.4382502744726,2.6));
#13352=CARTESIAN_POINT('Ctrl Pts',(-51.7314629377853,14.3504297846958,2.6));
#13353=CARTESIAN_POINT('Ctrl Pts',(-51.6274074604361,14.1276564403066,2.6));
#13354=CARTESIAN_POINT('Ctrl Pts',(-51.6287276062272,14.0161653483905,2.6));
#13355=CARTESIAN_POINT('',(-52.4678285290854,14.0881297633703,2.51390025418855));
#13356=CARTESIAN_POINT('Ctrl Pts',(-51.5297245370643,14.0149930710111,2.51403631226758));
#13357=CARTESIAN_POINT('Ctrl Pts',(-51.5280961601169,14.1561055969899,2.51433615645313));
#13358=CARTESIAN_POINT('Ctrl Pts',(-51.6598693911712,14.4379659906789,2.51489189572234));
#13359=CARTESIAN_POINT('Ctrl Pts',(-52.1154861917098,14.5490547694569,2.51498567530935));
#13360=CARTESIAN_POINT('Ctrl Pts',(-52.4048593479655,14.3225807032823,2.51441722711813));
#13361=CARTESIAN_POINT('Ctrl Pts',(-52.4608120298601,14.1375500000092,2.51400732907178));
#13362=CARTESIAN_POINT('Ctrl Pts',(-52.4678285290854,14.0881297633703,2.51390025418855));
#13363=CARTESIAN_POINT('Ctrl Pts',(-52.4678285290854,14.0881297633703,2.51390025418855));
#13364=CARTESIAN_POINT('Ctrl Pts',(-52.4806914692405,13.997530516378,2.51370396002948));
#13365=CARTESIAN_POINT('Ctrl Pts',(-52.4485867967618,13.7570720128765,2.51320307856852));
#13366=CARTESIAN_POINT('Ctrl Pts',(-52.1275808683808,13.4958816197644,2.51274654926099));
#13367=CARTESIAN_POINT('Ctrl Pts',(-51.6696897875885,13.5940640053765,2.51309864779557));
#13368=CARTESIAN_POINT('Ctrl Pts',(-51.5313529140117,13.8738805450321,2.51373646808202));
#13369=CARTESIAN_POINT('Ctrl Pts',(-51.5297245370643,14.0149930710111,2.51403631226758));
#13370=CARTESIAN_POINT('Origin',(-52.0015081624774,14.0196917007776,2.6));
#13371=CARTESIAN_POINT('Ctrl Pts',(-52.5955677801408,14.1163978800401,1.58716263815104));
#13372=CARTESIAN_POINT('Ctrl Pts',(-52.6826780862002,13.5209984362496,1.58101484590185));
#13373=CARTESIAN_POINT('Ctrl Pts',(-52.0872158814356,13.4338789479047,1.58101484590183));
#13374=CARTESIAN_POINT('Ctrl Pts',(-51.491753676671,13.3467594595599,1.58101484590181));
#13375=CARTESIAN_POINT('Ctrl Pts',(-51.4046433706117,13.9421589033504,1.58716263815101));
#13376=CARTESIAN_POINT('Ctrl Pts',(-51.3175330645523,14.537558347141,1.59331043040021));
#13377=CARTESIAN_POINT('Ctrl Pts',(-51.9129952693168,14.6246778354858,1.59331043040023));
#13378=CARTESIAN_POINT('Ctrl Pts',(-52.5084574740814,14.7117973238306,1.59331043040024));
#13379=CARTESIAN_POINT('Ctrl Pts',(-52.5955677801408,14.1163978800401,1.58716263815104));
#13380=CARTESIAN_POINT('Ctrl Pts',(-52.4676863722466,14.0880795148432,2.51773251989686));
#13381=CARTESIAN_POINT('Ctrl Pts',(-52.5358875333367,13.6219241858599,2.51291923673321));
#13382=CARTESIAN_POINT('Ctrl Pts',(-52.0696830669839,13.5537158356947,2.51291923673319));
#13383=CARTESIAN_POINT('Ctrl Pts',(-51.6034786006311,13.4855074855295,2.51291923673318));
#13384=CARTESIAN_POINT('Ctrl Pts',(-51.535277439541,13.9516628145128,2.51773251989683));
#13385=CARTESIAN_POINT('Ctrl Pts',(-51.4670762784508,14.417818143496,2.52254580306049));
#13386=CARTESIAN_POINT('Ctrl Pts',(-51.9332807448036,14.4860264936612,2.5225458030605));
#13387=CARTESIAN_POINT('Ctrl Pts',(-52.3994852111564,14.5542348438265,2.52254580306051));
#13388=CARTESIAN_POINT('Ctrl Pts',(-52.4676863722466,14.0880795148432,2.51773251989686));
#13389=CARTESIAN_POINT('',(-52.5938036354601,14.1160072236175,1.6));
#13390=CARTESIAN_POINT('Ctrl Pts',(-52.4682056203895,14.0881944983954,2.51395404505148));
#13391=CARTESIAN_POINT('Ctrl Pts',(-52.5938036354601,14.1160072236175,1.6));
#13392=CARTESIAN_POINT('Origin',(-52.,14.03,1.6));
#13393=CARTESIAN_POINT('Origin',(-52.,14.03,1.6));
#13394=CARTESIAN_POINT('',(0.,0.,0.));
#13395=CARTESIAN_POINT('Ctrl Pts',(-51.6287276062272,11.4761653483905,2.6));
#13396=CARTESIAN_POINT('Ctrl Pts',(-51.6300477520183,11.3646742564745,2.6));
#13397=CARTESIAN_POINT('Ctrl Pts',(-51.7394027236736,11.1436774750983,2.6));
#13398=CARTESIAN_POINT('Ctrl Pts',(-52.1010505981459,11.0661713653561,2.6));
#13399=CARTESIAN_POINT('Ctrl Pts',(-52.3884218096846,11.2999163753462,2.6));
#13400=CARTESIAN_POINT('Ctrl Pts',(-52.3830868624811,11.6699605429689,2.6));
#13401=CARTESIAN_POINT('Ctrl Pts',(-52.0915771167891,11.8982453956361,2.6));
#13402=CARTESIAN_POINT('Ctrl Pts',(-51.7314593617326,11.8104318961815,2.6));
#13403=CARTESIAN_POINT('Ctrl Pts',(-51.6274074604361,11.5876564403066,2.6));
#13404=CARTESIAN_POINT('Ctrl Pts',(-51.6287276062272,11.4761653483905,2.6));
#13405=CARTESIAN_POINT('Ctrl Pts',(-51.6014920265259,11.4758428568327,2.6));
#13406=CARTESIAN_POINT('Ctrl Pts',(-51.6028504074453,11.3561781620152,2.60000182804254));
#13407=CARTESIAN_POINT('Ctrl Pts',(-51.7200576340974,11.1189015314965,2.60000066721756));
#13408=CARTESIAN_POINT('Ctrl Pts',(-52.1084141790909,11.0355820795326,2.60000138968068));
#13409=CARTESIAN_POINT('Ctrl Pts',(-52.4169298683503,11.2866817830847,2.60000115343918));
#13410=CARTESIAN_POINT('Ctrl Pts',(-52.4109156497486,11.683842100646,2.59999987068433));
#13411=CARTESIAN_POINT('Ctrl Pts',(-52.0981110787157,11.9285971786372,2.5999972619507));
#13412=CARTESIAN_POINT('Ctrl Pts',(-51.7118635142938,11.8344087069772,2.5999999377625));
#13413=CARTESIAN_POINT('Ctrl Pts',(-51.6001336456065,11.5955075516502,2.59999817195746));
#13414=CARTESIAN_POINT('Ctrl Pts',(-51.6014920265259,11.4758428568327,2.6));
#13415=CARTESIAN_POINT('Ctrl Pts',(-51.5541869568043,11.4752827260849,2.57939926562435));
#13416=CARTESIAN_POINT('Ctrl Pts',(-51.5556165131988,11.3414960823051,2.57930701034632));
#13417=CARTESIAN_POINT('Ctrl Pts',(-51.686553811925,11.0759156883738,2.5791112908204));
#13418=CARTESIAN_POINT('Ctrl Pts',(-52.1211829790066,10.9825241695089,2.57900225915693));
#13419=CARTESIAN_POINT('Ctrl Pts',(-52.4663326875351,11.2637265858866,2.57916216704924));
#13420=CARTESIAN_POINT('Ctrl Pts',(-52.4592289998797,11.7079397489394,2.57946834581898));
#13421=CARTESIAN_POINT('Ctrl Pts',(-52.1094274440978,11.9812113378118,2.57968960930712));
#13422=CARTESIAN_POINT('Ctrl Pts',(-51.6778783013452,11.8760666526305,2.57966048352397));
#13423=CARTESIAN_POINT('Ctrl Pts',(-51.5527574004099,11.6090693698645,2.57949152090237));
#13424=CARTESIAN_POINT('Ctrl Pts',(-51.5541869568043,11.4752827260849,2.57939926562435));
#13425=CARTESIAN_POINT('Ctrl Pts',(-51.5325916903254,11.4750270204526,2.53426219249569));
#13426=CARTESIAN_POINT('Ctrl Pts',(-51.5341544306897,11.3347552679896,2.53401349370584));
#13427=CARTESIAN_POINT('Ctrl Pts',(-51.6715162193205,11.0565185370474,2.53348482123));
#13428=CARTESIAN_POINT('Ctrl Pts',(-52.1268897556035,10.9587768611622,2.53319210082248));
#13429=CARTESIAN_POINT('Ctrl Pts',(-52.4886081839662,11.2532651725874,2.53362197649369));
#13430=CARTESIAN_POINT('Ctrl Pts',(-52.4814352798937,11.7188833579728,2.5344484942684));
#13431=CARTESIAN_POINT('Ctrl Pts',(-52.114733481437,12.0056597332134,2.53504811447508));
#13432=CARTESIAN_POINT('Ctrl Pts',(-51.6620710549107,11.8953065172695,2.53497015530211));
#13433=CARTESIAN_POINT('Ctrl Pts',(-51.531028949961,11.6152987729154,2.53451089128554));
#13434=CARTESIAN_POINT('Ctrl Pts',(-51.5325916903254,11.4750270204526,2.53426219249569));
#13435=CARTESIAN_POINT('Ctrl Pts',(-51.5297245370643,11.4749930710111,2.51403631226758));
#13436=CARTESIAN_POINT('Ctrl Pts',(-51.5313529140117,11.3338805450319,2.51373646808202));
#13437=CARTESIAN_POINT('Ctrl Pts',(-51.6696843142739,11.0540694706099,2.51309866148542));
#13438=CARTESIAN_POINT('Ctrl Pts',(-52.1275816921759,10.9558745455672,2.51274653373716));
#13439=CARTESIAN_POINT('Ctrl Pts',(-52.4913836339015,11.2519006211954,2.51326395727474));
#13440=CARTESIAN_POINT('Ctrl Pts',(-52.484440609466,11.7203038049834,2.51426091038977));
#13441=CARTESIAN_POINT('Ctrl Pts',(-52.1154852452417,12.0090486123724,2.51498566276705));
#13442=CARTESIAN_POINT('Ctrl Pts',(-51.6598648804121,11.8979686698691,2.51489190286985));
#13443=CARTESIAN_POINT('Ctrl Pts',(-51.5280961601169,11.61610559699,2.51433615645313));
#13444=CARTESIAN_POINT('Ctrl Pts',(-51.5297245370643,11.4749930710111,2.51403631226758));
#13445=CARTESIAN_POINT('',(-51.5297245370643,11.4749930710111,2.51403631226758));
#13446=CARTESIAN_POINT('',(-51.6287276062272,11.4761653483905,2.6));
#13447=CARTESIAN_POINT('Origin',(-51.6287276062272,11.4761653483905,2.5));
#13448=CARTESIAN_POINT('Ctrl Pts',(-51.6287276062272,11.4761653483905,2.6));
#13449=CARTESIAN_POINT('Ctrl Pts',(-51.6300477520183,11.3646742564745,2.6));
#13450=CARTESIAN_POINT('Ctrl Pts',(-51.7394027236736,11.1436774750983,2.6));
#13451=CARTESIAN_POINT('Ctrl Pts',(-52.1010505981459,11.0661713653561,2.6));
#13452=CARTESIAN_POINT('Ctrl Pts',(-52.3884218096846,11.2999163753462,2.6));
#13453=CARTESIAN_POINT('Ctrl Pts',(-52.3830868624811,11.6699605429689,2.6));
#13454=CARTESIAN_POINT('Ctrl Pts',(-52.0915771167891,11.8982453956361,2.6));
#13455=CARTESIAN_POINT('Ctrl Pts',(-51.7314593617326,11.8104318961815,2.6));
#13456=CARTESIAN_POINT('Ctrl Pts',(-51.6274074604361,11.5876564403066,2.6));
#13457=CARTESIAN_POINT('Ctrl Pts',(-51.6287276062272,11.4761653483905,2.6));
#13458=CARTESIAN_POINT('',(-52.4678294390484,11.5481313492159,2.51390025747317));
#13459=CARTESIAN_POINT('Ctrl Pts',(-51.5297245370643,11.4749930710111,2.51403631226758));
#13460=CARTESIAN_POINT('Ctrl Pts',(-51.5280961601169,11.61610559699,2.51433615645313));
#13461=CARTESIAN_POINT('Ctrl Pts',(-51.6598648804121,11.8979686698691,2.51489190286985));
#13462=CARTESIAN_POINT('Ctrl Pts',(-52.1154852452417,12.0090486123724,2.51498566276705));
#13463=CARTESIAN_POINT('Ctrl Pts',(-52.4048634027668,11.7825810001374,2.5144172267774));
#13464=CARTESIAN_POINT('Ctrl Pts',(-52.4608136745926,11.5975514598737,2.51400733188261));
#13465=CARTESIAN_POINT('Ctrl Pts',(-52.4678294390484,11.5481313492159,2.51390025747317));
#13466=CARTESIAN_POINT('Ctrl Pts',(-52.4678294390484,11.5481313492159,2.51390025747317));
#13467=CARTESIAN_POINT('Ctrl Pts',(-52.4806910321931,11.4575323331773,2.51370396418265));
#13468=CARTESIAN_POINT('Ctrl Pts',(-52.4485820237649,11.2170728997731,2.51320308195223));
#13469=CARTESIAN_POINT('Ctrl Pts',(-52.1275816921759,10.9558745455672,2.51274653373716));
#13470=CARTESIAN_POINT('Ctrl Pts',(-51.6696843142739,11.0540694706099,2.51309866148542));
#13471=CARTESIAN_POINT('Ctrl Pts',(-51.5313529140117,11.3338805450319,2.51373646808202));
#13472=CARTESIAN_POINT('Ctrl Pts',(-51.5297245370643,11.4749930710111,2.51403631226758));
#13473=CARTESIAN_POINT('Origin',(-52.0015081624774,11.4796917007776,2.6));
#13474=CARTESIAN_POINT('Ctrl Pts',(-52.5955677801408,11.5763978800401,1.58716263815104));
#13475=CARTESIAN_POINT('Ctrl Pts',(-52.6826780862002,10.9809984362496,1.58101484590185));
#13476=CARTESIAN_POINT('Ctrl Pts',(-52.0872158814356,10.8938789479047,1.58101484590183));
#13477=CARTESIAN_POINT('Ctrl Pts',(-51.491753676671,10.8067594595599,1.58101484590181));
#13478=CARTESIAN_POINT('Ctrl Pts',(-51.4046433706117,11.4021589033504,1.58716263815101));
#13479=CARTESIAN_POINT('Ctrl Pts',(-51.3175330645523,11.997558347141,1.59331043040021));
#13480=CARTESIAN_POINT('Ctrl Pts',(-51.9129952693168,12.0846778354858,1.59331043040023));
#13481=CARTESIAN_POINT('Ctrl Pts',(-52.5084574740814,12.1717973238306,1.59331043040024));
#13482=CARTESIAN_POINT('Ctrl Pts',(-52.5955677801408,11.5763978800401,1.58716263815104));
#13483=CARTESIAN_POINT('Ctrl Pts',(-52.4676863722466,11.5480795148432,2.51773251989686));
#13484=CARTESIAN_POINT('Ctrl Pts',(-52.5358875333367,11.0819241858599,2.51291923673321));
#13485=CARTESIAN_POINT('Ctrl Pts',(-52.0696830669839,11.0137158356947,2.51291923673319));
#13486=CARTESIAN_POINT('Ctrl Pts',(-51.6034786006311,10.9455074855295,2.51291923673318));
#13487=CARTESIAN_POINT('Ctrl Pts',(-51.535277439541,11.4116628145128,2.51773251989683));
#13488=CARTESIAN_POINT('Ctrl Pts',(-51.4670762784508,11.877818143496,2.52254580306049));
#13489=CARTESIAN_POINT('Ctrl Pts',(-51.9332807448036,11.9460264936612,2.5225458030605));
#13490=CARTESIAN_POINT('Ctrl Pts',(-52.3994852111564,12.0142348438265,2.52254580306051));
#13491=CARTESIAN_POINT('Ctrl Pts',(-52.4676863722466,11.5480795148432,2.51773251989686));
#13492=CARTESIAN_POINT('',(-52.5938036354601,11.5760072236175,1.6));
#13493=CARTESIAN_POINT('Ctrl Pts',(-52.4682056433007,11.5481945034689,2.51395387833026));
#13494=CARTESIAN_POINT('Ctrl Pts',(-52.5938036354601,11.5760072236175,1.6));
#13495=CARTESIAN_POINT('Origin',(-52.,11.49,1.6));
#13496=CARTESIAN_POINT('Origin',(-52.,11.49,1.6));
#13497=CARTESIAN_POINT('',(0.,0.,0.));
#13498=CARTESIAN_POINT('Ctrl Pts',(-51.6287276062272,8.93616534839052,2.6));
#13499=CARTESIAN_POINT('Ctrl Pts',(-51.6300477520183,8.82467425647449,2.6));
#13500=CARTESIAN_POINT('Ctrl Pts',(-51.7393982088308,8.60368205164895,2.6));
#13501=CARTESIAN_POINT('Ctrl Pts',(-52.1010513875823,8.52616554493814,2.6));
#13502=CARTESIAN_POINT('Ctrl Pts',(-52.3884172216763,8.75991803656271,2.6));
#13503=CARTESIAN_POINT('Ctrl Pts',(-52.3830913718195,9.1299622624088,2.6));
#13504=CARTESIAN_POINT('Ctrl Pts',(-52.0915763317381,9.3582402571577,2.6));
#13505=CARTESIAN_POINT('Ctrl Pts',(-51.7314556809423,9.270434174061,2.6));
#13506=CARTESIAN_POINT('Ctrl Pts',(-51.6274074604361,9.04765644030656,2.6));
#13507=CARTESIAN_POINT('Ctrl Pts',(-51.6287276062272,8.93616534839052,2.6));
#13508=CARTESIAN_POINT('Ctrl Pts',(-51.6014920265259,8.93584285683274,2.6));
#13509=CARTESIAN_POINT('Ctrl Pts',(-51.6028504074453,8.81617816201516,2.60000182804254));
#13510=CARTESIAN_POINT('Ctrl Pts',(-51.7200531683726,8.57890711344912,2.60000062461859));
#13511=CARTESIAN_POINT('Ctrl Pts',(-52.1084148330728,8.49557634238906,2.60000134825845));
#13512=CARTESIAN_POINT('Ctrl Pts',(-52.4169242845653,8.74668387878971,2.60000112263844));
#13513=CARTESIAN_POINT('Ctrl Pts',(-52.4109199306796,9.14384364243454,2.59999988875149));
#13514=CARTESIAN_POINT('Ctrl Pts',(-52.0981100319222,9.38859111581616,2.59999730361824));
#13515=CARTESIAN_POINT('Ctrl Pts',(-51.7118598767379,9.29441058177383,2.59999998553966));
#13516=CARTESIAN_POINT('Ctrl Pts',(-51.6001336456065,9.05550755165028,2.59999817195746));
#13517=CARTESIAN_POINT('Ctrl Pts',(-51.6014920265259,8.93584285683274,2.6));
#13518=CARTESIAN_POINT('Ctrl Pts',(-51.5541866010268,8.9352827218722,2.57939961353573));
#13519=CARTESIAN_POINT('Ctrl Pts',(-51.5556161574212,8.80149607809236,2.5793073582577));
#13520=CARTESIAN_POINT('Ctrl Pts',(-51.6865481588523,8.53592081919744,2.57911166052856));
#13521=CARTESIAN_POINT('Ctrl Pts',(-52.1211840714759,8.44251658634104,2.57900262046465));
#13522=CARTESIAN_POINT('Ctrl Pts',(-52.4663276069917,8.72372835367404,2.57916252916024));
#13523=CARTESIAN_POINT('Ctrl Pts',(-52.4592348345927,9.16794216301426,2.57946868871785));
#13524=CARTESIAN_POINT('Ctrl Pts',(-52.1094265983964,9.44120565202762,2.57968993892132));
#13525=CARTESIAN_POINT('Ctrl Pts',(-51.6778736673777,9.33606992786495,2.57966081529608));
#13526=CARTESIAN_POINT('Ctrl Pts',(-51.5527570446323,9.06906936565195,2.57949186881375));
#13527=CARTESIAN_POINT('Ctrl Pts',(-51.5541866010268,8.93528272187221,2.57939961353573));
#13528=CARTESIAN_POINT('Ctrl Pts',(-51.5325916903254,8.93502702045263,2.53426219249569));
#13529=CARTESIAN_POINT('Ctrl Pts',(-51.5341544306897,8.79475526798958,2.53401349370584));
#13530=CARTESIAN_POINT('Ctrl Pts',(-51.6715108000288,8.51652479252647,2.53348484224173));
#13531=CARTESIAN_POINT('Ctrl Pts',(-52.1268906182424,8.41876985142691,2.53319209578043));
#13532=CARTESIAN_POINT('Ctrl Pts',(-52.4886019544777,8.71326747917758,2.53362198803069));
#13533=CARTESIAN_POINT('Ctrl Pts',(-52.4814405447167,9.1788853457249,2.5344484933026));
#13534=CARTESIAN_POINT('Ctrl Pts',(-52.1147323521031,9.46565292034084,2.53504809519096));
#13535=CARTESIAN_POINT('Ctrl Pts',(-51.6620666582868,9.35530900562619,2.53497015196847));
#13536=CARTESIAN_POINT('Ctrl Pts',(-51.531028949961,9.07529877291556,2.53451089128554));
#13537=CARTESIAN_POINT('Ctrl Pts',(-51.5325916903254,8.93502702045263,2.53426219249569));
#13538=CARTESIAN_POINT('Ctrl Pts',(-51.5297245370643,8.93499307101107,2.51403631226758));
#13539=CARTESIAN_POINT('Ctrl Pts',(-51.5313529140117,8.79388054503188,2.51373646808202));
#13540=CARTESIAN_POINT('Ctrl Pts',(-51.6696786021355,8.51407529408814,2.51309867603031));
#13541=CARTESIAN_POINT('Ctrl Pts',(-52.1275826892894,8.41586715857895,2.51274651748206));
#13542=CARTESIAN_POINT('Ctrl Pts',(-52.4913778168366,8.71190272681603,2.51326396360521));
#13543=CARTESIAN_POINT('Ctrl Pts',(-52.4844462966664,9.1803060030357,2.51426091359722));
#13544=CARTESIAN_POINT('Ctrl Pts',(-52.1154842492962,9.46904212707378,2.51498564954864));
#13545=CARTESIAN_POINT('Ctrl Pts',(-51.6598602376604,9.35797155946527,2.5148919105015));
#13546=CARTESIAN_POINT('Ctrl Pts',(-51.5280961601169,9.07610559699012,2.51433615645313));
#13547=CARTESIAN_POINT('Ctrl Pts',(-51.5297245370643,8.93499307101107,2.51403631226758));
#13548=CARTESIAN_POINT('',(-51.5297245370643,8.93499307101107,2.51403631226758));
#13549=CARTESIAN_POINT('',(-51.6287276062272,8.93616534839052,2.6));
#13550=CARTESIAN_POINT('Origin',(-51.6287276062272,8.93616534839052,2.5));
#13551=CARTESIAN_POINT('Ctrl Pts',(-51.6287276062272,8.93616534839052,2.6));
#13552=CARTESIAN_POINT('Ctrl Pts',(-51.6300477520183,8.82467425647449,2.6));
#13553=CARTESIAN_POINT('Ctrl Pts',(-51.7393982088308,8.60368205164895,2.6));
#13554=CARTESIAN_POINT('Ctrl Pts',(-52.1010513875823,8.52616554493814,2.6));
#13555=CARTESIAN_POINT('Ctrl Pts',(-52.3884172216763,8.75991803656271,2.6));
#13556=CARTESIAN_POINT('Ctrl Pts',(-52.3830913718195,9.1299622624088,2.6));
#13557=CARTESIAN_POINT('Ctrl Pts',(-52.0915763317381,9.3582402571577,2.6));
#13558=CARTESIAN_POINT('Ctrl Pts',(-51.7314556809423,9.270434174061,2.6));
#13559=CARTESIAN_POINT('Ctrl Pts',(-51.6274074604361,9.04765644030656,2.6));
#13560=CARTESIAN_POINT('Ctrl Pts',(-51.6287276062272,8.93616534839052,2.6));
#13561=CARTESIAN_POINT('',(-52.4678303788697,9.00813304953178,2.51390026099387));
#13562=CARTESIAN_POINT('Ctrl Pts',(-51.5297245370643,8.93499307101107,2.51403631226758));
#13563=CARTESIAN_POINT('Ctrl Pts',(-51.5280961601169,9.07610559699012,2.51433615645313));
#13564=CARTESIAN_POINT('Ctrl Pts',(-51.6598602376604,9.35797155946527,2.5148919105015));
#13565=CARTESIAN_POINT('Ctrl Pts',(-52.1154842492962,9.46904212707378,2.51498564954864));
#13566=CARTESIAN_POINT('Ctrl Pts',(-52.4048676485297,9.24258132534307,2.51441722644208));
#13567=CARTESIAN_POINT('Ctrl Pts',(-52.4608153857313,9.05755302381668,2.51400733489666));
#13568=CARTESIAN_POINT('Ctrl Pts',(-52.4678303788697,9.00813304953178,2.51390026099387));
#13569=CARTESIAN_POINT('Ctrl Pts',(-52.4678303788697,9.00813304953178,2.51390026099387));
#13570=CARTESIAN_POINT('Ctrl Pts',(-52.4806905580033,8.91753428349771,2.51370396863218));
#13571=CARTESIAN_POINT('Ctrl Pts',(-52.4485770083938,8.67707388858013,2.51320308562549));
#13572=CARTESIAN_POINT('Ctrl Pts',(-52.1275826892894,8.41586715857895,2.51274651748206));
#13573=CARTESIAN_POINT('Ctrl Pts',(-51.6696786021355,8.51407529408814,2.51309867603031));
#13574=CARTESIAN_POINT('Ctrl Pts',(-51.5313529140117,8.79388054503188,2.51373646808202));
#13575=CARTESIAN_POINT('Ctrl Pts',(-51.5297245370643,8.93499307101107,2.51403631226758));
#13576=CARTESIAN_POINT('Origin',(-52.0015081624774,8.93969170077762,2.6));
#13577=CARTESIAN_POINT('Ctrl Pts',(-52.5955677801408,9.03639788004011,1.58716263815104));
#13578=CARTESIAN_POINT('Ctrl Pts',(-52.6826780862002,8.44099843624957,1.58101484590185));
#13579=CARTESIAN_POINT('Ctrl Pts',(-52.0872158814356,8.35387894790474,1.58101484590183));
#13580=CARTESIAN_POINT('Ctrl Pts',(-51.491753676671,8.2667594595599,1.58101484590181));
#13581=CARTESIAN_POINT('Ctrl Pts',(-51.4046433706117,8.86215890335044,1.58716263815101));
#13582=CARTESIAN_POINT('Ctrl Pts',(-51.3175330645523,9.45755834714097,1.59331043040021));
#13583=CARTESIAN_POINT('Ctrl Pts',(-51.9129952693169,9.54467783548581,1.59331043040023));
#13584=CARTESIAN_POINT('Ctrl Pts',(-52.5084574740814,9.63179732383064,1.59331043040024));
#13585=CARTESIAN_POINT('Ctrl Pts',(-52.5955677801408,9.03639788004011,1.58716263815104));
#13586=CARTESIAN_POINT('Ctrl Pts',(-52.4676863722466,9.00807951484319,2.51773251989686));
#13587=CARTESIAN_POINT('Ctrl Pts',(-52.5358875333367,8.54192418585994,2.51291923673321));
#13588=CARTESIAN_POINT('Ctrl Pts',(-52.0696830669839,8.47371583569472,2.51291923673319));
#13589=CARTESIAN_POINT('Ctrl Pts',(-51.6034786006311,8.4055074855295,2.51291923673318));
#13590=CARTESIAN_POINT('Ctrl Pts',(-51.535277439541,8.87166281451276,2.51773251989683));
#13591=CARTESIAN_POINT('Ctrl Pts',(-51.4670762784508,9.33781814349602,2.52254580306049));
#13592=CARTESIAN_POINT('Ctrl Pts',(-51.9332807448036,9.40602649366124,2.5225458030605));
#13593=CARTESIAN_POINT('Ctrl Pts',(-52.3994852111564,9.47423484382645,2.52254580306051));
#13594=CARTESIAN_POINT('Ctrl Pts',(-52.4676863722466,9.00807951484319,2.51773251989686));
#13595=CARTESIAN_POINT('',(-52.5938036354601,9.03600722361749,1.6));
#13596=CARTESIAN_POINT('Ctrl Pts',(-52.4682056672025,9.00819450876178,2.51395370440126));
#13597=CARTESIAN_POINT('Ctrl Pts',(-52.5938036354601,9.03600722361749,1.6));
#13598=CARTESIAN_POINT('Origin',(-52.,8.95,1.6));
#13599=CARTESIAN_POINT('Origin',(-52.,8.95,1.6));
#13600=CARTESIAN_POINT('',(0.,0.,0.));
#13601=CARTESIAN_POINT('Ctrl Pts',(-51.6287276062272,6.39616534839052,2.6));
#13602=CARTESIAN_POINT('Ctrl Pts',(-51.6300477520183,6.28467425647449,2.6));
#13603=CARTESIAN_POINT('Ctrl Pts',(-51.7393934894347,6.06368693485979,2.6));
#13604=CARTESIAN_POINT('Ctrl Pts',(-52.1010523293438,5.98615945836707,2.6));
#13605=CARTESIAN_POINT('Ctrl Pts',(-52.3884123765483,6.21991983303863,2.6));
#13606=CARTESIAN_POINT('Ctrl Pts',(-52.3830961001057,6.58996408923002,2.6));
#13607=CARTESIAN_POINT('Ctrl Pts',(-52.0915755030506,6.81823483598792,2.6));
#13608=CARTESIAN_POINT('Ctrl Pts',(-51.7314518913226,6.73043663476705,2.6));
#13609=CARTESIAN_POINT('Ctrl Pts',(-51.6274074604361,6.50765644030656,2.6));
#13610=CARTESIAN_POINT('Ctrl Pts',(-51.6287276062272,6.39616534839052,2.6));
#13611=CARTESIAN_POINT('Ctrl Pts',(-51.6014920265259,6.39584285683274,2.6));
#13612=CARTESIAN_POINT('Ctrl Pts',(-51.6028504074453,6.27617816201519,2.60000182804254));
#13613=CARTESIAN_POINT('Ctrl Pts',(-51.7200485079577,6.03891304391462,2.60000058100866));
#13614=CARTESIAN_POINT('Ctrl Pts',(-52.1084156495815,5.95557032188023,2.60000130657643));
#13615=CARTESIAN_POINT('Ctrl Pts',(-52.4169184067982,6.20668612934512,2.60000109088062));
#13616=CARTESIAN_POINT('Ctrl Pts',(-52.410924443358,6.60384529535066,2.59999990708964));
#13617=CARTESIAN_POINT('Ctrl Pts',(-52.0981089362372,6.84858473369517,2.59999734654287));
#13618=CARTESIAN_POINT('Ctrl Pts',(-51.7118561378212,6.75441264682007,2.60000003392333));
#13619=CARTESIAN_POINT('Ctrl Pts',(-51.6001336456065,6.51550755165028,2.59999817195746));
#13620=CARTESIAN_POINT('Ctrl Pts',(-51.6014920265259,6.39584285683274,2.6));
#13621=CARTESIAN_POINT('Ctrl Pts',(-51.5541862203845,6.39528271736508,2.57939998576205));
#13622=CARTESIAN_POINT('Ctrl Pts',(-51.5556157767789,6.26149607358535,2.57930773048402));
#13623=CARTESIAN_POINT('Ctrl Pts',(-51.6865422403879,5.99592629413594,2.57911205565102));
#13624=CARTESIAN_POINT('Ctrl Pts',(-52.1211853544252,5.90250864981034,2.57900300656233));
#13625=CARTESIAN_POINT('Ctrl Pts',(-52.4663222462598,6.18373026840063,2.57916291635724));
#13626=CARTESIAN_POINT('Ctrl Pts',(-52.4592409585727,6.62794472320401,2.57946905577505));
#13627=CARTESIAN_POINT('Ctrl Pts',(-52.1094257057101,6.90119965514451,2.57969029193875));
#13628=CARTESIAN_POINT('Ctrl Pts',(-51.6778688851507,6.79607345145921,2.57966117082678));
#13629=CARTESIAN_POINT('Ctrl Pts',(-51.55275666399,6.52906936114483,2.57949224104007));
#13630=CARTESIAN_POINT('Ctrl Pts',(-51.5541862203845,6.39528271736509,2.57939998576205));
#13631=CARTESIAN_POINT('Ctrl Pts',(-51.5325916903254,6.39502702045263,2.53426219249569));
#13632=CARTESIAN_POINT('Ctrl Pts',(-51.5341544306897,6.25475526798972,2.53401349370584));
#13633=CARTESIAN_POINT('Ctrl Pts',(-51.6715051404832,5.97653144940618,2.53348486424234));
#13634=CARTESIAN_POINT('Ctrl Pts',(-52.1268916720042,5.87876250673454,2.53319209013092));
#13635=CARTESIAN_POINT('Ctrl Pts',(-52.4885953892676,6.17326996251152,2.53362200014542));
#13636=CARTESIAN_POINT('Ctrl Pts',(-52.481446082116,6.63888746622915,2.53444849245252));
#13637=CARTESIAN_POINT('Ctrl Pts',(-52.1147311665471,6.9256457415488,2.53504807504616));
#13638=CARTESIAN_POINT('Ctrl Pts',(-51.6620621360452,6.81531171968596,2.53497014894905));
#13639=CARTESIAN_POINT('Ctrl Pts',(-51.531028949961,6.53529877291556,2.53451089128554));
#13640=CARTESIAN_POINT('Ctrl Pts',(-51.5325916903254,6.39502702045263,2.53426219249569));
#13641=CARTESIAN_POINT('Ctrl Pts',(-51.5297245370643,6.39499307101107,2.51403631226758));
#13642=CARTESIAN_POINT('Ctrl Pts',(-51.5313529140117,6.25388054503202,2.51373646808202));
#13643=CARTESIAN_POINT('Ctrl Pts',(-51.6696726313265,5.97408150738877,2.51309869150515));
#13644=CARTESIAN_POINT('Ctrl Pts',(-52.1275838792626,5.87585943363968,2.51274650043519));
#13645=CARTESIAN_POINT('Ctrl Pts',(-52.4913716742265,6.1719050035724,2.51326397039958));
#13646=CARTESIAN_POINT('Ctrl Pts',(-52.4844522605678,6.64030833729777,2.5142609170123));
#13647=CARTESIAN_POINT('Ctrl Pts',(-52.1154831981693,6.92903528441415,2.51498563559439));
#13648=CARTESIAN_POINT('Ctrl Pts',(-51.6598554577648,6.8179746802417,2.51489191866263));
#13649=CARTESIAN_POINT('Ctrl Pts',(-51.5280961601169,6.53610559699012,2.51433615645313));
#13650=CARTESIAN_POINT('Ctrl Pts',(-51.5297245370643,6.39499307101107,2.51403631226758));
#13651=CARTESIAN_POINT('',(-51.5297245370643,6.39499307101107,2.51403631226758));
#13652=CARTESIAN_POINT('',(-51.6287276062272,6.39616534839052,2.6));
#13653=CARTESIAN_POINT('Origin',(-51.6287276062272,6.39616534839052,2.5));
#13654=CARTESIAN_POINT('Ctrl Pts',(-51.6287276062272,6.39616534839052,2.6));
#13655=CARTESIAN_POINT('Ctrl Pts',(-51.6300477520183,6.28467425647449,2.6));
#13656=CARTESIAN_POINT('Ctrl Pts',(-51.7393934894347,6.06368693485979,2.6));
#13657=CARTESIAN_POINT('Ctrl Pts',(-52.1010523293438,5.98615945836707,2.6));
#13658=CARTESIAN_POINT('Ctrl Pts',(-52.3884123765483,6.21991983303863,2.6));
#13659=CARTESIAN_POINT('Ctrl Pts',(-52.3830961001057,6.58996408923002,2.6));
#13660=CARTESIAN_POINT('Ctrl Pts',(-52.0915755030506,6.81823483598792,2.6));
#13661=CARTESIAN_POINT('Ctrl Pts',(-51.7314518913226,6.73043663476705,2.6));
#13662=CARTESIAN_POINT('Ctrl Pts',(-51.6274074604361,6.50765644030656,2.6));
#13663=CARTESIAN_POINT('Ctrl Pts',(-51.6287276062272,6.39616534839052,2.6));
#13664=CARTESIAN_POINT('',(-52.4678313488643,6.4681348736902,2.51390026477055));
#13665=CARTESIAN_POINT('Ctrl Pts',(-51.5297245370643,6.39499307101107,2.51403631226758));
#13666=CARTESIAN_POINT('Ctrl Pts',(-51.5280961601169,6.53610559699012,2.51433615645313));
#13667=CARTESIAN_POINT('Ctrl Pts',(-51.6598554577648,6.8179746802417,2.51489191866263));
#13668=CARTESIAN_POINT('Ctrl Pts',(-52.1154831981693,6.92903528441415,2.51498563559439));
#13669=CARTESIAN_POINT('Ctrl Pts',(-52.4048720994125,6.70258168030394,2.5144172261109));
#13670=CARTESIAN_POINT('Ctrl Pts',(-52.4608171666794,6.51755470018403,2.51400733813069));
#13671=CARTESIAN_POINT('Ctrl Pts',(-52.4678313488643,6.4681348736902,2.51390026477055));
#13672=CARTESIAN_POINT('Ctrl Pts',(-52.4678313488643,6.4681348736902,2.51390026477055));
#13673=CARTESIAN_POINT('Ctrl Pts',(-52.4806900413238,6.37753637859292,2.51370397340367));
#13674=CARTESIAN_POINT('Ctrl Pts',(-52.4485717284684,6.13707498862843,2.51320308961492));
#13675=CARTESIAN_POINT('Ctrl Pts',(-52.1275838792626,5.87585943363968,2.51274650043519));
#13676=CARTESIAN_POINT('Ctrl Pts',(-51.6696726313265,5.97408150738877,2.51309869150515));
#13677=CARTESIAN_POINT('Ctrl Pts',(-51.5313529140117,6.25388054503202,2.51373646808202));
#13678=CARTESIAN_POINT('Ctrl Pts',(-51.5297245370643,6.39499307101107,2.51403631226758));
#13679=CARTESIAN_POINT('Origin',(-52.0015081624774,6.39969170077762,2.6));
#13680=CARTESIAN_POINT('Ctrl Pts',(-52.5955677801408,6.49639788004011,1.58716263815104));
#13681=CARTESIAN_POINT('Ctrl Pts',(-52.6826780862002,5.90099843624957,1.58101484590185));
#13682=CARTESIAN_POINT('Ctrl Pts',(-52.0872158814356,5.81387894790474,1.58101484590183));
#13683=CARTESIAN_POINT('Ctrl Pts',(-51.491753676671,5.7267594595599,1.58101484590181));
#13684=CARTESIAN_POINT('Ctrl Pts',(-51.4046433706117,6.32215890335044,1.58716263815101));
#13685=CARTESIAN_POINT('Ctrl Pts',(-51.3175330645523,6.91755834714097,1.59331043040021));
#13686=CARTESIAN_POINT('Ctrl Pts',(-51.9129952693169,7.00467783548581,1.59331043040023));
#13687=CARTESIAN_POINT('Ctrl Pts',(-52.5084574740814,7.09179732383064,1.59331043040024));
#13688=CARTESIAN_POINT('Ctrl Pts',(-52.5955677801408,6.49639788004011,1.58716263815104));
#13689=CARTESIAN_POINT('Ctrl Pts',(-52.4676863722466,6.4680795148432,2.51773251989686));
#13690=CARTESIAN_POINT('Ctrl Pts',(-52.5358875333367,6.00192418585994,2.51291923673321));
#13691=CARTESIAN_POINT('Ctrl Pts',(-52.0696830669839,5.93371583569472,2.51291923673319));
#13692=CARTESIAN_POINT('Ctrl Pts',(-51.6034786006311,5.8655074855295,2.51291923673318));
#13693=CARTESIAN_POINT('Ctrl Pts',(-51.535277439541,6.33166281451276,2.51773251989683));
#13694=CARTESIAN_POINT('Ctrl Pts',(-51.4670762784508,6.79781814349602,2.52254580306049));
#13695=CARTESIAN_POINT('Ctrl Pts',(-51.9332807448036,6.86602649366123,2.5225458030605));
#13696=CARTESIAN_POINT('Ctrl Pts',(-52.3994852111564,6.93423484382645,2.52254580306051));
#13697=CARTESIAN_POINT('Ctrl Pts',(-52.4676863722466,6.4680795148432,2.51773251989686));
#13698=CARTESIAN_POINT('',(-52.5938036354601,6.49600722361749,1.6));
#13699=CARTESIAN_POINT('Ctrl Pts',(-52.4682056921364,6.4681945142832,2.51395352296184));
#13700=CARTESIAN_POINT('Ctrl Pts',(-52.5938036354601,6.49600722361749,1.6));
#13701=CARTESIAN_POINT('Origin',(-52.,6.41,1.6));
#13702=CARTESIAN_POINT('Origin',(-52.,6.41,1.6));
#13703=CARTESIAN_POINT('',(0.,0.,0.));
#13704=CARTESIAN_POINT('Ctrl Pts',(-51.6287276062272,3.85616534839052,2.6));
#13705=CARTESIAN_POINT('Ctrl Pts',(-51.6300477520183,3.74467425647448,2.6));
#13706=CARTESIAN_POINT('Ctrl Pts',(-51.7393885478616,3.52369215250873,2.6));
#13707=CARTESIAN_POINT('Ctrl Pts',(-52.1010534409755,3.44615308354981,2.6));
#13708=CARTESIAN_POINT('Ctrl Pts',(-52.388407249566,3.67992177707834,2.6));
#13709=CARTESIAN_POINT('Ctrl Pts',(-52.3831010646536,4.04996603205132,2.6));
#13710=CARTESIAN_POINT('Ctrl Pts',(-52.0915746255088,4.27822910624987,2.6));
#13711=CARTESIAN_POINT('Ctrl Pts',(-51.7314479887031,4.19043929685705,2.6));
#13712=CARTESIAN_POINT('Ctrl Pts',(-51.6274074604361,3.96765644030656,2.6));
#13713=CARTESIAN_POINT('Ctrl Pts',(-51.6287276062272,3.85616534839052,2.6));
#13714=CARTESIAN_POINT('Ctrl Pts',(-51.6014920265259,3.85584285683273,2.6));
#13715=CARTESIAN_POINT('Ctrl Pts',(-51.6028504074453,3.73617816201523,2.60000182804254));
#13716=CARTESIAN_POINT('Ctrl Pts',(-51.7200436357802,3.49891935391882,2.60000053633113));
#13717=CARTESIAN_POINT('Ctrl Pts',(-52.1084166473238,3.41556399377871,2.60000126466546));
#13718=CARTESIAN_POINT('Ctrl Pts',(-52.41691220723,3.66668854861283,2.60000105810102));
#13719=CARTESIAN_POINT('Ctrl Pts',(-52.4109292066971,4.06384706864562,2.59999992570083));
#13720=CARTESIAN_POINT('Ctrl Pts',(-52.0981077857762,4.30857800352365,2.59999739080146));
#13721=CARTESIAN_POINT('Ctrl Pts',(-51.7118522939328,4.21441492228978,2.60000008290018));
#13722=CARTESIAN_POINT('Ctrl Pts',(-51.6001336456065,3.97550755165026,2.59999817195746));
#13723=CARTESIAN_POINT('Ctrl Pts',(-51.6014920265259,3.85584285683273,2.6));
#13724=CARTESIAN_POINT('Ctrl Pts',(-51.5541858121765,3.85528271253157,2.57940038494461));
#13725=CARTESIAN_POINT('Ctrl Pts',(-51.5556153685709,3.72149606875193,2.57930812966658));
#13726=CARTESIAN_POINT('Ctrl Pts',(-51.6865360330748,3.45593214380978,2.57911247893343));
#13727=CARTESIAN_POINT('Ctrl Pts',(-52.1211868497264,3.36250033006158,2.57900342013452));
#13728=CARTESIAN_POINT('Ctrl Pts',(-52.4663165788192,3.64373234319867,2.57916333135701));
#13729=CARTESIAN_POINT('Ctrl Pts',(-52.459247395402,4.087947441532,2.57946944961872));
#13730=CARTESIAN_POINT('Ctrl Pts',(-52.1094247604064,4.36119331909278,2.57969067091557));
#13731=CARTESIAN_POINT('Ctrl Pts',(-51.6778639476589,4.25607724857669,2.57966155271288));
#13732=CARTESIAN_POINT('Ctrl Pts',(-51.552756255782,3.98906935631127,2.57949264022263));
#13733=CARTESIAN_POINT('Ctrl Pts',(-51.5541858121765,3.85528271253157,2.57940038494461));
#13734=CARTESIAN_POINT('Ctrl Pts',(-51.5325916903254,3.85502702045263,2.53426219249569));
#13735=CARTESIAN_POINT('Ctrl Pts',(-51.5341544306897,3.71475526798984,2.53401349370584));
#13736=CARTESIAN_POINT('Ctrl Pts',(-51.6714992197758,3.4365385436714,2.53348488731376));
#13737=CARTESIAN_POINT('Ctrl Pts',(-52.1268929388803,3.3387547988098,2.53319208381127));
#13738=CARTESIAN_POINT('Ctrl Pts',(-52.4885884563633,3.63327263853002,2.53362201288653));
#13739=CARTESIAN_POINT('Ctrl Pts',(-52.4814519140648,4.09888973033741,2.53444849173123));
#13740=CARTESIAN_POINT('Ctrl Pts',(-52.1147299180169,4.38563816365213,2.53504805396991));
#13741=CARTESIAN_POINT('Ctrl Pts',(-51.6620574835662,4.27531468293751,2.53497014628862));
#13742=CARTESIAN_POINT('Ctrl Pts',(-51.531028949961,3.99529877291551,2.53451089128554));
#13743=CARTESIAN_POINT('Ctrl Pts',(-51.5325916903254,3.85502702045263,2.53426219249569));
#13744=CARTESIAN_POINT('Ctrl Pts',(-51.5297245370643,3.85499307101107,2.51403631226758));
#13745=CARTESIAN_POINT('Ctrl Pts',(-51.5313529140117,3.71388054503215,2.51373646808202));
#13746=CARTESIAN_POINT('Ctrl Pts',(-51.6696663795571,3.43408814581683,2.51309870799376));
#13747=CARTESIAN_POINT('Ctrl Pts',(-52.1275852843028,3.33585134270112,2.51274648252897));
#13748=CARTESIAN_POINT('Ctrl Pts',(-52.4913651747633,3.63190746704292,2.51326397770075));
#13749=CARTESIAN_POINT('Ctrl Pts',(-52.4844585230659,4.10031081868265,2.51426092065143));
#13750=CARTESIAN_POINT('Ctrl Pts',(-52.1154820852592,4.38902805167175,2.51498562083726));
#13751=CARTESIAN_POINT('Ctrl Pts',(-51.6598505354762,4.27797805565904,2.51489192740429));
#13752=CARTESIAN_POINT('Ctrl Pts',(-51.5280961601169,3.99610559699007,2.51433615645313));
#13753=CARTESIAN_POINT('Ctrl Pts',(-51.5297245370643,3.85499307101107,2.51403631226758));
#13754=CARTESIAN_POINT('',(-51.5297245370643,3.85499307101107,2.51403631226758));
#13755=CARTESIAN_POINT('',(-51.6287276062272,3.85616534839052,2.6));
#13756=CARTESIAN_POINT('Origin',(-51.6287276062272,3.85616534839052,2.5));
#13757=CARTESIAN_POINT('Ctrl Pts',(-51.6287276062272,3.85616534839052,2.6));
#13758=CARTESIAN_POINT('Ctrl Pts',(-51.6300477520183,3.74467425647448,2.6));
#13759=CARTESIAN_POINT('Ctrl Pts',(-51.7393885478616,3.52369215250873,2.6));
#13760=CARTESIAN_POINT('Ctrl Pts',(-52.1010534409755,3.44615308354981,2.6));
#13761=CARTESIAN_POINT('Ctrl Pts',(-52.388407249566,3.67992177707834,2.6));
#13762=CARTESIAN_POINT('Ctrl Pts',(-52.3831010646536,4.04996603205132,2.6));
#13763=CARTESIAN_POINT('Ctrl Pts',(-52.0915746255088,4.27822910624987,2.6));
#13764=CARTESIAN_POINT('Ctrl Pts',(-51.7314479887031,4.19043929685705,2.6));
#13765=CARTESIAN_POINT('Ctrl Pts',(-51.6274074604361,3.96765644030656,2.6));
#13766=CARTESIAN_POINT('Ctrl Pts',(-51.6287276062272,3.85616534839052,2.6));
#13767=CARTESIAN_POINT('',(-52.4678323492427,3.92813683213751,2.5139002688254));
#13768=CARTESIAN_POINT('Ctrl Pts',(-51.5297245370643,3.85499307101107,2.51403631226758));
#13769=CARTESIAN_POINT('Ctrl Pts',(-51.5280961601169,3.99610559699007,2.51433615645313));
#13770=CARTESIAN_POINT('Ctrl Pts',(-51.6598505354762,4.27797805565904,2.51489192740429));
#13771=CARTESIAN_POINT('Ctrl Pts',(-52.1154820852592,4.38902805167175,2.51498562083726));
#13772=CARTESIAN_POINT('Ctrl Pts',(-52.4048767711642,4.16258206652179,2.51441722578228));
#13773=CARTESIAN_POINT('Ctrl Pts',(-52.4608190211128,3.97755649826737,2.51400734160338));
#13774=CARTESIAN_POINT('Ctrl Pts',(-52.4678323492427,3.92813683213751,2.5139002688254));
#13775=CARTESIAN_POINT('Ctrl Pts',(-52.4678323492427,3.92813683213751,2.5139002688254));
#13776=CARTESIAN_POINT('Ctrl Pts',(-52.4806894760127,3.83753863102619,2.51370397852576));
#13777=CARTESIAN_POINT('Ctrl Pts',(-52.4485661589769,3.59707621036368,2.51320309395042));
#13778=CARTESIAN_POINT('Ctrl Pts',(-52.1275852843028,3.33585134270112,2.51274648252897));
#13779=CARTESIAN_POINT('Ctrl Pts',(-51.6696663795571,3.43408814581683,2.51309870799376));
#13780=CARTESIAN_POINT('Ctrl Pts',(-51.5313529140117,3.71388054503215,2.51373646808202));
#13781=CARTESIAN_POINT('Ctrl Pts',(-51.5297245370643,3.85499307101107,2.51403631226758));
#13782=CARTESIAN_POINT('Origin',(-52.0015081624774,3.85969170077762,2.6));
#13783=CARTESIAN_POINT('Ctrl Pts',(-52.5955677801408,3.95639788004011,1.58716263815104));
#13784=CARTESIAN_POINT('Ctrl Pts',(-52.6826780862002,3.36099843624958,1.58101484590185));
#13785=CARTESIAN_POINT('Ctrl Pts',(-52.0872158814356,3.27387894790474,1.58101484590183));
#13786=CARTESIAN_POINT('Ctrl Pts',(-51.491753676671,3.1867594595599,1.58101484590181));
#13787=CARTESIAN_POINT('Ctrl Pts',(-51.4046433706117,3.78215890335044,1.58716263815101));
#13788=CARTESIAN_POINT('Ctrl Pts',(-51.3175330645523,4.37755834714097,1.59331043040021));
#13789=CARTESIAN_POINT('Ctrl Pts',(-51.9129952693169,4.46467783548581,1.59331043040023));
#13790=CARTESIAN_POINT('Ctrl Pts',(-52.5084574740814,4.55179732383064,1.59331043040024));
#13791=CARTESIAN_POINT('Ctrl Pts',(-52.5955677801408,3.95639788004011,1.58716263815104));
#13792=CARTESIAN_POINT('Ctrl Pts',(-52.4676863722466,3.92807951484319,2.51773251989686));
#13793=CARTESIAN_POINT('Ctrl Pts',(-52.5358875333367,3.46192418585994,2.51291923673321));
#13794=CARTESIAN_POINT('Ctrl Pts',(-52.0696830669839,3.39371583569472,2.51291923673319));
#13795=CARTESIAN_POINT('Ctrl Pts',(-51.6034786006311,3.3255074855295,2.51291923673318));
#13796=CARTESIAN_POINT('Ctrl Pts',(-51.535277439541,3.79166281451276,2.51773251989683));
#13797=CARTESIAN_POINT('Ctrl Pts',(-51.4670762784508,4.25781814349602,2.52254580306049));
#13798=CARTESIAN_POINT('Ctrl Pts',(-51.9332807448036,4.32602649366124,2.5225458030605));
#13799=CARTESIAN_POINT('Ctrl Pts',(-52.3994852111564,4.39423484382645,2.52254580306051));
#13800=CARTESIAN_POINT('Ctrl Pts',(-52.4676863722466,3.92807951484319,2.51773251989686));
#13801=CARTESIAN_POINT('',(-52.5938036354601,3.95600722361749,1.6));
#13802=CARTESIAN_POINT('Ctrl Pts',(-52.4682057181462,3.92819452004285,2.5139533336937));
#13803=CARTESIAN_POINT('Ctrl Pts',(-52.5938036354601,3.95600722361749,1.6));
#13804=CARTESIAN_POINT('Origin',(-52.,3.87,1.6));
#13805=CARTESIAN_POINT('Origin',(-52.,3.87,1.6));
#13806=CARTESIAN_POINT('',(0.,0.,0.));
#13807=CARTESIAN_POINT('Ctrl Pts',(-51.6287276062272,1.31616534839052,2.6));
#13808=CARTESIAN_POINT('Ctrl Pts',(-51.6300477520183,1.20467425647448,2.6));
#13809=CARTESIAN_POINT('Ctrl Pts',(-51.7392281889027,0.983800059054847,
2.6));
#13810=CARTESIAN_POINT('Ctrl Pts',(-52.1012695151528,0.906034015520743,
2.6));
#13811=CARTESIAN_POINT('Ctrl Pts',(-52.3880522129031,1.13984305813307,2.6));
#13812=CARTESIAN_POINT('Ctrl Pts',(-52.3833360926925,1.51015812377219,2.6));
#13813=CARTESIAN_POINT('Ctrl Pts',(-52.0914139169984,1.73777286106479,2.6));
#13814=CARTESIAN_POINT('Ctrl Pts',(-51.7314066461327,1.65080121984056,2.6));
#13815=CARTESIAN_POINT('Ctrl Pts',(-51.6274074604361,1.42765644030656,2.6));
#13816=CARTESIAN_POINT('Ctrl Pts',(-51.6287276062272,1.31616534839052,2.6));
#13817=CARTESIAN_POINT('Ctrl Pts',(-51.6014920265259,1.31584285683274,2.6));
#13818=CARTESIAN_POINT('Ctrl Pts',(-51.6028504074453,1.19617816201521,2.60000182804254));
#13819=CARTESIAN_POINT('Ctrl Pts',(-51.7198769059296,0.959042488021323,
2.60000011652696));
#13820=CARTESIAN_POINT('Ctrl Pts',(-52.1086396423026,0.875434451915817,
2.600001250802));
#13821=CARTESIAN_POINT('Ctrl Pts',(-52.4165219719382,1.12660818483318,2.60000060539236));
#13822=CARTESIAN_POINT('Ctrl Pts',(-52.4111803621906,1.52405201992845,2.60000001043254));
#13823=CARTESIAN_POINT('Ctrl Pts',(-52.0979288221877,1.76808108719442,2.599998023865));
#13824=CARTESIAN_POINT('Ctrl Pts',(-51.7118051447773,1.67479820079545,2.6000002953799));
#13825=CARTESIAN_POINT('Ctrl Pts',(-51.6001336456065,1.43550755165026,2.59999817195746));
#13826=CARTESIAN_POINT('Ctrl Pts',(-51.6014920265259,1.31584285683274,2.6));
#13827=CARTESIAN_POINT('Ctrl Pts',(-51.5541853732959,1.31528270733486,2.57940081412163));
#13828=CARTESIAN_POINT('Ctrl Pts',(-51.5556149296903,1.18149606355518,2.5793085588436));
#13829=CARTESIAN_POINT('Ctrl Pts',(-51.686338841745,0.916061042892469,2.57911314162794));
#13830=CARTESIAN_POINT('Ctrl Pts',(-52.1214547567698,0.822356433691789,
2.57900373304064));
#13831=CARTESIAN_POINT('Ctrl Pts',(-52.4658899333968,1.10363394056936,2.57916385742159));
#13832=CARTESIAN_POINT('Ctrl Pts',(-52.4595303109585,1.54817929355692,2.57946998641098));
#13833=CARTESIAN_POINT('Ctrl Pts',(-52.1092327781372,1.82065399867238,2.57969059049589));
#13834=CARTESIAN_POINT('Ctrl Pts',(-51.6778195932764,1.71650869294655,2.57966220373511));
#13835=CARTESIAN_POINT('Ctrl Pts',(-51.5527558169014,1.44906935111456,2.57949306939965));
#13836=CARTESIAN_POINT('Ctrl Pts',(-51.5541853732959,1.31528270733486,2.57940081412163));
#13837=CARTESIAN_POINT('Ctrl Pts',(-51.5325916903254,1.31502702045263,2.53426219249569));
#13838=CARTESIAN_POINT('Ctrl Pts',(-51.5341544306897,1.17475526798979,2.53401349370584));
#13839=CARTESIAN_POINT('Ctrl Pts',(-51.6713002907266,0.896680036419911,
2.53348527857954));
#13840=CARTESIAN_POINT('Ctrl Pts',(-52.127160338264,0.798603363473665,2.53319174201362));
#13841=CARTESIAN_POINT('Ctrl Pts',(-52.4881342614421,1.09317572541344,2.5336220389596));
#13842=CARTESIAN_POINT('Ctrl Pts',(-52.4817469009801,1.5591307747989,2.53444882702818));
#13843=CARTESIAN_POINT('Ctrl Pts',(-52.1145227479674,1.84506115713098,2.53504699078487));
#13844=CARTESIAN_POINT('Ctrl Pts',(-51.6620052364873,1.73576461119855,2.53497089241558));
#13845=CARTESIAN_POINT('Ctrl Pts',(-51.531028949961,1.45529877291549,2.53451089128554));
#13846=CARTESIAN_POINT('Ctrl Pts',(-51.5325916903254,1.31502702045263,2.53426219249569));
#13847=CARTESIAN_POINT('Ctrl Pts',(-51.5297245370643,1.31499307101107,2.51403631226757));
#13848=CARTESIAN_POINT('Ctrl Pts',(-51.5313529140117,1.17388054503209,2.51373646808202));
#13849=CARTESIAN_POINT('Ctrl Pts',(-51.6694629251006,0.894225297990421,
2.51309907072632));
#13850=CARTESIAN_POINT('Ctrl Pts',(-52.1278597216273,0.795700277449344,
2.51274607036027));
#13851=CARTESIAN_POINT('Ctrl Pts',(-52.4909148875227,1.09180742377457,2.51326390092823));
#13852=CARTESIAN_POINT('Ctrl Pts',(-52.4847560401176,1.56055403013565,2.51426134583381));
#13853=CARTESIAN_POINT('Ctrl Pts',(-52.1152781948484,1.84845212314978,2.51498448144966));
#13854=CARTESIAN_POINT('Ctrl Pts',(-51.6597995210237,1.73843458665825,2.51489289118879));
#13855=CARTESIAN_POINT('Ctrl Pts',(-51.5280961601169,1.45610559699005,2.51433615645313));
#13856=CARTESIAN_POINT('Ctrl Pts',(-51.5297245370643,1.31499307101107,2.51403631226758));
#13857=CARTESIAN_POINT('',(-51.5297245370643,1.31499307101107,2.51403631226758));
#13858=CARTESIAN_POINT('',(-51.6287276062272,1.31616534839052,2.6));
#13859=CARTESIAN_POINT('Origin',(-51.6287276062272,1.31616534839052,2.5));
#13860=CARTESIAN_POINT('Ctrl Pts',(-51.6287276062272,1.31616534839052,2.6));
#13861=CARTESIAN_POINT('Ctrl Pts',(-51.6300477520183,1.20467425647448,2.6));
#13862=CARTESIAN_POINT('Ctrl Pts',(-51.7392281889027,0.983800059054847,
2.6));
#13863=CARTESIAN_POINT('Ctrl Pts',(-52.1012695151528,0.906034015520743,
2.6));
#13864=CARTESIAN_POINT('Ctrl Pts',(-52.3880522129031,1.13984305813307,2.6));
#13865=CARTESIAN_POINT('Ctrl Pts',(-52.3833360926925,1.51015812377219,2.6));
#13866=CARTESIAN_POINT('Ctrl Pts',(-52.0914139169984,1.73777286106479,2.6));
#13867=CARTESIAN_POINT('Ctrl Pts',(-51.7314066461327,1.65080121984056,2.6));
#13868=CARTESIAN_POINT('Ctrl Pts',(-51.6274074604361,1.42765644030656,2.6));
#13869=CARTESIAN_POINT('Ctrl Pts',(-51.6287276062272,1.31616534839052,2.6));
#13870=CARTESIAN_POINT('',(-52.4678203160197,1.3882085504554,2.51390042475863));
#13871=CARTESIAN_POINT('Ctrl Pts',(-51.5297245370643,1.31499307101107,2.51403631226758));
#13872=CARTESIAN_POINT('Ctrl Pts',(-51.5280961601169,1.45610559699005,2.51433615645313));
#13873=CARTESIAN_POINT('Ctrl Pts',(-51.6597995210237,1.73843458665825,2.51489289118879));
#13874=CARTESIAN_POINT('Ctrl Pts',(-52.1152781948484,1.84845212314978,2.51498448144966));
#13875=CARTESIAN_POINT('Ctrl Pts',(-52.4050661434127,1.62264860383633,2.51441731351433));
#13876=CARTESIAN_POINT('Ctrl Pts',(-52.4608534105406,1.43763783125878,2.51400750447612));
#13877=CARTESIAN_POINT('Ctrl Pts',(-52.4678203160197,1.3882085504554,2.51390042475863));
#13878=CARTESIAN_POINT('Ctrl Pts',(-52.4678203160197,1.3882085504554,2.51390042475863));
#13879=CARTESIAN_POINT('Ctrl Pts',(-52.4805923388429,1.29759272332203,2.51370412173718));
#13880=CARTESIAN_POINT('Ctrl Pts',(-52.4482011362023,1.05697016431526,2.51320297771825));
#13881=CARTESIAN_POINT('Ctrl Pts',(-52.1278597216273,0.795700277449344,
2.51274607036027));
#13882=CARTESIAN_POINT('Ctrl Pts',(-51.6694629251006,0.894225297990421,
2.51309907072632));
#13883=CARTESIAN_POINT('Ctrl Pts',(-51.5313529140117,1.17388054503209,2.51373646808202));
#13884=CARTESIAN_POINT('Ctrl Pts',(-51.5297245370643,1.31499307101107,2.51403631226757));
#13885=CARTESIAN_POINT('Origin',(-52.0015081624774,1.31969170077762,2.6));
#13886=CARTESIAN_POINT('Ctrl Pts',(-52.5955677801408,1.41639788004011,1.58716263815104));
#13887=CARTESIAN_POINT('Ctrl Pts',(-52.6826780862002,0.820998436249576,
1.58101484590185));
#13888=CARTESIAN_POINT('Ctrl Pts',(-52.0872158814356,0.73387894790474,1.58101484590183));
#13889=CARTESIAN_POINT('Ctrl Pts',(-51.491753676671,0.646759459559904,1.58101484590181));
#13890=CARTESIAN_POINT('Ctrl Pts',(-51.4046433706117,1.24215890335044,1.58716263815101));
#13891=CARTESIAN_POINT('Ctrl Pts',(-51.3175330645523,1.83755834714097,1.59331043040021));
#13892=CARTESIAN_POINT('Ctrl Pts',(-51.9129952693169,1.92467783548581,1.59331043040023));
#13893=CARTESIAN_POINT('Ctrl Pts',(-52.5084574740814,2.01179732383064,1.59331043040024));
#13894=CARTESIAN_POINT('Ctrl Pts',(-52.5955677801408,1.41639788004011,1.58716263815104));
#13895=CARTESIAN_POINT('Ctrl Pts',(-52.4676863722466,1.38807951484319,2.51773251989686));
#13896=CARTESIAN_POINT('Ctrl Pts',(-52.5358875333367,0.921924185859937,
2.51291923673321));
#13897=CARTESIAN_POINT('Ctrl Pts',(-52.0696830669839,0.85371583569472,2.51291923673319));
#13898=CARTESIAN_POINT('Ctrl Pts',(-51.6034786006311,0.785507485529502,
2.51291923673318));
#13899=CARTESIAN_POINT('Ctrl Pts',(-51.535277439541,1.25166281451276,2.51773251989683));
#13900=CARTESIAN_POINT('Ctrl Pts',(-51.4670762784508,1.71781814349602,2.52254580306049));
#13901=CARTESIAN_POINT('Ctrl Pts',(-51.9332807448036,1.78602649366123,2.5225458030605));
#13902=CARTESIAN_POINT('Ctrl Pts',(-52.3994852111564,1.85423484382645,2.52254580306051));
#13903=CARTESIAN_POINT('Ctrl Pts',(-52.4676863722466,1.38807951484319,2.51773251989686));
#13904=CARTESIAN_POINT('',(-52.5938036354601,1.41600722361749,1.6));
#13905=CARTESIAN_POINT('Ctrl Pts',(-52.4682057683961,1.38819453117033,2.51395296803377));
#13906=CARTESIAN_POINT('Ctrl Pts',(-52.5938036354601,1.41600722361749,1.6));
#13907=CARTESIAN_POINT('Origin',(-52.,1.33,1.6));
#13908=CARTESIAN_POINT('Origin',(-52.,1.33,1.6));
#13909=CARTESIAN_POINT('',(0.,0.,0.));
#13910=CARTESIAN_POINT('Ctrl Pts',(-51.6287276062272,-1.22383465160948,
2.6));
#13911=CARTESIAN_POINT('Ctrl Pts',(-51.6300477520183,-1.33532574352552,
2.6));
#13912=CARTESIAN_POINT('Ctrl Pts',(-51.739228003716,-1.55619968355555,2.6));
#13913=CARTESIAN_POINT('Ctrl Pts',(-52.1012695418451,-1.63396622636077,
2.6));
#13914=CARTESIAN_POINT('Ctrl Pts',(-52.3880521550437,-1.4001567893089,2.6));
#13915=CARTESIAN_POINT('Ctrl Pts',(-52.3833361006087,-1.02984188123387,
2.6));
#13916=CARTESIAN_POINT('Ctrl Pts',(-52.0914139647271,-0.802227219918161,
2.6));
#13917=CARTESIAN_POINT('Ctrl Pts',(-51.7314065371719,-0.889198839170991,
2.6));
#13918=CARTESIAN_POINT('Ctrl Pts',(-51.6274074604361,-1.11234355969344,
2.6));
#13919=CARTESIAN_POINT('Ctrl Pts',(-51.6287276062272,-1.22383465160948,
2.6));
#13920=CARTESIAN_POINT('Ctrl Pts',(-51.6014920265259,-1.22415714316727,
2.6));
#13921=CARTESIAN_POINT('Ctrl Pts',(-51.6028504074453,-1.34382183798483,
2.60000182804254));
#13922=CARTESIAN_POINT('Ctrl Pts',(-51.7198767301833,-1.58095720847495,
2.60000011490755));
#13923=CARTESIAN_POINT('Ctrl Pts',(-52.1086396714077,-1.66456578862532,
2.60000124931015));
#13924=CARTESIAN_POINT('Ctrl Pts',(-52.4165218871614,-1.41339163931357,
2.60000060424402));
#13925=CARTESIAN_POINT('Ctrl Pts',(-52.4111803544399,-1.01594799587841,
2.6000000110035));
#13926=CARTESIAN_POINT('Ctrl Pts',(-52.0979288714385,-0.771919021213732,
2.59999802554809));
#13927=CARTESIAN_POINT('Ctrl Pts',(-51.7118050496698,-0.865201878562775,
2.60000029694036));
#13928=CARTESIAN_POINT('Ctrl Pts',(-51.6001336456065,-1.10449244834971,
2.59999817195746));
#13929=CARTESIAN_POINT('Ctrl Pts',(-51.6014920265259,-1.22415714316727,
2.6));
#13930=CARTESIAN_POINT('Ctrl Pts',(-51.5541853551413,-1.2247172928801,2.57940083187483));
#13931=CARTESIAN_POINT('Ctrl Pts',(-51.5556149115357,-1.35850393665989,
2.5793085765968));
#13932=CARTESIAN_POINT('Ctrl Pts',(-51.6863386034804,-1.62393866662655,
2.57911316040594));
#13933=CARTESIAN_POINT('Ctrl Pts',(-52.1214547945194,-1.71764388537686,
2.57900375137919));
#13934=CARTESIAN_POINT('Ctrl Pts',(-52.4658898852546,-1.4363658873306,2.57916387586564));
#13935=CARTESIAN_POINT('Ctrl Pts',(-52.4595303423531,-0.991820699448352,
2.57947000392493));
#13936=CARTESIAN_POINT('Ctrl Pts',(-52.1092328401137,-0.719346075061696,
2.57969060750825));
#13937=CARTESIAN_POINT('Ctrl Pts',(-51.6778194475323,-0.823491351338668,
2.57966222071449));
#13938=CARTESIAN_POINT('Ctrl Pts',(-51.5527557987468,-1.09093064910033,
2.57949308715285));
#13939=CARTESIAN_POINT('Ctrl Pts',(-51.5541853551413,-1.2247172928801,2.57940083187483));
#13940=CARTESIAN_POINT('Ctrl Pts',(-51.5325916903254,-1.22497297954737,
2.53426219249569));
#13941=CARTESIAN_POINT('Ctrl Pts',(-51.5341544306897,-1.36524473201036,
2.53401349370584));
#13942=CARTESIAN_POINT('Ctrl Pts',(-51.6713000733019,-1.64331961905705,
2.53348527957617));
#13943=CARTESIAN_POINT('Ctrl Pts',(-52.1271603719832,-1.7413969296303,2.53319174175463));
#13944=CARTESIAN_POINT('Ctrl Pts',(-52.4881341730143,-1.4468240739824,2.53362203955761));
#13945=CARTESIAN_POINT('Ctrl Pts',(-52.4817468995893,-0.980869238391806,
2.53444882689585));
#13946=CARTESIAN_POINT('Ctrl Pts',(-52.1145228069613,-0.694938958757612,
2.53504699025653));
#13947=CARTESIAN_POINT('Ctrl Pts',(-51.6620051144794,-0.804235472702886,
2.5349708920195));
#13948=CARTESIAN_POINT('Ctrl Pts',(-51.531028949961,-1.08470122708441,2.53451089128554));
#13949=CARTESIAN_POINT('Ctrl Pts',(-51.5325916903254,-1.22497297954737,
2.53426219249569));
#13950=CARTESIAN_POINT('Ctrl Pts',(-51.5297245370643,-1.22500692898893,
2.51403631226758));
#13951=CARTESIAN_POINT('Ctrl Pts',(-51.5313529140117,-1.36611945496805,
2.51373646808202));
#13952=CARTESIAN_POINT('Ctrl Pts',(-51.669462690734,-1.64577437466355,2.5130990715149));
#13953=CARTESIAN_POINT('Ctrl Pts',(-52.1278597552235,-1.74430002977704,
2.51274606968357));
#13954=CARTESIAN_POINT('Ctrl Pts',(-52.490914813977,-1.44819238284414,2.51326390136587));
#13955=CARTESIAN_POINT('Ctrl Pts',(-52.4847560499426,-0.979445976111538,
2.51426134581881));
#13956=CARTESIAN_POINT('Ctrl Pts',(-52.1152782555222,-0.691547978923395,
2.51498448121951));
#13957=CARTESIAN_POINT('Ctrl Pts',(-51.6597993832644,-0.801565487100503,
2.51489289108634));
#13958=CARTESIAN_POINT('Ctrl Pts',(-51.5280961601169,-1.08389440300985,
2.51433615645313));
#13959=CARTESIAN_POINT('Ctrl Pts',(-51.5297245370643,-1.22500692898893,
2.51403631226758));
#13960=CARTESIAN_POINT('',(-51.5297245370643,-1.22500692898893,2.51403631226758));
#13961=CARTESIAN_POINT('',(-51.6287276062272,-1.22383465160948,2.6));
#13962=CARTESIAN_POINT('Origin',(-51.6287276062272,-1.22383465160948,2.5));
#13963=CARTESIAN_POINT('Ctrl Pts',(-51.6287276062272,-1.22383465160948,
2.6));
#13964=CARTESIAN_POINT('Ctrl Pts',(-51.6300477520183,-1.33532574352552,
2.6));
#13965=CARTESIAN_POINT('Ctrl Pts',(-51.739228003716,-1.55619968355555,2.6));
#13966=CARTESIAN_POINT('Ctrl Pts',(-52.1012695418451,-1.63396622636077,
2.6));
#13967=CARTESIAN_POINT('Ctrl Pts',(-52.3880521550437,-1.4001567893089,2.6));
#13968=CARTESIAN_POINT('Ctrl Pts',(-52.3833361006087,-1.02984188123387,
2.6));
#13969=CARTESIAN_POINT('Ctrl Pts',(-52.0914139647271,-0.802227219918161,
2.6));
#13970=CARTESIAN_POINT('Ctrl Pts',(-51.7314065371719,-0.889198839170991,
2.6));
#13971=CARTESIAN_POINT('Ctrl Pts',(-51.6274074604361,-1.11234355969344,
2.6));
#13972=CARTESIAN_POINT('Ctrl Pts',(-51.6287276062272,-1.22383465160948,
2.6));
#13973=CARTESIAN_POINT('',(-52.4678202963466,-1.1517913857772,2.51390042490263));
#13974=CARTESIAN_POINT('Ctrl Pts',(-51.5297245370643,-1.22500692898893,
2.51403631226758));
#13975=CARTESIAN_POINT('Ctrl Pts',(-51.5280961601169,-1.08389440300985,
2.51433615645313));
#13976=CARTESIAN_POINT('Ctrl Pts',(-51.6597993832644,-0.801565487100503,
2.51489289108634));
#13977=CARTESIAN_POINT('Ctrl Pts',(-52.1152782555222,-0.691547978923395,
2.51498448121951));
#13978=CARTESIAN_POINT('Ctrl Pts',(-52.4050661642049,-0.91735142307884,
2.51441731345293));
#13979=CARTESIAN_POINT('Ctrl Pts',(-52.460853398479,-1.10236212077232,2.5140075045842));
#13980=CARTESIAN_POINT('Ctrl Pts',(-52.4678202963466,-1.1517913857772,2.51390042490263));
#13981=CARTESIAN_POINT('Ctrl Pts',(-52.4678202963466,-1.1517913857772,2.51390042490263));
#13982=CARTESIAN_POINT('Ctrl Pts',(-52.4805923052159,-1.24240718394812,
2.51370412194704));
#13983=CARTESIAN_POINT('Ctrl Pts',(-52.4482010752619,-1.48302970120036,
2.51320297802479));
#13984=CARTESIAN_POINT('Ctrl Pts',(-52.1278597552235,-1.74430002977704,
2.51274606968357));
#13985=CARTESIAN_POINT('Ctrl Pts',(-51.669462690734,-1.64577437466355,2.5130990715149));
#13986=CARTESIAN_POINT('Ctrl Pts',(-51.5313529140117,-1.36611945496805,
2.51373646808202));
#13987=CARTESIAN_POINT('Ctrl Pts',(-51.5297245370643,-1.22500692898893,
2.51403631226758));
#13988=CARTESIAN_POINT('Origin',(-52.0015081624774,-1.22030829922238,2.6));
#13989=CARTESIAN_POINT('Ctrl Pts',(-52.5955677801408,-1.12360211995989,
1.58716263815104));
#13990=CARTESIAN_POINT('Ctrl Pts',(-52.6826780862002,-1.71900156375042,
1.58101484590185));
#13991=CARTESIAN_POINT('Ctrl Pts',(-52.0872158814356,-1.80612105209526,
1.58101484590183));
#13992=CARTESIAN_POINT('Ctrl Pts',(-51.491753676671,-1.8932405404401,1.58101484590181));
#13993=CARTESIAN_POINT('Ctrl Pts',(-51.4046433706117,-1.29784109664956,
1.58716263815101));
#13994=CARTESIAN_POINT('Ctrl Pts',(-51.3175330645523,-0.702441652859028,
1.59331043040021));
#13995=CARTESIAN_POINT('Ctrl Pts',(-51.9129952693169,-0.615322164514191,
1.59331043040023));
#13996=CARTESIAN_POINT('Ctrl Pts',(-52.5084574740814,-0.528202676169355,
1.59331043040024));
#13997=CARTESIAN_POINT('Ctrl Pts',(-52.5955677801408,-1.12360211995989,
1.58716263815104));
#13998=CARTESIAN_POINT('Ctrl Pts',(-52.4676863722466,-1.15192048515681,
2.51773251989686));
#13999=CARTESIAN_POINT('Ctrl Pts',(-52.5358875333367,-1.61807581414006,
2.51291923673321));
#14000=CARTESIAN_POINT('Ctrl Pts',(-52.0696830669839,-1.68628416430528,
2.51291923673319));
#14001=CARTESIAN_POINT('Ctrl Pts',(-51.6034786006311,-1.7544925144705,2.51291923673318));
#14002=CARTESIAN_POINT('Ctrl Pts',(-51.535277439541,-1.28833718548724,2.51773251989683));
#14003=CARTESIAN_POINT('Ctrl Pts',(-51.4670762784508,-0.822181856503983,
2.52254580306049));
#14004=CARTESIAN_POINT('Ctrl Pts',(-51.9332807448036,-0.753973506338765,
2.5225458030605));
#14005=CARTESIAN_POINT('Ctrl Pts',(-52.3994852111564,-0.685765156173547,
2.52254580306051));
#14006=CARTESIAN_POINT('Ctrl Pts',(-52.4676863722466,-1.15192048515681,
2.51773251989686));
#14007=CARTESIAN_POINT('',(-52.5938036354601,-1.12399277638251,1.6));
#14008=CARTESIAN_POINT('Ctrl Pts',(-52.4682057682739,-1.15180546885674,
2.51395296892317));
#14009=CARTESIAN_POINT('Ctrl Pts',(-52.5938036354601,-1.12399277638251,
1.6));
#14010=CARTESIAN_POINT('Origin',(-52.,-1.21,1.6));
#14011=CARTESIAN_POINT('Origin',(-52.,-1.21,1.6));
#14012=CARTESIAN_POINT('',(0.,0.,0.));
#14013=CARTESIAN_POINT('Ctrl Pts',(-51.6287276062272,-6.30383465160947,
2.6));
#14014=CARTESIAN_POINT('Ctrl Pts',(-51.6300477520183,-6.41532574352552,
2.6));
#14015=CARTESIAN_POINT('Ctrl Pts',(-51.7393932970895,-6.63631286402136,
2.6));
#14016=CARTESIAN_POINT('Ctrl Pts',(-52.1010523702254,-6.71384078973949,
2.6));
#14017=CARTESIAN_POINT('Ctrl Pts',(-52.3884121780132,-6.48008009247909,
2.6));
#14018=CARTESIAN_POINT('Ctrl Pts',(-52.3830962930989,-6.11003583570699,
2.6));
#14019=CARTESIAN_POINT('Ctrl Pts',(-52.0915754690881,-5.88176538602366,
2.6));
#14020=CARTESIAN_POINT('Ctrl Pts',(-51.7314517381538,-5.96956326323946,
2.6));
#14021=CARTESIAN_POINT('Ctrl Pts',(-51.6274074604361,-6.19234355969343,
2.6));
#14022=CARTESIAN_POINT('Ctrl Pts',(-51.6287276062272,-6.30383465160948,
2.6));
#14023=CARTESIAN_POINT('Ctrl Pts',(-51.6014920265259,-6.30415714316726,
2.6));
#14024=CARTESIAN_POINT('Ctrl Pts',(-51.6028504074453,-6.42382183798476,
2.60000182804254));
#14025=CARTESIAN_POINT('Ctrl Pts',(-51.7200483181723,-6.6610867123665,2.60000057925092));
#14026=CARTESIAN_POINT('Ctrl Pts',(-52.1084156857039,-6.74442992398186,
2.60000130491218));
#14027=CARTESIAN_POINT('Ctrl Pts',(-52.4169181663505,-6.49331377766971,
2.6000010895957));
#14028=CARTESIAN_POINT('Ctrl Pts',(-52.4109246280549,-6.09615463642305,
2.59999990782529));
#14029=CARTESIAN_POINT('Ctrl Pts',(-52.0981088915282,-5.85141552736719,
2.5999973482787));
#14030=CARTESIAN_POINT('Ctrl Pts',(-51.711855986833,-5.94558726676136,2.60000003586177));
#14031=CARTESIAN_POINT('Ctrl Pts',(-51.6001336456065,-6.18449244834971,
2.59999817195746));
#14032=CARTESIAN_POINT('Ctrl Pts',(-51.6014920265259,-6.30415714316726,
2.6));
#14033=CARTESIAN_POINT('Ctrl Pts',(-51.5541862046804,-6.30471728282086,
2.57940000111887));
#14034=CARTESIAN_POINT('Ctrl Pts',(-51.5556157610749,-6.43850392660049,
2.57930774584085));
#14035=CARTESIAN_POINT('Ctrl Pts',(-51.6865419989713,-6.70407348037523,
2.57911207194346));
#14036=CARTESIAN_POINT('Ctrl Pts',(-52.1211854097374,-6.79749167385079,
2.57900302248176));
#14037=CARTESIAN_POINT('Ctrl Pts',(-52.4663220266974,-6.51626965215654,
2.579162932327));
#14038=CARTESIAN_POINT('Ctrl Pts',(-52.4592412086669,-6.07205517169075,
2.57946907092268));
#14039=CARTESIAN_POINT('Ctrl Pts',(-52.109425669125,-5.79880059040334,2.57969030651087));
#14040=CARTESIAN_POINT('Ctrl Pts',(-51.6778686916129,-5.90392640278927,
2.57966118550686));
#14041=CARTESIAN_POINT('Ctrl Pts',(-51.552756648286,-6.17093063904109,2.57949225639689));
#14042=CARTESIAN_POINT('Ctrl Pts',(-51.5541862046804,-6.30471728282086,
2.57940000111887));
#14043=CARTESIAN_POINT('Ctrl Pts',(-51.5325916903254,-6.30497297954737,
2.53426219249569));
#14044=CARTESIAN_POINT('Ctrl Pts',(-51.5341544306897,-6.44524473201014,
2.53401349370584));
#14045=CARTESIAN_POINT('Ctrl Pts',(-51.6715049099288,-6.72346827679526,
2.53348486513973));
#14046=CARTESIAN_POINT('Ctrl Pts',(-52.1268917182078,-6.82123779296417,
2.5331920898926));
#14047=CARTESIAN_POINT('Ctrl Pts',(-52.4885951205335,-6.52672993475526,
2.53362200064031));
#14048=CARTESIAN_POINT('Ctrl Pts',(-52.4814463084921,-6.0611124464612,2.53444849242125));
#14049=CARTESIAN_POINT('Ctrl Pts',(-52.1147311180971,-5.77435455225308,
2.53504807422545));
#14050=CARTESIAN_POINT('Ctrl Pts',(-51.662061953358,-5.88468816728038,2.53497014883596));
#14051=CARTESIAN_POINT('Ctrl Pts',(-51.531028949961,-6.16470122708441,2.53451089128554));
#14052=CARTESIAN_POINT('Ctrl Pts',(-51.5325916903254,-6.30497297954737,
2.53426219249569));
#14053=CARTESIAN_POINT('Ctrl Pts',(-51.5297245370643,-6.30500692898893,
2.51403631226758));
#14054=CARTESIAN_POINT('Ctrl Pts',(-51.5313529140117,-6.44611945496783,
2.51373646808202));
#14055=CARTESIAN_POINT('Ctrl Pts',(-51.669672387981,-6.72591823671974,2.51309869214157));
#14056=CARTESIAN_POINT('Ctrl Pts',(-52.1275839309275,-6.82414088125488,
2.51274649973928));
#14057=CARTESIAN_POINT('Ctrl Pts',(-52.491371422535,-6.5280949020389,2.51326397068024));
#14058=CARTESIAN_POINT('Ctrl Pts',(-52.4844525040066,-6.05969156681084,
2.51426091715277));
#14059=CARTESIAN_POINT('Ctrl Pts',(-52.1154831550942,-5.7709649958234,2.51498563502274));
#14060=CARTESIAN_POINT('Ctrl Pts',(-51.6598552645737,-5.88202519042094,
2.51489191899917));
#14061=CARTESIAN_POINT('Ctrl Pts',(-51.5280961601169,-6.16389440300984,
2.51433615645313));
#14062=CARTESIAN_POINT('Ctrl Pts',(-51.5297245370643,-6.30500692898893,
2.51403631226758));
#14063=CARTESIAN_POINT('',(-51.5297245370643,-6.30500692898893,2.51403631226758));
#14064=CARTESIAN_POINT('',(-51.6287276062272,-6.30383465160947,2.6));
#14065=CARTESIAN_POINT('Origin',(-51.6287276062272,-6.30383465160947,2.5));
#14066=CARTESIAN_POINT('Ctrl Pts',(-51.6287276062272,-6.30383465160947,
2.6));
#14067=CARTESIAN_POINT('Ctrl Pts',(-51.6300477520183,-6.41532574352552,
2.6));
#14068=CARTESIAN_POINT('Ctrl Pts',(-51.7393932970895,-6.63631286402136,
2.6));
#14069=CARTESIAN_POINT('Ctrl Pts',(-52.1010523702254,-6.71384078973949,
2.6));
#14070=CARTESIAN_POINT('Ctrl Pts',(-52.3884121780132,-6.48008009247909,
2.6));
#14071=CARTESIAN_POINT('Ctrl Pts',(-52.3830962930989,-6.11003583570699,
2.6));
#14072=CARTESIAN_POINT('Ctrl Pts',(-52.0915754690881,-5.88176538602366,
2.6));
#14073=CARTESIAN_POINT('Ctrl Pts',(-51.7314517381538,-5.96956326323946,
2.6));
#14074=CARTESIAN_POINT('Ctrl Pts',(-51.6274074604361,-6.19234355969343,
2.6));
#14075=CARTESIAN_POINT('Ctrl Pts',(-51.6287276062272,-6.30383465160948,
2.6));
#14076=CARTESIAN_POINT('',(-52.4678313881059,-6.23186505098714,2.5139002649265));
#14077=CARTESIAN_POINT('Ctrl Pts',(-51.5297245370643,-6.30500692898893,
2.51403631226758));
#14078=CARTESIAN_POINT('Ctrl Pts',(-51.5280961601169,-6.16389440300984,
2.51433615645313));
#14079=CARTESIAN_POINT('Ctrl Pts',(-51.6598552645737,-5.88202519042094,
2.51489191899917));
#14080=CARTESIAN_POINT('Ctrl Pts',(-52.1154831550942,-5.7709649958234,2.51498563502274));
#14081=CARTESIAN_POINT('Ctrl Pts',(-52.4048722810553,-5.99741830492909,
2.51441722609778));
#14082=CARTESIAN_POINT('Ctrl Pts',(-52.4608172390714,-6.1824452306287,2.51400733826424));
#14083=CARTESIAN_POINT('Ctrl Pts',(-52.4678313881059,-6.23186505098714,
2.5139002649265));
#14084=CARTESIAN_POINT('Ctrl Pts',(-52.4678313881059,-6.23186505098714,
2.5139002649265));
#14085=CARTESIAN_POINT('Ctrl Pts',(-52.4806900197928,-6.32246353483675,
2.51370397360067));
#14086=CARTESIAN_POINT('Ctrl Pts',(-52.4485715124671,-6.5629249651354,2.51320308978069));
#14087=CARTESIAN_POINT('Ctrl Pts',(-52.1275839309275,-6.82414088125488,
2.51274649973928));
#14088=CARTESIAN_POINT('Ctrl Pts',(-51.669672387981,-6.72591823671974,2.51309869214157));
#14089=CARTESIAN_POINT('Ctrl Pts',(-51.5313529140117,-6.44611945496783,
2.51373646808202));
#14090=CARTESIAN_POINT('Ctrl Pts',(-51.5297245370643,-6.30500692898893,
2.51403631226758));
#14091=CARTESIAN_POINT('Origin',(-52.0015081624774,-6.30030829922238,2.6));
#14092=CARTESIAN_POINT('Ctrl Pts',(-52.5955677801408,-6.20360211995989,
1.58716263815104));
#14093=CARTESIAN_POINT('Ctrl Pts',(-52.6826780862002,-6.79900156375043,
1.58101484590185));
#14094=CARTESIAN_POINT('Ctrl Pts',(-52.0872158814356,-6.88612105209526,
1.58101484590183));
#14095=CARTESIAN_POINT('Ctrl Pts',(-51.491753676671,-6.9732405404401,1.58101484590181));
#14096=CARTESIAN_POINT('Ctrl Pts',(-51.4046433706117,-6.37784109664956,
1.58716263815101));
#14097=CARTESIAN_POINT('Ctrl Pts',(-51.3175330645523,-5.78244165285903,
1.59331043040021));
#14098=CARTESIAN_POINT('Ctrl Pts',(-51.9129952693169,-5.69532216451419,
1.59331043040023));
#14099=CARTESIAN_POINT('Ctrl Pts',(-52.5084574740814,-5.60820267616936,
1.59331043040024));
#14100=CARTESIAN_POINT('Ctrl Pts',(-52.5955677801408,-6.20360211995989,
1.58716263815104));
#14101=CARTESIAN_POINT('Ctrl Pts',(-52.4676863722466,-6.23192048515681,
2.51773251989686));
#14102=CARTESIAN_POINT('Ctrl Pts',(-52.5358875333367,-6.69807581414006,
2.51291923673321));
#14103=CARTESIAN_POINT('Ctrl Pts',(-52.0696830669839,-6.76628416430528,
2.51291923673319));
#14104=CARTESIAN_POINT('Ctrl Pts',(-51.6034786006311,-6.8344925144705,2.51291923673318));
#14105=CARTESIAN_POINT('Ctrl Pts',(-51.535277439541,-6.36833718548724,2.51773251989683));
#14106=CARTESIAN_POINT('Ctrl Pts',(-51.4670762784508,-5.90218185650398,
2.52254580306049));
#14107=CARTESIAN_POINT('Ctrl Pts',(-51.9332807448036,-5.83397350633876,
2.5225458030605));
#14108=CARTESIAN_POINT('Ctrl Pts',(-52.3994852111564,-5.76576515617355,
2.52254580306051));
#14109=CARTESIAN_POINT('Ctrl Pts',(-52.4676863722466,-6.23192048515681,
2.51773251989686));
#14110=CARTESIAN_POINT('',(-52.5938036354601,-6.20399277638251,1.6));
#14111=CARTESIAN_POINT('Ctrl Pts',(-52.468205693151,-6.23180548549214,2.5139535155792));
#14112=CARTESIAN_POINT('Ctrl Pts',(-52.5938036354601,-6.20399277638252,
1.6));
#14113=CARTESIAN_POINT('Origin',(-52.,-6.29,1.6));
#14114=CARTESIAN_POINT('Origin',(-52.,-6.29,1.6));
#14115=CARTESIAN_POINT('',(0.,0.,0.));
#14116=CARTESIAN_POINT('Ctrl Pts',(-51.6287276062272,-8.84383465160948,
2.6));
#14117=CARTESIAN_POINT('Ctrl Pts',(-51.6300477520183,-8.95532574352552,
2.6));
#14118=CARTESIAN_POINT('Ctrl Pts',(-51.7393980249795,-9.17631775999389,
2.6));
#14119=CARTESIAN_POINT('Ctrl Pts',(-52.1010514220519,-9.25383469213224,
2.6));
#14120=CARTESIAN_POINT('Ctrl Pts',(-52.3884170338686,-9.02008189458485,
2.6));
#14121=CARTESIAN_POINT('Ctrl Pts',(-52.3830915557511,-8.65003766697505,
2.6));
#14122=CARTESIAN_POINT('Ctrl Pts',(-52.0915762996156,-8.42175995308499,
2.6));
#14123=CARTESIAN_POINT('Ctrl Pts',(-51.7314555321916,-8.50956573159242,
2.6));
#14124=CARTESIAN_POINT('Ctrl Pts',(-51.6274074604361,-8.73234355969342,
2.6));
#14125=CARTESIAN_POINT('Ctrl Pts',(-51.6287276062272,-8.84383465160948,
2.6));
#14126=CARTESIAN_POINT('Ctrl Pts',(-51.6014920265259,-8.84415714316727,
2.6));
#14127=CARTESIAN_POINT('Ctrl Pts',(-51.6028504074453,-8.96382183798475,
2.60000182804254));
#14128=CARTESIAN_POINT('Ctrl Pts',(-51.7200529866771,-9.20109265732466,
2.60000062290224));
#14129=CARTESIAN_POINT('Ctrl Pts',(-52.1084148623543,-9.28442389170923,
2.60000134660395));
#14130=CARTESIAN_POINT('Ctrl Pts',(-52.4169240563738,-9.03331603466594,
2.60000112139291));
#14131=CARTESIAN_POINT('Ctrl Pts',(-52.4109201057738,-8.63615629394769,
2.59999988947631));
#14132=CARTESIAN_POINT('Ctrl Pts',(-52.0981099892755,-8.39140913196262,
2.59999730530249));
#14133=CARTESIAN_POINT('Ctrl Pts',(-51.7118597298594,-8.48558933978197,
2.59999998745421));
#14134=CARTESIAN_POINT('Ctrl Pts',(-51.6001336456065,-8.72449244834966,
2.59999817195746));
#14135=CARTESIAN_POINT('Ctrl Pts',(-51.6014920265259,-8.84415714316726,
2.6));
#14136=CARTESIAN_POINT('Ctrl Pts',(-51.554186586366,-8.84471727830139,2.57939962787236));
#14137=CARTESIAN_POINT('Ctrl Pts',(-51.5556161427604,-8.97850392208097,
2.57930737259433));
#14138=CARTESIAN_POINT('Ctrl Pts',(-51.686547928467,-9.24407896962372,2.57911167575499));
#14139=CARTESIAN_POINT('Ctrl Pts',(-52.1211841187716,-9.33748372265773,
2.57900263534413));
#14140=CARTESIAN_POINT('Ctrl Pts',(-52.4663273991109,-9.05627157299469,
2.57916254407762));
#14141=CARTESIAN_POINT('Ctrl Pts',(-52.4592350727016,-8.61205773793701,
2.57946870285178));
#14142=CARTESIAN_POINT('Ctrl Pts',(-52.1094265637927,-8.33879458057636,
2.57968995251123));
#14143=CARTESIAN_POINT('Ctrl Pts',(-51.6778734798845,-8.44392993677032,
2.579660828979));
#14144=CARTESIAN_POINT('Ctrl Pts',(-51.5527570299715,-8.71093063452151,
2.57949188315038));
#14145=CARTESIAN_POINT('Ctrl Pts',(-51.554186586366,-8.84471727830139,2.57939962787236));
#14146=CARTESIAN_POINT('Ctrl Pts',(-51.5325916903254,-8.84497297954737,
2.53426219249569));
#14147=CARTESIAN_POINT('Ctrl Pts',(-51.5341544306897,-8.98524473201008,
2.53401349370584));
#14148=CARTESIAN_POINT('Ctrl Pts',(-51.6715105794544,-9.2634749503719,2.53348484309813));
#14149=CARTESIAN_POINT('Ctrl Pts',(-52.1268906564016,-9.36123043437333,
2.53319209556753));
#14150=CARTESIAN_POINT('Ctrl Pts',(-52.488601699744,-9.066732425443,2.53362198850161));
#14151=CARTESIAN_POINT('Ctrl Pts',(-52.4814407598037,-8.60111457246684,
2.53444849326646));
#14152=CARTESIAN_POINT('Ctrl Pts',(-52.1147323060242,-8.31434735823332,
2.53504809440593));
#14153=CARTESIAN_POINT('Ctrl Pts',(-51.6620664806957,-8.4246908907918,2.53497015184199));
#14154=CARTESIAN_POINT('Ctrl Pts',(-51.531028949961,-8.70470122708427,2.53451089128554));
#14155=CARTESIAN_POINT('Ctrl Pts',(-51.5325916903254,-8.84497297954737,
2.53426219249569));
#14156=CARTESIAN_POINT('Ctrl Pts',(-51.5297245370643,-8.84500692898893,
2.51403631226758));
#14157=CARTESIAN_POINT('Ctrl Pts',(-51.5313529140117,-8.98611945496776,
2.51373646808202));
#14158=CARTESIAN_POINT('Ctrl Pts',(-51.6696783695308,-9.26592446624275,
2.51309867662804));
#14159=CARTESIAN_POINT('Ctrl Pts',(-52.1275827328365,-9.36413314230239,
2.51274651681901));
#14160=CARTESIAN_POINT('Ctrl Pts',(-52.491377578727,-9.06809718591856,2.51326396386655));
#14161=CARTESIAN_POINT('Ctrl Pts',(-52.4844465286533,-8.59969390671321,
2.5142609137291));
#14162=CARTESIAN_POINT('Ctrl Pts',(-52.1154842085478,-8.31095813828604,
2.51498564900763));
#14163=CARTESIAN_POINT('Ctrl Pts',(-51.6598600500369,-8.42202832086662,
2.51489191081594));
#14164=CARTESIAN_POINT('Ctrl Pts',(-51.5280961601169,-8.7038944030097,2.51433615645313));
#14165=CARTESIAN_POINT('Ctrl Pts',(-51.5297245370643,-8.84500692898893,
2.51403631226758));
#14166=CARTESIAN_POINT('',(-51.5297245370643,-8.84500692898893,2.51403631226758));
#14167=CARTESIAN_POINT('',(-51.6287276062272,-8.84383465160948,2.6));
#14168=CARTESIAN_POINT('Origin',(-51.6287276062272,-8.84383465160948,2.5));
#14169=CARTESIAN_POINT('Ctrl Pts',(-51.6287276062272,-8.84383465160948,
2.6));
#14170=CARTESIAN_POINT('Ctrl Pts',(-51.6300477520183,-8.95532574352552,
2.6));
#14171=CARTESIAN_POINT('Ctrl Pts',(-51.7393980249795,-9.17631775999389,
2.6));
#14172=CARTESIAN_POINT('Ctrl Pts',(-52.1010514220519,-9.25383469213224,
2.6));
#14173=CARTESIAN_POINT('Ctrl Pts',(-52.3884170338686,-9.02008189458485,
2.6));
#14174=CARTESIAN_POINT('Ctrl Pts',(-52.3830915557511,-8.65003766697505,
2.6));
#14175=CARTESIAN_POINT('Ctrl Pts',(-52.0915762996156,-8.42175995308499,
2.6));
#14176=CARTESIAN_POINT('Ctrl Pts',(-51.7314555321916,-8.50956573159242,
2.6));
#14177=CARTESIAN_POINT('Ctrl Pts',(-51.6274074604361,-8.73234355969342,
2.6));
#14178=CARTESIAN_POINT('Ctrl Pts',(-51.6287276062272,-8.84383465160948,
2.6));
#14179=CARTESIAN_POINT('',(-52.4678304169051,-8.77186688028409,2.51390026113919));
#14180=CARTESIAN_POINT('Ctrl Pts',(-51.5297245370643,-8.84500692898893,
2.51403631226758));
#14181=CARTESIAN_POINT('Ctrl Pts',(-51.5280961601169,-8.7038944030097,2.51433615645313));
#14182=CARTESIAN_POINT('Ctrl Pts',(-51.6598600500369,-8.42202832086662,
2.51489191081594));
#14183=CARTESIAN_POINT('Ctrl Pts',(-52.1154842085478,-8.31095813828604,
2.51498564900763));
#14184=CARTESIAN_POINT('Ctrl Pts',(-52.4048678216924,-8.53741866110488,
2.51441722642883));
#14185=CARTESIAN_POINT('Ctrl Pts',(-52.4608154552701,-8.72244691165706,
2.51400733502108));
#14186=CARTESIAN_POINT('Ctrl Pts',(-52.4678304169051,-8.77186688028409,
2.51390026113918));
#14187=CARTESIAN_POINT('Ctrl Pts',(-52.4678304169051,-8.77186688028409,
2.51390026113918));
#14188=CARTESIAN_POINT('Ctrl Pts',(-52.4806905382852,-8.8624656359459,2.51370396881579));
#14189=CARTESIAN_POINT('Ctrl Pts',(-52.4485768034214,-9.10292606982027,
2.51320308577807));
#14190=CARTESIAN_POINT('Ctrl Pts',(-52.1275827328365,-9.36413314230239,
2.51274651681901));
#14191=CARTESIAN_POINT('Ctrl Pts',(-51.6696783695308,-9.26592446624275,
2.51309867662804));
#14192=CARTESIAN_POINT('Ctrl Pts',(-51.5313529140117,-8.98611945496776,
2.51373646808202));
#14193=CARTESIAN_POINT('Ctrl Pts',(-51.5297245370643,-8.84500692898893,
2.51403631226758));
#14194=CARTESIAN_POINT('Origin',(-52.0015081624774,-8.84030829922238,2.6));
#14195=CARTESIAN_POINT('Ctrl Pts',(-52.5955677801408,-8.74360211995989,
1.58716263815104));
#14196=CARTESIAN_POINT('Ctrl Pts',(-52.6826780862002,-9.33900156375043,
1.58101484590185));
#14197=CARTESIAN_POINT('Ctrl Pts',(-52.0872158814356,-9.42612105209526,
1.58101484590183));
#14198=CARTESIAN_POINT('Ctrl Pts',(-51.491753676671,-9.5132405404401,1.58101484590181));
#14199=CARTESIAN_POINT('Ctrl Pts',(-51.4046433706117,-8.91784109664956,
1.58716263815101));
#14200=CARTESIAN_POINT('Ctrl Pts',(-51.3175330645523,-8.32244165285903,
1.59331043040021));
#14201=CARTESIAN_POINT('Ctrl Pts',(-51.9129952693169,-8.23532216451419,
1.59331043040023));
#14202=CARTESIAN_POINT('Ctrl Pts',(-52.5084574740814,-8.14820267616936,
1.59331043040024));
#14203=CARTESIAN_POINT('Ctrl Pts',(-52.5955677801408,-8.74360211995989,
1.58716263815104));
#14204=CARTESIAN_POINT('Ctrl Pts',(-52.4676863722466,-8.77192048515681,
2.51773251989686));
#14205=CARTESIAN_POINT('Ctrl Pts',(-52.5358875333367,-9.23807581414006,
2.51291923673321));
#14206=CARTESIAN_POINT('Ctrl Pts',(-52.0696830669839,-9.30628416430528,
2.51291923673319));
#14207=CARTESIAN_POINT('Ctrl Pts',(-51.6034786006311,-9.3744925144705,2.51291923673318));
#14208=CARTESIAN_POINT('Ctrl Pts',(-51.535277439541,-8.90833718548724,2.51773251989683));
#14209=CARTESIAN_POINT('Ctrl Pts',(-51.4670762784508,-8.44218185650398,
2.52254580306049));
#14210=CARTESIAN_POINT('Ctrl Pts',(-51.9332807448036,-8.37397350633877,
2.5225458030605));
#14211=CARTESIAN_POINT('Ctrl Pts',(-52.3994852111564,-8.30576515617355,
2.52254580306051));
#14212=CARTESIAN_POINT('Ctrl Pts',(-52.4676863722466,-8.77192048515681,
2.51773251989686));
#14213=CARTESIAN_POINT('',(-52.5938036354601,-8.74399277638251,1.6));
#14214=CARTESIAN_POINT('Ctrl Pts',(-52.4682056681751,-8.77180549102286,
2.51395369732407));
#14215=CARTESIAN_POINT('Ctrl Pts',(-52.5938036354601,-8.74399277638251,
1.6));
#14216=CARTESIAN_POINT('Origin',(-52.,-8.83,1.6));
#14217=CARTESIAN_POINT('Origin',(-52.,-8.83,1.6));
#14218=CARTESIAN_POINT('',(0.,0.,0.));
#14219=CARTESIAN_POINT('Ctrl Pts',(-51.6287276062272,-11.3838346516095,
2.6));
#14220=CARTESIAN_POINT('Ctrl Pts',(-51.6300477520183,-11.4953257435255,
2.6));
#14221=CARTESIAN_POINT('Ctrl Pts',(-51.7394025476534,-11.7163223482592,
2.6));
#14222=CARTESIAN_POINT('Ctrl Pts',(-52.1010506268598,-11.793828861512,2.6));
#14223=CARTESIAN_POINT('Ctrl Pts',(-52.3884216316762,-11.5600835609674,
2.6));
#14224=CARTESIAN_POINT('Ctrl Pts',(-52.3830870380044,-11.1900393905362,
2.6));
#14225=CARTESIAN_POINT('Ctrl Pts',(-52.0915770863133,-10.9617548038111,
2.6));
#14226=CARTESIAN_POINT('Ctrl Pts',(-51.7314592172354,-11.0495680164228,
2.6));
#14227=CARTESIAN_POINT('Ctrl Pts',(-51.6274074604361,-11.2723435596934,
2.6));
#14228=CARTESIAN_POINT('Ctrl Pts',(-51.6287276062272,-11.3838346516095,
2.6));
#14229=CARTESIAN_POINT('Ctrl Pts',(-51.6014920265259,-11.3841571431673,
2.6));
#14230=CARTESIAN_POINT('Ctrl Pts',(-51.6028504074453,-11.5038218379849,
2.60000182804254));
#14231=CARTESIAN_POINT('Ctrl Pts',(-51.7200574598506,-11.7410982526002,
2.60000066554043));
#14232=CARTESIAN_POINT('Ctrl Pts',(-52.1084142022308,-11.8244181437159,
2.60000138803703));
#14233=CARTESIAN_POINT('Ctrl Pts',(-52.4169296513709,-11.5733181362892,
2.6000011522306));
#14234=CARTESIAN_POINT('Ctrl Pts',(-52.4109158159529,-11.1761578399955,
2.5999998713984));
#14235=CARTESIAN_POINT('Ctrl Pts',(-52.0981110379133,-10.9314030569398,
2.59999726358628));
#14236=CARTESIAN_POINT('Ctrl Pts',(-51.7118633713814,-11.0255912217968,
2.5999999396527));
#14237=CARTESIAN_POINT('Ctrl Pts',(-51.6001336456065,-11.2644924483497,
2.59999817195746));
#14238=CARTESIAN_POINT('Ctrl Pts',(-51.6014920265259,-11.3841571431673,
2.6));
#14239=CARTESIAN_POINT('Ctrl Pts',(-51.5541869430862,-11.3847172740775,
2.57939927903917));
#14240=CARTESIAN_POINT('Ctrl Pts',(-51.5556164994807,-11.5185039178575,
2.57930702376115));
#14241=CARTESIAN_POINT('Ctrl Pts',(-51.6865535916903,-11.7840841136014,
2.57911130508308));
#14242=CARTESIAN_POINT('Ctrl Pts',(-52.1211830191035,-11.8774761259532,
2.57900227309644));
#14243=CARTESIAN_POINT('Ctrl Pts',(-52.4663324903398,-11.596273346398,2.57916218101544));
#14244=CARTESIAN_POINT('Ctrl Pts',(-52.4592292268914,-11.1520601576149,
2.57946835903711));
#14245=CARTESIAN_POINT('Ctrl Pts',(-52.1094274112669,-10.8787888829053,
2.57968962201002));
#14246=CARTESIAN_POINT('Ctrl Pts',(-51.6778781196246,-10.9839332214484,
2.57966049630644));
#14247=CARTESIAN_POINT('Ctrl Pts',(-51.5527573866917,-11.2509306302976,
2.5794915343172));
#14248=CARTESIAN_POINT('Ctrl Pts',(-51.5541869430862,-11.3847172740775,
2.57939927903917));
#14249=CARTESIAN_POINT('Ctrl Pts',(-51.5325916903254,-11.3849729795474,
2.53426219249569));
#14250=CARTESIAN_POINT('Ctrl Pts',(-51.5341544306897,-11.5252447320105,
2.53401349370584));
#14251=CARTESIAN_POINT('Ctrl Pts',(-51.6715160079407,-11.8034812211912,
2.53348482204848));
#14252=CARTESIAN_POINT('Ctrl Pts',(-52.1268897865404,-11.9012234118066,
2.53319210063265));
#14253=CARTESIAN_POINT('Ctrl Pts',(-52.4886079420329,-11.6067347387861,
2.53362197694247));
#14254=CARTESIAN_POINT('Ctrl Pts',(-52.48143548452,-11.1411165653105,2.53444849422789));
#14255=CARTESIAN_POINT('Ctrl Pts',(-52.1147334374793,-10.8543405313815,
2.53504811372305));
#14256=CARTESIAN_POINT('Ctrl Pts',(-51.6620708822325,-10.9646933877196,
2.5349701551639));
#14257=CARTESIAN_POINT('Ctrl Pts',(-51.531028949961,-11.2447012270842,2.53451089128554));
#14258=CARTESIAN_POINT('Ctrl Pts',(-51.5325916903254,-11.3849729795474,
2.53426219249569));
#14259=CARTESIAN_POINT('Ctrl Pts',(-51.5297245370643,-11.3850069289889,
2.51403631226758));
#14260=CARTESIAN_POINT('Ctrl Pts',(-51.5313529140117,-11.5261194549682,
2.51373646808202));
#14261=CARTESIAN_POINT('Ctrl Pts',(-51.6696840915723,-11.8059303046125,
2.51309866204762));
#14262=CARTESIAN_POINT('Ctrl Pts',(-52.1275817284353,-11.9041257423596,
2.51274653310443));
#14263=CARTESIAN_POINT('Ctrl Pts',(-52.4913834081993,-11.6080992980753,
2.51326395751837));
#14264=CARTESIAN_POINT('Ctrl Pts',(-52.4844408308268,-11.1396961099935,
2.51426091051368));
#14265=CARTESIAN_POINT('Ctrl Pts',(-52.1154852065757,-10.8509516393405,
2.51498566225414));
#14266=CARTESIAN_POINT('Ctrl Pts',(-51.6598646981488,-10.9620312192522,
2.51489190316411));
#14267=CARTESIAN_POINT('Ctrl Pts',(-51.5280961601169,-11.2438944030096,
2.51433615645313));
#14268=CARTESIAN_POINT('Ctrl Pts',(-51.5297245370643,-11.3850069289889,
2.51403631226758));
#14269=CARTESIAN_POINT('',(-51.5297245370643,-11.3850069289889,2.51403631226758));
#14270=CARTESIAN_POINT('',(-51.6287276062272,-11.3838346516095,2.6));
#14271=CARTESIAN_POINT('Origin',(-51.6287276062272,-11.3838346516095,2.5));
#14272=CARTESIAN_POINT('Ctrl Pts',(-51.6287276062272,-11.3838346516095,
2.6));
#14273=CARTESIAN_POINT('Ctrl Pts',(-51.6300477520183,-11.4953257435255,
2.6));
#14274=CARTESIAN_POINT('Ctrl Pts',(-51.7394025476534,-11.7163223482592,
2.6));
#14275=CARTESIAN_POINT('Ctrl Pts',(-52.1010506268598,-11.793828861512,2.6));
#14276=CARTESIAN_POINT('Ctrl Pts',(-52.3884216316762,-11.5600835609674,
2.6));
#14277=CARTESIAN_POINT('Ctrl Pts',(-52.3830870380044,-11.1900393905362,
2.6));
#14278=CARTESIAN_POINT('Ctrl Pts',(-52.0915770863133,-10.9617548038111,
2.6));
#14279=CARTESIAN_POINT('Ctrl Pts',(-51.7314592172354,-11.0495680164228,
2.6));
#14280=CARTESIAN_POINT('Ctrl Pts',(-51.6274074604361,-11.2723435596934,
2.6));
#14281=CARTESIAN_POINT('Ctrl Pts',(-51.6287276062272,-11.3838346516095,
2.6));
#14282=CARTESIAN_POINT('',(-52.467829475888,-11.3118685853441,2.51390025760868));
#14283=CARTESIAN_POINT('Ctrl Pts',(-51.5297245370643,-11.3850069289889,
2.51403631226758));
#14284=CARTESIAN_POINT('Ctrl Pts',(-51.5280961601169,-11.2438944030096,
2.51433615645313));
#14285=CARTESIAN_POINT('Ctrl Pts',(-51.6598646981488,-10.9620312192522,
2.51489190316411));
#14286=CARTESIAN_POINT('Ctrl Pts',(-52.1154852065757,-10.8509516393405,
2.51498566225414));
#14287=CARTESIAN_POINT('Ctrl Pts',(-52.4048635680444,-11.0774189874676,
2.51441722676396));
#14288=CARTESIAN_POINT('Ctrl Pts',(-52.4608137414192,-11.26244847991,2.51400733199861));
#14289=CARTESIAN_POINT('Ctrl Pts',(-52.467829475888,-11.3118685853441,2.51390025760868));
#14290=CARTESIAN_POINT('Ctrl Pts',(-52.467829475888,-11.3118685853441,2.51390025760868));
#14291=CARTESIAN_POINT('Ctrl Pts',(-52.4806910140594,-11.4024675918063,
2.51370396435395));
#14292=CARTESIAN_POINT('Ctrl Pts',(-52.4485818288827,-11.6429270628704,
2.51320308209276));
#14293=CARTESIAN_POINT('Ctrl Pts',(-52.1275817284353,-11.9041257423596,
2.51274653310443));
#14294=CARTESIAN_POINT('Ctrl Pts',(-51.6696840915723,-11.8059303046125,
2.51309866204762));
#14295=CARTESIAN_POINT('Ctrl Pts',(-51.5313529140117,-11.5261194549682,
2.51373646808202));
#14296=CARTESIAN_POINT('Ctrl Pts',(-51.5297245370643,-11.3850069289889,
2.51403631226758));
#14297=CARTESIAN_POINT('Origin',(-52.0015081624774,-11.3803082992224,2.6));
#14298=CARTESIAN_POINT('Ctrl Pts',(-52.5955677801408,-11.2836021199599,
1.58716263815104));
#14299=CARTESIAN_POINT('Ctrl Pts',(-52.6826780862002,-11.8790015637504,
1.58101484590185));
#14300=CARTESIAN_POINT('Ctrl Pts',(-52.0872158814356,-11.9661210520953,
1.58101484590183));
#14301=CARTESIAN_POINT('Ctrl Pts',(-51.491753676671,-12.0532405404401,1.58101484590181));
#14302=CARTESIAN_POINT('Ctrl Pts',(-51.4046433706117,-11.4578410966496,
1.58716263815101));
#14303=CARTESIAN_POINT('Ctrl Pts',(-51.3175330645523,-10.862441652859,1.59331043040021));
#14304=CARTESIAN_POINT('Ctrl Pts',(-51.9129952693168,-10.7753221645142,
1.59331043040023));
#14305=CARTESIAN_POINT('Ctrl Pts',(-52.5084574740814,-10.6882026761694,
1.59331043040024));
#14306=CARTESIAN_POINT('Ctrl Pts',(-52.5955677801408,-11.2836021199599,
1.58716263815104));
#14307=CARTESIAN_POINT('Ctrl Pts',(-52.4676863722466,-11.3119204851568,
2.51773251989686));
#14308=CARTESIAN_POINT('Ctrl Pts',(-52.5358875333367,-11.7780758141401,
2.51291923673321));
#14309=CARTESIAN_POINT('Ctrl Pts',(-52.0696830669839,-11.8462841643053,
2.51291923673319));
#14310=CARTESIAN_POINT('Ctrl Pts',(-51.6034786006311,-11.9144925144705,
2.51291923673318));
#14311=CARTESIAN_POINT('Ctrl Pts',(-51.535277439541,-11.4483371854872,2.51773251989683));
#14312=CARTESIAN_POINT('Ctrl Pts',(-51.4670762784508,-10.982181856504,2.52254580306049));
#14313=CARTESIAN_POINT('Ctrl Pts',(-51.9332807448036,-10.9139735063388,
2.5225458030605));
#14314=CARTESIAN_POINT('Ctrl Pts',(-52.3994852111564,-10.8457651561735,
2.52254580306051));
#14315=CARTESIAN_POINT('Ctrl Pts',(-52.4676863722466,-11.3119204851568,
2.51773251989686));
#14316=CARTESIAN_POINT('',(-52.5938036354601,-11.2839927763825,1.6));
#14317=CARTESIAN_POINT('Ctrl Pts',(-52.468205644233,-11.3118054963246,2.51395387154617));
#14318=CARTESIAN_POINT('Ctrl Pts',(-52.5938036354601,-11.2839927763825,
1.6));
#14319=CARTESIAN_POINT('Origin',(-52.,-11.37,1.6));
#14320=CARTESIAN_POINT('Origin',(-52.,-11.37,1.6));
#14321=CARTESIAN_POINT('',(0.,0.,0.));
#14322=CARTESIAN_POINT('Ctrl Pts',(-51.6287276062272,-13.9238346516095,
2.6));
#14323=CARTESIAN_POINT('Ctrl Pts',(-51.6300477520183,-14.0353257435255,
2.6));
#14324=CARTESIAN_POINT('Ctrl Pts',(-51.7394068808748,-14.2563266537714,
2.6));
#14325=CARTESIAN_POINT('Ctrl Pts',(-52.1010499691329,-14.3338232779762,
2.6));
#14326=CARTESIAN_POINT('Ctrl Pts',(-52.3884259934581,-14.1000851026785,
2.6));
#14327=CARTESIAN_POINT('Ctrl Pts',(-52.3830827242772,-13.7300410141666,
2.6));
#14328=CARTESIAN_POINT('Ctrl Pts',(-52.0915778337152,-13.5017499150475,
2.6));
#14329=CARTESIAN_POINT('Ctrl Pts',(-51.7314627973805,-13.589570134242,2.6));
#14330=CARTESIAN_POINT('Ctrl Pts',(-51.6274074604361,-13.8123435596934,
2.6));
#14331=CARTESIAN_POINT('Ctrl Pts',(-51.6287276062272,-13.9238346516095,
2.6));
#14332=CARTESIAN_POINT('Ctrl Pts',(-51.6014920265259,-13.9241571431673,
2.6));
#14333=CARTESIAN_POINT('Ctrl Pts',(-51.6028504074453,-14.0438218379848,
2.60000182804254));
#14334=CARTESIAN_POINT('Ctrl Pts',(-51.7200617529274,-14.2811035260794,
2.60000070721707));
#14335=CARTESIAN_POINT('Ctrl Pts',(-52.1084136887889,-14.3644126581989,
2.60000142918529));
#14336=CARTESIAN_POINT('Ctrl Pts',(-52.4169349761327,-14.1133200949952,
2.60000118216754));
#14337=CARTESIAN_POINT('Ctrl Pts',(-52.4109117415967,-13.7161592829032,
2.59999985358915));
#14338=CARTESIAN_POINT('Ctrl Pts',(-52.0981120425493,-13.4713972765576,
2.59999722305997));
#14339=CARTESIAN_POINT('Ctrl Pts',(-51.7118669149922,-13.5655929307316,
2.59999989246691));
#14340=CARTESIAN_POINT('Ctrl Pts',(-51.6001336456065,-13.8044924483498,
2.59999817195746));
#14341=CARTESIAN_POINT('Ctrl Pts',(-51.6014920265259,-13.9241571431673,
2.6));
#14342=CARTESIAN_POINT('Ctrl Pts',(-51.554187277213,-13.9247172701212,2.57939895229992));
#14343=CARTESIAN_POINT('Ctrl Pts',(-51.5556168336074,-14.058503913901,2.5793066970219));
#14344=CARTESIAN_POINT('Ctrl Pts',(-51.6865590095742,-14.3240889398889,
2.57911095751593));
#14345=CARTESIAN_POINT('Ctrl Pts',(-52.121182091396,-14.4174688568995,2.57900193338138));
#14346=CARTESIAN_POINT('Ctrl Pts',(-52.4663373240436,-14.1362749841944,
2.57916184075433));
#14347=CARTESIAN_POINT('Ctrl Pts',(-52.4592236500678,-13.6920624415394,
2.57946803717082));
#14348=CARTESIAN_POINT('Ctrl Pts',(-52.1094282164423,-13.418783472221,2.57968931276331));
#14349=CARTESIAN_POINT('Ctrl Pts',(-51.6778826174991,-13.5239362791888,
2.57966018520924));
#14350=CARTESIAN_POINT('Ctrl Pts',(-51.5527577208185,-13.7909306263416,
2.57949120757795));
#14351=CARTESIAN_POINT('Ctrl Pts',(-51.554187277213,-13.9247172701212,2.57939895229992));
#14352=CARTESIAN_POINT('Ctrl Pts',(-51.5325916903254,-13.9249729795474,
2.53426219249569));
#14353=CARTESIAN_POINT('Ctrl Pts',(-51.5341544306897,-14.0652447320104,
2.53401349370584));
#14354=CARTESIAN_POINT('Ctrl Pts',(-51.6715212140639,-14.3434871215904,
2.53348480191704));
#14355=CARTESIAN_POINT('Ctrl Pts',(-52.1268890891748,-14.4412166998071,
2.53319210514403));
#14356=CARTESIAN_POINT('Ctrl Pts',(-52.4886138758826,-14.1467368891044,
2.53362196591917));
#14357=CARTESIAN_POINT('Ctrl Pts',(-52.4814304628839,-13.6811184347779,
2.53444849529382));
#14358=CARTESIAN_POINT('Ctrl Pts',(-52.1147345183252,-13.3943340419934,
2.53504813224047));
#14359=CARTESIAN_POINT('Ctrl Pts',(-51.6620751625386,-13.5046956789461,
2.53497015876219));
#14360=CARTESIAN_POINT('Ctrl Pts',(-51.531028949961,-13.7847012270846,2.53451089128554));
#14361=CARTESIAN_POINT('Ctrl Pts',(-51.5325916903254,-13.9249729795474,
2.53426219249569));
#14362=CARTESIAN_POINT('Ctrl Pts',(-51.5297245370643,-13.9250069289889,
2.51403631226758));
#14363=CARTESIAN_POINT('Ctrl Pts',(-51.5313529140117,-14.0661194549681,
2.51373646808202));
#14364=CARTESIAN_POINT('Ctrl Pts',(-51.6696895740423,-14.3459357835455,
2.51309864832506));
#14365=CARTESIAN_POINT('Ctrl Pts',(-52.1275808980844,-14.4441186561591,
2.51274654865629));
#14366=CARTESIAN_POINT('Ctrl Pts',(-52.491388938827,-14.1481012525004,2.51326395159729));
#14367=CARTESIAN_POINT('Ctrl Pts',(-52.4844353908228,-13.6796981864991,
2.51426090749163));
#14368=CARTESIAN_POINT('Ctrl Pts',(-52.1154861549142,-13.3909454697075,
2.5149856748223));
#14369=CARTESIAN_POINT('Ctrl Pts',(-51.6598692140653,-13.5020339064512,
2.51489189599814));
#14370=CARTESIAN_POINT('Ctrl Pts',(-51.5280961601169,-13.7838944030101,
2.51433615645313));
#14371=CARTESIAN_POINT('Ctrl Pts',(-51.5297245370643,-13.9250069289889,
2.51403631226758));
#14372=CARTESIAN_POINT('',(-51.5297245370643,-13.9250069289889,2.51403631226758));
#14373=CARTESIAN_POINT('',(-51.6287276062272,-13.9238346516095,2.6));
#14374=CARTESIAN_POINT('Origin',(-51.6287276062272,-13.9238346516095,2.5));
#14375=CARTESIAN_POINT('Ctrl Pts',(-51.6287276062272,-13.9238346516095,
2.6));
#14376=CARTESIAN_POINT('Ctrl Pts',(-51.6300477520183,-14.0353257435255,
2.6));
#14377=CARTESIAN_POINT('Ctrl Pts',(-51.7394068808748,-14.2563266537714,
2.6));
#14378=CARTESIAN_POINT('Ctrl Pts',(-52.1010499691329,-14.3338232779762,
2.6));
#14379=CARTESIAN_POINT('Ctrl Pts',(-52.3884259934581,-14.1000851026785,
2.6));
#14380=CARTESIAN_POINT('Ctrl Pts',(-52.3830827242772,-13.7300410141666,
2.6));
#14381=CARTESIAN_POINT('Ctrl Pts',(-52.0915778337152,-13.5017499150475,
2.6));
#14382=CARTESIAN_POINT('Ctrl Pts',(-51.7314627973805,-13.589570134242,2.6));
#14383=CARTESIAN_POINT('Ctrl Pts',(-51.6274074604361,-13.8123435596934,
2.6));
#14384=CARTESIAN_POINT('Ctrl Pts',(-51.6287276062272,-13.9238346516095,
2.6));
#14385=CARTESIAN_POINT('',(-52.4678285647435,-13.8518701755796,2.51390025431502));
#14386=CARTESIAN_POINT('Ctrl Pts',(-51.5297245370643,-13.9250069289889,
2.51403631226758));
#14387=CARTESIAN_POINT('Ctrl Pts',(-51.5280961601169,-13.7838944030101,
2.51433615645313));
#14388=CARTESIAN_POINT('Ctrl Pts',(-51.6598692140653,-13.5020339064512,
2.51489189599814));
#14389=CARTESIAN_POINT('Ctrl Pts',(-52.1154861549142,-13.3909454697075,
2.5149856748223));
#14390=CARTESIAN_POINT('Ctrl Pts',(-52.4048595058939,-13.6174192854255,
2.51441722710445));
#14391=CARTESIAN_POINT('Ctrl Pts',(-52.460812094105,-13.8024499437689,2.51400732917998));
#14392=CARTESIAN_POINT('Ctrl Pts',(-52.4678285647435,-13.8518701755796,
2.51390025431502));
#14393=CARTESIAN_POINT('Ctrl Pts',(-52.4678285647435,-13.8518701755796,
2.51390025431502));
#14394=CARTESIAN_POINT('Ctrl Pts',(-52.480691452492,-13.9424694137206,2.51370396018944));
#14395=CARTESIAN_POINT('Ctrl Pts',(-52.4485866111358,-14.1829279536581,
2.51320307869799));
#14396=CARTESIAN_POINT('Ctrl Pts',(-52.1275808980844,-14.4441186561591,
2.51274654865629));
#14397=CARTESIAN_POINT('Ctrl Pts',(-51.6696895740423,-14.3459357835455,
2.51309864832506));
#14398=CARTESIAN_POINT('Ctrl Pts',(-51.5313529140117,-14.0661194549681,
2.51373646808202));
#14399=CARTESIAN_POINT('Ctrl Pts',(-51.5297245370643,-13.9250069289889,
2.51403631226758));
#14400=CARTESIAN_POINT('Origin',(-52.0015081624774,-13.9203082992224,2.6));
#14401=CARTESIAN_POINT('Ctrl Pts',(-52.5955677801408,-13.8236021199599,
1.58716263815104));
#14402=CARTESIAN_POINT('Ctrl Pts',(-52.6826780862002,-14.4190015637504,
1.58101484590185));
#14403=CARTESIAN_POINT('Ctrl Pts',(-52.0872158814356,-14.5061210520953,
1.58101484590183));
#14404=CARTESIAN_POINT('Ctrl Pts',(-51.491753676671,-14.5932405404401,1.58101484590181));
#14405=CARTESIAN_POINT('Ctrl Pts',(-51.4046433706117,-13.9978410966496,
1.58716263815101));
#14406=CARTESIAN_POINT('Ctrl Pts',(-51.3175330645523,-13.402441652859,1.59331043040021));
#14407=CARTESIAN_POINT('Ctrl Pts',(-51.9129952693168,-13.3153221645142,
1.59331043040023));
#14408=CARTESIAN_POINT('Ctrl Pts',(-52.5084574740814,-13.2282026761694,
1.59331043040024));
#14409=CARTESIAN_POINT('Ctrl Pts',(-52.5955677801408,-13.8236021199599,
1.58716263815104));
#14410=CARTESIAN_POINT('Ctrl Pts',(-52.4676863722466,-13.8519204851568,
2.51773251989686));
#14411=CARTESIAN_POINT('Ctrl Pts',(-52.5358875333367,-14.3180758141401,
2.51291923673321));
#14412=CARTESIAN_POINT('Ctrl Pts',(-52.0696830669839,-14.3862841643053,
2.51291923673319));
#14413=CARTESIAN_POINT('Ctrl Pts',(-51.6034786006311,-14.4544925144705,
2.51291923673318));
#14414=CARTESIAN_POINT('Ctrl Pts',(-51.535277439541,-13.9883371854872,2.51773251989683));
#14415=CARTESIAN_POINT('Ctrl Pts',(-51.4670762784508,-13.522181856504,2.52254580306049));
#14416=CARTESIAN_POINT('Ctrl Pts',(-51.9332807448036,-13.4539735063388,
2.5225458030605));
#14417=CARTESIAN_POINT('Ctrl Pts',(-52.3994852111564,-13.3857651561735,
2.52254580306051));
#14418=CARTESIAN_POINT('Ctrl Pts',(-52.4676863722466,-13.8519204851568,
2.51773251989686));
#14419=CARTESIAN_POINT('',(-52.5938036354601,-13.8239927763825,1.6));
#14420=CARTESIAN_POINT('Ctrl Pts',(-52.4682056212831,-13.8518055014067,
2.51395403854872));
#14421=CARTESIAN_POINT('Ctrl Pts',(-52.5938036354601,-13.8239927763825,
1.6));
#14422=CARTESIAN_POINT('Origin',(-52.,-13.91,1.6));
#14423=CARTESIAN_POINT('Origin',(-52.,-13.91,1.6));
#14424=CARTESIAN_POINT('',(0.,0.,0.));
#14425=CARTESIAN_POINT('Ctrl Pts',(-51.6287276062272,-16.4638346516095,
2.6));
#14426=CARTESIAN_POINT('Ctrl Pts',(-51.6300477520183,-16.5753257435255,
2.6));
#14427=CARTESIAN_POINT('Ctrl Pts',(-51.7394110387293,-16.7963306989125,
2.6));
#14428=CARTESIAN_POINT('Ctrl Pts',(-52.1010494351751,-16.8738179236198,
2.6));
#14429=CARTESIAN_POINT('Ctrl Pts',(-52.3884301387951,-16.6400865296291,
2.6));
#14430=CARTESIAN_POINT('Ctrl Pts',(-52.3830786005543,-16.2700425448757,
2.6));
#14431=CARTESIAN_POINT('Ctrl Pts',(-52.0915785457565,-16.0417452661043,
2.6));
#14432=CARTESIAN_POINT('Ctrl Pts',(-51.7314662766205,-16.129572099716,2.6));
#14433=CARTESIAN_POINT('Ctrl Pts',(-51.6274074604361,-16.3523435596934,
2.6));
#14434=CARTESIAN_POINT('Ctrl Pts',(-51.6287276062272,-16.4638346516095,
2.6));
#14435=CARTESIAN_POINT('Ctrl Pts',(-51.6014920265259,-16.4641571431673,
2.6));
#14436=CARTESIAN_POINT('Ctrl Pts',(-51.6028504074453,-16.5838218379848,
2.60000182804254));
#14437=CARTESIAN_POINT('Ctrl Pts',(-51.7200658794887,-16.8211085027884,
2.60000074797907));
#14438=CARTESIAN_POINT('Ctrl Pts',(-52.1084133074231,-16.9044074155653,
2.60000147002675));
#14439=CARTESIAN_POINT('Ctrl Pts',(-52.4169400527223,-16.6533219219593,
2.60000121125711));
#14440=CARTESIAN_POINT('Ctrl Pts',(-52.4109078674428,-16.256160630176,2.59999983604586));
#14441=CARTESIAN_POINT('Ctrl Pts',(-52.0981130076101,-16.0113917678002,
2.59999718365964));
#14442=CARTESIAN_POINT('Ctrl Pts',(-51.7118703642339,-16.1055944824859,
2.59999984590327));
#14443=CARTESIAN_POINT('Ctrl Pts',(-51.6001336456065,-16.3444924483496,
2.59999817195746));
#14444=CARTESIAN_POINT('Ctrl Pts',(-51.6014920265259,-16.4641571431673,
2.6));
#14445=CARTESIAN_POINT('Ctrl Pts',(-51.5541875908269,-16.4647172664078,
2.57939864562001));
#14446=CARTESIAN_POINT('Ctrl Pts',(-51.5556171472213,-16.5985039101875,
2.57930639034199));
#14447=CARTESIAN_POINT('Ctrl Pts',(-51.6865642007828,-16.8640934732861,
2.57911063093715));
#14448=CARTESIAN_POINT('Ctrl Pts',(-52.1211813185837,-16.9574618914015,
2.57900161413112));
#14449=CARTESIAN_POINT('Ctrl Pts',(-52.4663419212989,-16.6762764970191,
2.57916152120073));
#14450=CARTESIAN_POINT('Ctrl Pts',(-52.45921832324,-16.2320645994311,2.57946773522848));
#14451=CARTESIAN_POINT('Ctrl Pts',(-52.109428983567,-15.9587783259887,2.57968902280333));
#14452=CARTESIAN_POINT('Ctrl Pts',(-51.6778869798311,-16.0639391298388,
2.57965989368772));
#14453=CARTESIAN_POINT('Ctrl Pts',(-51.5527580344324,-16.3309306226278,
2.57949090089804));
#14454=CARTESIAN_POINT('Ctrl Pts',(-51.5541875908269,-16.4647172664078,
2.57939864562001));
#14455=CARTESIAN_POINT('Ctrl Pts',(-51.5325916903254,-16.4649729795474,
2.53426219249569));
#14456=CARTESIAN_POINT('Ctrl Pts',(-51.5341544306897,-16.6052447320102,
2.53401349370584));
#14457=CARTESIAN_POINT('Ctrl Pts',(-51.6715262144909,-16.8834926805835,
2.53348478263751));
#14458=CARTESIAN_POINT('Ctrl Pts',(-52.1268885471345,-16.9812102754875,
2.53319210915168));
#14459=CARTESIAN_POINT('Ctrl Pts',(-52.4886195266317,-16.686738889242,2.53362195539241));
#14460=CARTESIAN_POINT('Ctrl Pts',(-52.4814256771428,-16.2211201896849,
2.53444849645379));
#14461=CARTESIAN_POINT('Ctrl Pts',(-52.1147355536463,-15.9343278635168,
2.53504815001535));
#14462=CARTESIAN_POINT('Ctrl Pts',(-51.6620793260978,-16.0446977830045,
2.53497016260207));
#14463=CARTESIAN_POINT('Ctrl Pts',(-51.531028949961,-16.3247012270841,2.53451089128554));
#14464=CARTESIAN_POINT('Ctrl Pts',(-51.5325916903254,-16.4649729795474,
2.53426219249569));
#14465=CARTESIAN_POINT('Ctrl Pts',(-51.5297245370643,-16.4650069289889,
2.51403631226758));
#14466=CARTESIAN_POINT('Ctrl Pts',(-51.5313529140117,-16.6061194549679,
2.51373646808202));
#14467=CARTESIAN_POINT('Ctrl Pts',(-51.6696948347557,-16.8859409314897,
2.51309863539288));
#14468=CARTESIAN_POINT('Ctrl Pts',(-52.1275802244472,-16.9841118609692,
2.51274656352916));
#14469=CARTESIAN_POINT('Ctrl Pts',(-52.4913941953949,-16.6881030617403,
2.51326394606895));
#14470=CARTESIAN_POINT('Ctrl Pts',(-52.4844301909188,-16.2197001451074,
2.51426090464953));
#14471=CARTESIAN_POINT('Ctrl Pts',(-52.1154870585416,-15.9309396032242,
2.51498568676579));
#14472=CARTESIAN_POINT('Ctrl Pts',(-51.6598736028149,-16.0420364010049,
2.51489188927743));
#14473=CARTESIAN_POINT('Ctrl Pts',(-51.5280961601169,-16.3238944030096,
2.51433615645313));
#14474=CARTESIAN_POINT('Ctrl Pts',(-51.5297245370643,-16.4650069289889,
2.51403631226758));
#14475=CARTESIAN_POINT('',(-51.5297245370643,-16.4650069289889,2.51403631226758));
#14476=CARTESIAN_POINT('',(-51.6287276062272,-16.4638346516095,2.6));
#14477=CARTESIAN_POINT('Origin',(-51.6287276062272,-16.4638346516095,2.5));
#14478=CARTESIAN_POINT('Ctrl Pts',(-51.6287276062272,-16.4638346516095,
2.6));
#14479=CARTESIAN_POINT('Ctrl Pts',(-51.6300477520183,-16.5753257435255,
2.6));
#14480=CARTESIAN_POINT('Ctrl Pts',(-51.7394110387293,-16.7963306989125,
2.6));
#14481=CARTESIAN_POINT('Ctrl Pts',(-52.1010494351751,-16.8738179236198,
2.6));
#14482=CARTESIAN_POINT('Ctrl Pts',(-52.3884301387951,-16.6400865296291,
2.6));
#14483=CARTESIAN_POINT('Ctrl Pts',(-52.3830786005543,-16.2700425448757,
2.6));
#14484=CARTESIAN_POINT('Ctrl Pts',(-52.0915785457565,-16.0417452661043,
2.6));
#14485=CARTESIAN_POINT('Ctrl Pts',(-51.7314662766205,-16.129572099716,2.6));
#14486=CARTESIAN_POINT('Ctrl Pts',(-51.6274074604361,-16.3523435596934,
2.6));
#14487=CARTESIAN_POINT('Ctrl Pts',(-51.6287276062272,-16.4638346516095,
2.6));
#14488=CARTESIAN_POINT('',(-52.4678276830761,-16.3918716594612,2.51390025124028));
#14489=CARTESIAN_POINT('Ctrl Pts',(-51.5297245370643,-16.4650069289889,
2.51403631226758));
#14490=CARTESIAN_POINT('Ctrl Pts',(-51.5280961601169,-16.3238944030096,
2.51433615645313));
#14491=CARTESIAN_POINT('Ctrl Pts',(-51.6598736028149,-16.0420364010049,
2.51489188927743));
#14492=CARTESIAN_POINT('Ctrl Pts',(-52.1154870585416,-15.9309396032242,
2.51498568676579));
#14493=CARTESIAN_POINT('Ctrl Pts',(-52.4048556224147,-16.1574195562988,
2.51441722745133));
#14494=CARTESIAN_POINT('Ctrl Pts',(-52.4608105101572,-16.3424513107856,
2.51400732655008));
#14495=CARTESIAN_POINT('Ctrl Pts',(-52.4678276830761,-16.3918716594612,
2.51390025124028));
#14496=CARTESIAN_POINT('Ctrl Pts',(-52.4678276830761,-16.3918716594612,
2.51390025124028));
#14497=CARTESIAN_POINT('Ctrl Pts',(-52.4806918582746,-16.4824711118439,
2.5137039562992));
#14498=CARTESIAN_POINT('Ctrl Pts',(-52.4485911700099,-16.7229287505795,
2.51320307556987));
#14499=CARTESIAN_POINT('Ctrl Pts',(-52.1275802244472,-16.9841118609692,
2.51274656352916));
#14500=CARTESIAN_POINT('Ctrl Pts',(-51.6696948347557,-16.8859409314897,
2.51309863539288));
#14501=CARTESIAN_POINT('Ctrl Pts',(-51.5313529140117,-16.6061194549679,
2.51373646808202));
#14502=CARTESIAN_POINT('Ctrl Pts',(-51.5297245370643,-16.4650069289889,
2.51403631226758));
#14503=CARTESIAN_POINT('Origin',(-52.0015081624774,-16.4603082992224,2.6));
#14504=CARTESIAN_POINT('Ctrl Pts',(-52.5955677801408,-16.3636021199599,
1.58716263815104));
#14505=CARTESIAN_POINT('Ctrl Pts',(-52.6826780862002,-16.9590015637504,
1.58101484590185));
#14506=CARTESIAN_POINT('Ctrl Pts',(-52.0872158814356,-17.0461210520953,
1.58101484590183));
#14507=CARTESIAN_POINT('Ctrl Pts',(-51.491753676671,-17.1332405404401,1.58101484590181));
#14508=CARTESIAN_POINT('Ctrl Pts',(-51.4046433706117,-16.5378410966496,
1.58716263815101));
#14509=CARTESIAN_POINT('Ctrl Pts',(-51.3175330645523,-15.942441652859,1.59331043040021));
#14510=CARTESIAN_POINT('Ctrl Pts',(-51.9129952693168,-15.8553221645142,
1.59331043040023));
#14511=CARTESIAN_POINT('Ctrl Pts',(-52.5084574740814,-15.7682026761694,
1.59331043040024));
#14512=CARTESIAN_POINT('Ctrl Pts',(-52.5955677801408,-16.3636021199599,
1.58716263815104));
#14513=CARTESIAN_POINT('Ctrl Pts',(-52.4676863722466,-16.3919204851568,
2.51773251989686));
#14514=CARTESIAN_POINT('Ctrl Pts',(-52.5358875333367,-16.8580758141401,
2.51291923673321));
#14515=CARTESIAN_POINT('Ctrl Pts',(-52.0696830669839,-16.9262841643053,
2.51291923673319));
#14516=CARTESIAN_POINT('Ctrl Pts',(-51.6034786006311,-16.9944925144705,
2.51291923673318));
#14517=CARTESIAN_POINT('Ctrl Pts',(-51.535277439541,-16.5283371854872,2.51773251989683));
#14518=CARTESIAN_POINT('Ctrl Pts',(-51.4670762784508,-16.062181856504,2.52254580306049));
#14519=CARTESIAN_POINT('Ctrl Pts',(-51.9332807448036,-15.9939735063388,
2.5225458030605));
#14520=CARTESIAN_POINT('Ctrl Pts',(-52.3994852111564,-15.9257651561735,
2.52254580306051));
#14521=CARTESIAN_POINT('Ctrl Pts',(-52.4676863722466,-16.3919204851568,
2.51773251989686));
#14522=CARTESIAN_POINT('',(-52.5938036354601,-16.3639927763825,1.6));
#14523=CARTESIAN_POINT('Ctrl Pts',(-52.4682055992856,-16.3918055062779,
2.51395419862018));
#14524=CARTESIAN_POINT('Ctrl Pts',(-52.5938036354601,-16.3639927763825,
1.6));
#14525=CARTESIAN_POINT('Origin',(-52.,-16.45,1.6));
#14526=CARTESIAN_POINT('Origin',(-52.,-16.45,1.6));
#14527=CARTESIAN_POINT('',(0.,0.,0.));
#14528=CARTESIAN_POINT('Origin',(47.4,30.5,1.6));
#14529=CARTESIAN_POINT('',(-47.4,30.5,1.6));
#14530=CARTESIAN_POINT('',(47.4,30.5,1.6));
#14531=CARTESIAN_POINT('',(23.7,30.5,1.6));
#14532=CARTESIAN_POINT('',(-47.4,30.5,6.45));
#14533=CARTESIAN_POINT('',(-47.4,30.5,1.6));
#14534=CARTESIAN_POINT('',(47.4,30.5,6.45));
#14535=CARTESIAN_POINT('',(23.7,30.5,6.45));
#14536=CARTESIAN_POINT('',(47.4,30.5,1.6));
#14537=CARTESIAN_POINT('Origin',(47.4,-30.5,1.6));
#14538=CARTESIAN_POINT('',(47.4,-30.5,1.6));
#14539=CARTESIAN_POINT('',(47.4,-15.25,1.6));
#14540=CARTESIAN_POINT('',(47.4,-30.5,6.45));
#14541=CARTESIAN_POINT('',(47.4,-15.25,6.45));
#14542=CARTESIAN_POINT('',(47.4,-30.5,1.6));
#14543=CARTESIAN_POINT('Origin',(-47.4,-30.5,1.6));
#14544=CARTESIAN_POINT('',(-47.4,-30.5,1.6));
#14545=CARTESIAN_POINT('',(-23.7,-30.5,1.6));
#14546=CARTESIAN_POINT('',(-47.4,-30.5,6.45));
#14547=CARTESIAN_POINT('',(-23.7,-30.5,6.45));
#14548=CARTESIAN_POINT('',(-47.4,-30.5,1.6));
#14549=CARTESIAN_POINT('Origin',(-47.4,30.5,1.6));
#14550=CARTESIAN_POINT('',(-47.4,15.25,1.6));
#14551=CARTESIAN_POINT('',(-47.4,15.25,6.45));
#14552=CARTESIAN_POINT('Origin',(0.,0.,6.45));
#14553=CARTESIAN_POINT('Origin',(0.,0.,1.6));
#14554=CARTESIAN_POINT('Origin',(-52.,-13.91,0.));
#14555=CARTESIAN_POINT('',(-52.6,-13.91,1.6));
#14556=CARTESIAN_POINT('Origin',(-52.,-13.91,1.6));
#14557=CARTESIAN_POINT('',(-52.6,-13.91,0.));
#14558=CARTESIAN_POINT('',(-52.6,-13.91,0.));
#14559=CARTESIAN_POINT('Origin',(-52.,-13.91,0.));
#14560=CARTESIAN_POINT('Origin',(-52.,-11.37,0.));
#14561=CARTESIAN_POINT('',(-52.6,-11.37,1.6));
#14562=CARTESIAN_POINT('Origin',(-52.,-11.37,1.6));
#14563=CARTESIAN_POINT('',(-52.6,-11.37,0.));
#14564=CARTESIAN_POINT('',(-52.6,-11.37,0.));
#14565=CARTESIAN_POINT('Origin',(-52.,-11.37,0.));
#14566=CARTESIAN_POINT('Origin',(-52.,-6.29,0.));
#14567=CARTESIAN_POINT('',(-52.6,-6.29,1.6));
#14568=CARTESIAN_POINT('Origin',(-52.,-6.29,1.6));
#14569=CARTESIAN_POINT('',(-52.6,-6.29,0.));
#14570=CARTESIAN_POINT('',(-52.6,-6.29,0.));
#14571=CARTESIAN_POINT('Origin',(-52.,-6.29,0.));
#14572=CARTESIAN_POINT('Origin',(-51.,-27.5,0.));
#14573=CARTESIAN_POINT('',(-52.6,-27.5,1.6));
#14574=CARTESIAN_POINT('Origin',(-51.,-27.5,1.6));
#14575=CARTESIAN_POINT('',(-52.6,-27.5,0.));
#14576=CARTESIAN_POINT('',(-52.6,-27.5,0.));
#14577=CARTESIAN_POINT('Origin',(-51.,-27.5,0.));
#14578=CARTESIAN_POINT('Origin',(-52.,11.49,0.));
#14579=CARTESIAN_POINT('',(-52.6,11.49,1.6));
#14580=CARTESIAN_POINT('Origin',(-52.,11.49,1.6));
#14581=CARTESIAN_POINT('',(-52.6,11.49,0.));
#14582=CARTESIAN_POINT('',(-52.6,11.49,0.));
#14583=CARTESIAN_POINT('Origin',(-52.,11.49,0.));
#14584=CARTESIAN_POINT('Origin',(-52.,-8.83,0.));
#14585=CARTESIAN_POINT('',(-52.6,-8.83,1.6));
#14586=CARTESIAN_POINT('Origin',(-52.,-8.83,1.6));
#14587=CARTESIAN_POINT('',(-52.6,-8.83,0.));
#14588=CARTESIAN_POINT('',(-52.6,-8.83,0.));
#14589=CARTESIAN_POINT('Origin',(-52.,-8.83,0.));
#14590=CARTESIAN_POINT('Origin',(-51.,27.38,0.));
#14591=CARTESIAN_POINT('',(-52.6,27.38,1.6));
#14592=CARTESIAN_POINT('Origin',(-51.,27.38,1.6));
#14593=CARTESIAN_POINT('',(-52.6,27.38,0.));
#14594=CARTESIAN_POINT('',(-52.6,27.38,0.));
#14595=CARTESIAN_POINT('Origin',(-51.,27.38,0.));
#14596=CARTESIAN_POINT('Origin',(-52.,8.95,0.));
#14597=CARTESIAN_POINT('',(-52.6,8.95,1.6));
#14598=CARTESIAN_POINT('Origin',(-52.,8.95,1.6));
#14599=CARTESIAN_POINT('',(-52.6,8.95,0.));
#14600=CARTESIAN_POINT('',(-52.6,8.95,0.));
#14601=CARTESIAN_POINT('Origin',(-52.,8.95,0.));
#14602=CARTESIAN_POINT('Origin',(-52.,-3.75,0.));
#14603=CARTESIAN_POINT('',(-52.6,-3.75,1.6));
#14604=CARTESIAN_POINT('Origin',(-52.,-3.75,1.6));
#14605=CARTESIAN_POINT('',(-52.6,-3.75,0.));
#14606=CARTESIAN_POINT('',(-52.6,-3.75,0.));
#14607=CARTESIAN_POINT('Origin',(-52.,-3.75,0.));
#14608=CARTESIAN_POINT('Origin',(-52.,16.57,0.));
#14609=CARTESIAN_POINT('',(-52.6,16.57,1.6));
#14610=CARTESIAN_POINT('Origin',(-52.,16.57,1.6));
#14611=CARTESIAN_POINT('',(-52.6,16.57,0.));
#14612=CARTESIAN_POINT('',(-52.6,16.57,0.));
#14613=CARTESIAN_POINT('Origin',(-52.,16.57,0.));
#14614=CARTESIAN_POINT('Origin',(51.,-27.5,0.));
#14615=CARTESIAN_POINT('',(49.4,-27.5,1.6));
#14616=CARTESIAN_POINT('Origin',(51.,-27.5,1.6));
#14617=CARTESIAN_POINT('',(49.4,-27.5,0.));
#14618=CARTESIAN_POINT('',(49.4,-27.5,0.));
#14619=CARTESIAN_POINT('Origin',(51.,-27.5,0.));
#14620=CARTESIAN_POINT('Origin',(-52.,-16.45,0.));
#14621=CARTESIAN_POINT('',(-52.6,-16.45,1.6));
#14622=CARTESIAN_POINT('Origin',(-52.,-16.45,1.6));
#14623=CARTESIAN_POINT('',(-52.6,-16.45,0.));
#14624=CARTESIAN_POINT('',(-52.6,-16.45,0.));
#14625=CARTESIAN_POINT('Origin',(-52.,-16.45,0.));
#14626=CARTESIAN_POINT('Origin',(-52.,3.87,0.));
#14627=CARTESIAN_POINT('',(-52.6,3.87,1.6));
#14628=CARTESIAN_POINT('Origin',(-52.,3.87,1.6));
#14629=CARTESIAN_POINT('',(-52.6,3.87,0.));
#14630=CARTESIAN_POINT('',(-52.6,3.87,0.));
#14631=CARTESIAN_POINT('Origin',(-52.,3.87,0.));
#14632=CARTESIAN_POINT('Origin',(-52.,6.41,0.));
#14633=CARTESIAN_POINT('',(-52.6,6.41,1.6));
#14634=CARTESIAN_POINT('Origin',(-52.,6.41,1.6));
#14635=CARTESIAN_POINT('',(-52.6,6.41,0.));
#14636=CARTESIAN_POINT('',(-52.6,6.41,0.));
#14637=CARTESIAN_POINT('Origin',(-52.,6.41,0.));
#14638=CARTESIAN_POINT('Origin',(-52.,1.33,0.));
#14639=CARTESIAN_POINT('',(-52.6,1.33,1.6));
#14640=CARTESIAN_POINT('Origin',(-52.,1.33,1.6));
#14641=CARTESIAN_POINT('',(-52.6,1.33,0.));
#14642=CARTESIAN_POINT('',(-52.6,1.33,0.));
#14643=CARTESIAN_POINT('Origin',(-52.,1.33,0.));
#14644=CARTESIAN_POINT('Origin',(-52.,-1.21,0.));
#14645=CARTESIAN_POINT('',(-52.6,-1.21,1.6));
#14646=CARTESIAN_POINT('Origin',(-52.,-1.21,1.6));
#14647=CARTESIAN_POINT('',(-52.6,-1.21,0.));
#14648=CARTESIAN_POINT('',(-52.6,-1.21,0.));
#14649=CARTESIAN_POINT('Origin',(-52.,-1.21,0.));
#14650=CARTESIAN_POINT('Origin',(51.,27.38,0.));
#14651=CARTESIAN_POINT('',(49.4,27.38,1.6));
#14652=CARTESIAN_POINT('Origin',(51.,27.38,1.6));
#14653=CARTESIAN_POINT('',(49.4,27.38,0.));
#14654=CARTESIAN_POINT('',(49.4,27.38,0.));
#14655=CARTESIAN_POINT('Origin',(51.,27.38,0.));
#14656=CARTESIAN_POINT('Origin',(-52.,14.03,0.));
#14657=CARTESIAN_POINT('',(-52.6,14.03,1.6));
#14658=CARTESIAN_POINT('Origin',(-52.,14.03,1.6));
#14659=CARTESIAN_POINT('',(-52.6,14.03,0.));
#14660=CARTESIAN_POINT('',(-52.6,14.03,0.));
#14661=CARTESIAN_POINT('Origin',(-52.,14.03,0.));
#14662=CARTESIAN_POINT('Origin',(54.,-30.5,0.));
#14663=CARTESIAN_POINT('',(54.,30.5,0.));
#14664=CARTESIAN_POINT('',(54.,-30.5,0.));
#14665=CARTESIAN_POINT('',(54.,30.5,0.));
#14666=CARTESIAN_POINT('',(54.,30.5,1.6));
#14667=CARTESIAN_POINT('',(54.,30.5,0.));
#14668=CARTESIAN_POINT('',(54.,-30.5,1.6));
#14669=CARTESIAN_POINT('',(54.,30.5,1.6));
#14670=CARTESIAN_POINT('',(54.,-30.5,0.));
#14671=CARTESIAN_POINT('Origin',(-54.,-30.5,0.));
#14672=CARTESIAN_POINT('',(-54.,-30.5,0.));
#14673=CARTESIAN_POINT('',(54.,-30.5,0.));
#14674=CARTESIAN_POINT('',(-54.,-30.5,1.6));
#14675=CARTESIAN_POINT('',(54.,-30.5,1.6));
#14676=CARTESIAN_POINT('',(-54.,-30.5,0.));
#14677=CARTESIAN_POINT('Origin',(-54.,30.5,0.));
#14678=CARTESIAN_POINT('',(-54.,30.5,0.));
#14679=CARTESIAN_POINT('',(-54.,-30.5,0.));
#14680=CARTESIAN_POINT('',(-54.,30.5,1.6));
#14681=CARTESIAN_POINT('',(-54.,-30.5,1.6));
#14682=CARTESIAN_POINT('',(-54.,30.5,0.));
#14683=CARTESIAN_POINT('Origin',(54.,30.5,0.));
#14684=CARTESIAN_POINT('',(-54.,30.5,0.));
#14685=CARTESIAN_POINT('',(-54.,30.5,1.6));
#14686=CARTESIAN_POINT('Origin',(0.,0.,1.6));
#14687=CARTESIAN_POINT('Origin',(0.,0.,0.));
#14688=CARTESIAN_POINT('',(-52.0015081624775,-16.4603082992224,-1.08946711247863E-13));
#14689=CARTESIAN_POINT('',(0.,0.,0.));
#14690=CARTESIAN_POINT('',(0.,0.,0.));
#14691=CARTESIAN_POINT('',(0.,0.,0.));
#14692=CARTESIAN_POINT('',(0.,0.,0.));
#14693=CARTESIAN_POINT('',(0.,0.,0.));
#14694=CARTESIAN_POINT('',(0.,0.,0.));
#14695=CARTESIAN_POINT('',(0.,0.,0.));
#14696=CARTESIAN_POINT('',(0.,0.,0.));
#14697=CARTESIAN_POINT('',(0.,0.,0.));
#14698=CARTESIAN_POINT('',(0.,0.,0.));
#14699=CARTESIAN_POINT('',(0.,0.,0.));
#14700=CARTESIAN_POINT('',(0.,0.,0.));
#14701=CARTESIAN_POINT('',(0.,0.,0.));
#14702=CARTESIAN_POINT('',(0.,0.,0.));
#14703=CARTESIAN_POINT('',(0.,0.,0.));
#14704=CARTESIAN_POINT('Origin',(0.,0.,0.));
#14705=UNCERTAINTY_MEASURE_WITH_UNIT(LENGTH_MEASURE(0.01),#14743,
'DISTANCE_ACCURACY_VALUE',
'Maximum model space distance between geometric entities at asserted c
onnectivities');
#14706=UNCERTAINTY_MEASURE_WITH_UNIT(LENGTH_MEASURE(0.01),#14743,
'DISTANCE_ACCURACY_VALUE',
'Maximum model space distance between geometric entities at asserted c
onnectivities');
#14707=UNCERTAINTY_MEASURE_WITH_UNIT(LENGTH_MEASURE(0.01),#14743,
'DISTANCE_ACCURACY_VALUE',
'Maximum model space distance between geometric entities at asserted c
onnectivities');
#14708=UNCERTAINTY_MEASURE_WITH_UNIT(LENGTH_MEASURE(0.01),#14743,
'DISTANCE_ACCURACY_VALUE',
'Maximum model space distance between geometric entities at asserted c
onnectivities');
#14709=UNCERTAINTY_MEASURE_WITH_UNIT(LENGTH_MEASURE(0.01),#14743,
'DISTANCE_ACCURACY_VALUE',
'Maximum model space distance between geometric entities at asserted c
onnectivities');
#14710=UNCERTAINTY_MEASURE_WITH_UNIT(LENGTH_MEASURE(0.01),#14743,
'DISTANCE_ACCURACY_VALUE',
'Maximum model space distance between geometric entities at asserted c
onnectivities');
#14711=UNCERTAINTY_MEASURE_WITH_UNIT(LENGTH_MEASURE(0.01),#14743,
'DISTANCE_ACCURACY_VALUE',
'Maximum model space distance between geometric entities at asserted c
onnectivities');
#14712=UNCERTAINTY_MEASURE_WITH_UNIT(LENGTH_MEASURE(0.01),#14743,
'DISTANCE_ACCURACY_VALUE',
'Maximum model space distance between geometric entities at asserted c
onnectivities');
#14713=UNCERTAINTY_MEASURE_WITH_UNIT(LENGTH_MEASURE(0.01),#14743,
'DISTANCE_ACCURACY_VALUE',
'Maximum model space distance between geometric entities at asserted c
onnectivities');
#14714=UNCERTAINTY_MEASURE_WITH_UNIT(LENGTH_MEASURE(0.01),#14743,
'DISTANCE_ACCURACY_VALUE',
'Maximum model space distance between geometric entities at asserted c
onnectivities');
#14715=UNCERTAINTY_MEASURE_WITH_UNIT(LENGTH_MEASURE(0.01),#14743,
'DISTANCE_ACCURACY_VALUE',
'Maximum model space distance between geometric entities at asserted c
onnectivities');
#14716=UNCERTAINTY_MEASURE_WITH_UNIT(LENGTH_MEASURE(0.01),#14743,
'DISTANCE_ACCURACY_VALUE',
'Maximum model space distance between geometric entities at asserted c
onnectivities');
#14717=UNCERTAINTY_MEASURE_WITH_UNIT(LENGTH_MEASURE(0.01),#14743,
'DISTANCE_ACCURACY_VALUE',
'Maximum model space distance between geometric entities at asserted c
onnectivities');
#14718=UNCERTAINTY_MEASURE_WITH_UNIT(LENGTH_MEASURE(0.01),#14743,
'DISTANCE_ACCURACY_VALUE',
'Maximum model space distance between geometric entities at asserted c
onnectivities');
#14719=UNCERTAINTY_MEASURE_WITH_UNIT(LENGTH_MEASURE(0.01),#14743,
'DISTANCE_ACCURACY_VALUE',
'Maximum model space distance between geometric entities at asserted c
onnectivities');
#14720=UNCERTAINTY_MEASURE_WITH_UNIT(LENGTH_MEASURE(0.01),#14743,
'DISTANCE_ACCURACY_VALUE',
'Maximum model space distance between geometric entities at asserted c
onnectivities');
#14721=UNCERTAINTY_MEASURE_WITH_UNIT(LENGTH_MEASURE(0.01),#14743,
'DISTANCE_ACCURACY_VALUE',
'Maximum model space distance between geometric entities at asserted c
onnectivities');
#14722=UNCERTAINTY_MEASURE_WITH_UNIT(LENGTH_MEASURE(0.01),#14743,
'DISTANCE_ACCURACY_VALUE',
'Maximum model space distance between geometric entities at asserted c
onnectivities');
#14723=UNCERTAINTY_MEASURE_WITH_UNIT(LENGTH_MEASURE(0.01),#14743,
'DISTANCE_ACCURACY_VALUE',
'Maximum model space distance between geometric entities at asserted c
onnectivities');
#14724=(
GEOMETRIC_REPRESENTATION_CONTEXT(3)
GLOBAL_UNCERTAINTY_ASSIGNED_CONTEXT((#14705))
GLOBAL_UNIT_ASSIGNED_CONTEXT((#14743,#14745,#14746))
REPRESENTATION_CONTEXT('','3D')
);
#14725=(
GEOMETRIC_REPRESENTATION_CONTEXT(3)
GLOBAL_UNCERTAINTY_ASSIGNED_CONTEXT((#14706))
GLOBAL_UNIT_ASSIGNED_CONTEXT((#14743,#14745,#14746))
REPRESENTATION_CONTEXT('','3D')
);
#14726=(
GEOMETRIC_REPRESENTATION_CONTEXT(3)
GLOBAL_UNCERTAINTY_ASSIGNED_CONTEXT((#14707))
GLOBAL_UNIT_ASSIGNED_CONTEXT((#14743,#14745,#14746))
REPRESENTATION_CONTEXT('','3D')
);
#14727=(
GEOMETRIC_REPRESENTATION_CONTEXT(3)
GLOBAL_UNCERTAINTY_ASSIGNED_CONTEXT((#14708))
GLOBAL_UNIT_ASSIGNED_CONTEXT((#14743,#14745,#14746))
REPRESENTATION_CONTEXT('','3D')
);
#14728=(
GEOMETRIC_REPRESENTATION_CONTEXT(3)
GLOBAL_UNCERTAINTY_ASSIGNED_CONTEXT((#14709))
GLOBAL_UNIT_ASSIGNED_CONTEXT((#14743,#14745,#14746))
REPRESENTATION_CONTEXT('','3D')
);
#14729=(
GEOMETRIC_REPRESENTATION_CONTEXT(3)
GLOBAL_UNCERTAINTY_ASSIGNED_CONTEXT((#14710))
GLOBAL_UNIT_ASSIGNED_CONTEXT((#14743,#14745,#14746))
REPRESENTATION_CONTEXT('','3D')
);
#14730=(
GEOMETRIC_REPRESENTATION_CONTEXT(3)
GLOBAL_UNCERTAINTY_ASSIGNED_CONTEXT((#14711))
GLOBAL_UNIT_ASSIGNED_CONTEXT((#14743,#14745,#14746))
REPRESENTATION_CONTEXT('','3D')
);
#14731=(
GEOMETRIC_REPRESENTATION_CONTEXT(3)
GLOBAL_UNCERTAINTY_ASSIGNED_CONTEXT((#14712))
GLOBAL_UNIT_ASSIGNED_CONTEXT((#14743,#14745,#14746))
REPRESENTATION_CONTEXT('','3D')
);
#14732=(
GEOMETRIC_REPRESENTATION_CONTEXT(3)
GLOBAL_UNCERTAINTY_ASSIGNED_CONTEXT((#14713))
GLOBAL_UNIT_ASSIGNED_CONTEXT((#14743,#14745,#14746))
REPRESENTATION_CONTEXT('','3D')
);
#14733=(
GEOMETRIC_REPRESENTATION_CONTEXT(3)
GLOBAL_UNCERTAINTY_ASSIGNED_CONTEXT((#14714))
GLOBAL_UNIT_ASSIGNED_CONTEXT((#14743,#14745,#14746))
REPRESENTATION_CONTEXT('','3D')
);
#14734=(
GEOMETRIC_REPRESENTATION_CONTEXT(3)
GLOBAL_UNCERTAINTY_ASSIGNED_CONTEXT((#14715))
GLOBAL_UNIT_ASSIGNED_CONTEXT((#14743,#14745,#14746))
REPRESENTATION_CONTEXT('','3D')
);
#14735=(
GEOMETRIC_REPRESENTATION_CONTEXT(3)
GLOBAL_UNCERTAINTY_ASSIGNED_CONTEXT((#14716))
GLOBAL_UNIT_ASSIGNED_CONTEXT((#14743,#14745,#14746))
REPRESENTATION_CONTEXT('','3D')
);
#14736=(
GEOMETRIC_REPRESENTATION_CONTEXT(3)
GLOBAL_UNCERTAINTY_ASSIGNED_CONTEXT((#14717))
GLOBAL_UNIT_ASSIGNED_CONTEXT((#14743,#14745,#14746))
REPRESENTATION_CONTEXT('','3D')
);
#14737=(
GEOMETRIC_REPRESENTATION_CONTEXT(3)
GLOBAL_UNCERTAINTY_ASSIGNED_CONTEXT((#14718))
GLOBAL_UNIT_ASSIGNED_CONTEXT((#14743,#14745,#14746))
REPRESENTATION_CONTEXT('','3D')
);
#14738=(
GEOMETRIC_REPRESENTATION_CONTEXT(3)
GLOBAL_UNCERTAINTY_ASSIGNED_CONTEXT((#14719))
GLOBAL_UNIT_ASSIGNED_CONTEXT((#14743,#14745,#14746))
REPRESENTATION_CONTEXT('','3D')
);
#14739=(
GEOMETRIC_REPRESENTATION_CONTEXT(3)
GLOBAL_UNCERTAINTY_ASSIGNED_CONTEXT((#14720))
GLOBAL_UNIT_ASSIGNED_CONTEXT((#14743,#14745,#14746))
REPRESENTATION_CONTEXT('','3D')
);
#14740=(
GEOMETRIC_REPRESENTATION_CONTEXT(3)
GLOBAL_UNCERTAINTY_ASSIGNED_CONTEXT((#14721))
GLOBAL_UNIT_ASSIGNED_CONTEXT((#14743,#14745,#14746))
REPRESENTATION_CONTEXT('','3D')
);
#14741=(
GEOMETRIC_REPRESENTATION_CONTEXT(3)
GLOBAL_UNCERTAINTY_ASSIGNED_CONTEXT((#14722))
GLOBAL_UNIT_ASSIGNED_CONTEXT((#14743,#14745,#14746))
REPRESENTATION_CONTEXT('','3D')
);
#14742=(
GEOMETRIC_REPRESENTATION_CONTEXT(3)
GLOBAL_UNCERTAINTY_ASSIGNED_CONTEXT((#14723))
GLOBAL_UNIT_ASSIGNED_CONTEXT((#14743,#14745,#14746))
REPRESENTATION_CONTEXT('','3D')
);
#14743=(
LENGTH_UNIT()
NAMED_UNIT(*)
SI_UNIT(.MILLI.,.METRE.)
);
#14744=(
LENGTH_UNIT()
NAMED_UNIT(*)
SI_UNIT($,.METRE.)
);
#14745=(
NAMED_UNIT(*)
PLANE_ANGLE_UNIT()
SI_UNIT($,.RADIAN.)
);
#14746=(
NAMED_UNIT(*)
SI_UNIT($,.STERADIAN.)
SOLID_ANGLE_UNIT()
);
#14747=SHAPE_DEFINITION_REPRESENTATION(#14765,#14800);
#14748=SHAPE_DEFINITION_REPRESENTATION(#14766,#14801);
#14749=SHAPE_DEFINITION_REPRESENTATION(#14767,#14802);
#14750=SHAPE_DEFINITION_REPRESENTATION(#14769,#14803);
#14751=SHAPE_DEFINITION_REPRESENTATION(#14770,#14804);
#14752=SHAPE_DEFINITION_REPRESENTATION(#14771,#14805);
#14753=SHAPE_DEFINITION_REPRESENTATION(#14772,#14806);
#14754=SHAPE_DEFINITION_REPRESENTATION(#14773,#14807);
#14755=SHAPE_DEFINITION_REPRESENTATION(#14774,#14808);
#14756=SHAPE_DEFINITION_REPRESENTATION(#14775,#14809);
#14757=SHAPE_DEFINITION_REPRESENTATION(#14776,#14810);
#14758=SHAPE_DEFINITION_REPRESENTATION(#14777,#14811);
#14759=SHAPE_DEFINITION_REPRESENTATION(#14778,#14812);
#14760=SHAPE_DEFINITION_REPRESENTATION(#14779,#14813);
#14761=SHAPE_DEFINITION_REPRESENTATION(#14780,#14814);
#14762=SHAPE_DEFINITION_REPRESENTATION(#14781,#14815);
#14763=SHAPE_DEFINITION_REPRESENTATION(#14782,#14816);
#14764=SHAPE_DEFINITION_REPRESENTATION(#14783,#14817);
#14765=PRODUCT_DEFINITION_SHAPE('',$,#14819);
#14766=PRODUCT_DEFINITION_SHAPE('',$,#14820);
#14767=PRODUCT_DEFINITION_SHAPE('',$,#14821);
#14768=PRODUCT_DEFINITION_SHAPE($,$,#231);
#14769=PRODUCT_DEFINITION_SHAPE('',$,#14822);
#14770=PRODUCT_DEFINITION_SHAPE('',$,#14823);
#14771=PRODUCT_DEFINITION_SHAPE('',$,#14824);
#14772=PRODUCT_DEFINITION_SHAPE('',$,#14825);
#14773=PRODUCT_DEFINITION_SHAPE('',$,#14826);
#14774=PRODUCT_DEFINITION_SHAPE('',$,#14827);
#14775=PRODUCT_DEFINITION_SHAPE('',$,#14828);
#14776=PRODUCT_DEFINITION_SHAPE('',$,#14829);
#14777=PRODUCT_DEFINITION_SHAPE('',$,#14830);
#14778=PRODUCT_DEFINITION_SHAPE('',$,#14831);
#14779=PRODUCT_DEFINITION_SHAPE('',$,#14832);
#14780=PRODUCT_DEFINITION_SHAPE('',$,#14833);
#14781=PRODUCT_DEFINITION_SHAPE('',$,#14834);
#14782=PRODUCT_DEFINITION_SHAPE('',$,#14835);
#14783=PRODUCT_DEFINITION_SHAPE('',$,#14836);
#14784=PRODUCT_DEFINITION_SHAPE($,$,#232);
#14785=PRODUCT_DEFINITION_SHAPE($,$,#233);
#14786=PRODUCT_DEFINITION_SHAPE($,$,#234);
#14787=PRODUCT_DEFINITION_SHAPE($,$,#235);
#14788=PRODUCT_DEFINITION_SHAPE($,$,#236);
#14789=PRODUCT_DEFINITION_SHAPE($,$,#237);
#14790=PRODUCT_DEFINITION_SHAPE($,$,#238);
#14791=PRODUCT_DEFINITION_SHAPE($,$,#239);
#14792=PRODUCT_DEFINITION_SHAPE($,$,#240);
#14793=PRODUCT_DEFINITION_SHAPE($,$,#241);
#14794=PRODUCT_DEFINITION_SHAPE($,$,#242);
#14795=PRODUCT_DEFINITION_SHAPE($,$,#243);
#14796=PRODUCT_DEFINITION_SHAPE($,$,#244);
#14797=PRODUCT_DEFINITION_SHAPE($,$,#245);
#14798=PRODUCT_DEFINITION_SHAPE($,$,#246);
#14799=PRODUCT_DEFINITION_SHAPE($,$,#247);
#14800=SHAPE_REPRESENTATION('',(#8557,#9094,#9095,#9096,#9097,#9098,#9099,
#9100,#9101,#9102,#9103,#9104,#9105,#9106,#9107,#9108,#9109),#14724);
#14801=SHAPE_REPRESENTATION('',(#8558,#8956),#14725);
#14802=SHAPE_REPRESENTATION('',(#8559),#14726);
#14803=SHAPE_REPRESENTATION('',(#8957),#14727);
#14804=SHAPE_REPRESENTATION('',(#8962),#14728);
#14805=SHAPE_REPRESENTATION('',(#8967),#14729);
#14806=SHAPE_REPRESENTATION('',(#8972),#14730);
#14807=SHAPE_REPRESENTATION('',(#8977),#14731);
#14808=SHAPE_REPRESENTATION('',(#8982),#14732);
#14809=SHAPE_REPRESENTATION('',(#8987),#14733);
#14810=SHAPE_REPRESENTATION('',(#8992),#14734);
#14811=SHAPE_REPRESENTATION('',(#8997),#14735);
#14812=SHAPE_REPRESENTATION('',(#9002),#14736);
#14813=SHAPE_REPRESENTATION('',(#9007),#14737);
#14814=SHAPE_REPRESENTATION('',(#9012),#14738);
#14815=SHAPE_REPRESENTATION('',(#9017),#14739);
#14816=SHAPE_REPRESENTATION('',(#9022),#14740);
#14817=SHAPE_REPRESENTATION('',(#9027),#14741);
#14818=PRODUCT_DEFINITION_CONTEXT('part definition',#14874,'design');
#14819=PRODUCT_DEFINITION('4.0" SPI TFT Module',
'4.0" SPI TFT Module v2',#14837,#14818);
#14820=PRODUCT_DEFINITION('ZL201-40_P2-54_L101_W2-54_H8-9',
'14-Pin Header - Male - 2.54mm v1',#14838,#14818);
#14821=PRODUCT_DEFINITION('14-Pin Header - Male - 2.54mm',
'14-Pin Header - Male - 2.54mm',#14839,#14818);
#14822=PRODUCT_DEFINITION('Sn60Pb40','Sn60Pb40',#14840,#14818);
#14823=PRODUCT_DEFINITION('Sn60Pb40 (1)','Sn60Pb40 (1)',#14841,#14818);
#14824=PRODUCT_DEFINITION('Sn60Pb40 (2)','Sn60Pb40 (2)',#14842,#14818);
#14825=PRODUCT_DEFINITION('Sn60Pb40 (3)','Sn60Pb40 (3)',#14843,#14818);
#14826=PRODUCT_DEFINITION('Sn60Pb40 (4)','Sn60Pb40 (4)',#14844,#14818);
#14827=PRODUCT_DEFINITION('Sn60Pb40 (5)','Sn60Pb40 (5)',#14845,#14818);
#14828=PRODUCT_DEFINITION('Sn60Pb40 (6)','Sn60Pb40 (6)',#14846,#14818);
#14829=PRODUCT_DEFINITION('Sn60Pb40 (7)','Sn60Pb40 (7)',#14847,#14818);
#14830=PRODUCT_DEFINITION('Sn60Pb40 (8)','Sn60Pb40 (8)',#14848,#14818);
#14831=PRODUCT_DEFINITION('Sn60Pb40 (9)','Sn60Pb40 (9)',#14849,#14818);
#14832=PRODUCT_DEFINITION('Sn60Pb40 (10)','Sn60Pb40 (10)',#14850,#14818);
#14833=PRODUCT_DEFINITION('Sn60Pb40 (11)','Sn60Pb40 (11)',#14851,#14818);
#14834=PRODUCT_DEFINITION('Sn60Pb40 (12)','Sn60Pb40 (12)',#14852,#14818);
#14835=PRODUCT_DEFINITION('Sn60Pb40 (13)','Sn60Pb40 (13)',#14853,#14818);
#14836=PRODUCT_DEFINITION('Screen 4.0"','Screen 4.0"',#14854,#14818);
#14837=PRODUCT_DEFINITION_FORMATION('',$,#14876);
#14838=PRODUCT_DEFINITION_FORMATION('',$,#14877);
#14839=PRODUCT_DEFINITION_FORMATION('',$,#14878);
#14840=PRODUCT_DEFINITION_FORMATION('',$,#14879);
#14841=PRODUCT_DEFINITION_FORMATION('',$,#14880);
#14842=PRODUCT_DEFINITION_FORMATION('',$,#14881);
#14843=PRODUCT_DEFINITION_FORMATION('',$,#14882);
#14844=PRODUCT_DEFINITION_FORMATION('',$,#14883);
#14845=PRODUCT_DEFINITION_FORMATION('',$,#14884);
#14846=PRODUCT_DEFINITION_FORMATION('',$,#14885);
#14847=PRODUCT_DEFINITION_FORMATION('',$,#14886);
#14848=PRODUCT_DEFINITION_FORMATION('',$,#14887);
#14849=PRODUCT_DEFINITION_FORMATION('',$,#14888);
#14850=PRODUCT_DEFINITION_FORMATION('',$,#14889);
#14851=PRODUCT_DEFINITION_FORMATION('',$,#14890);
#14852=PRODUCT_DEFINITION_FORMATION('',$,#14891);
#14853=PRODUCT_DEFINITION_FORMATION('',$,#14892);
#14854=PRODUCT_DEFINITION_FORMATION('',$,#14893);
#14855=PRODUCT_RELATED_PRODUCT_CATEGORY('4.0" SPI TFT Module v2',
'4.0" SPI TFT Module v2',(#14876));
#14856=PRODUCT_RELATED_PRODUCT_CATEGORY(
'14-Pin Header - Male - 2.54mm v1','14-Pin Header - Male - 2.54mm v1',(#14877));
#14857=PRODUCT_RELATED_PRODUCT_CATEGORY('14-Pin Header - Male - 2.54mm',
'14-Pin Header - Male - 2.54mm',(#14878));
#14858=PRODUCT_RELATED_PRODUCT_CATEGORY('Sn60Pb40','Sn60Pb40',(#14879));
#14859=PRODUCT_RELATED_PRODUCT_CATEGORY('Sn60Pb40 (1)','Sn60Pb40 (1)',(#14880));
#14860=PRODUCT_RELATED_PRODUCT_CATEGORY('Sn60Pb40 (2)','Sn60Pb40 (2)',(#14881));
#14861=PRODUCT_RELATED_PRODUCT_CATEGORY('Sn60Pb40 (3)','Sn60Pb40 (3)',(#14882));
#14862=PRODUCT_RELATED_PRODUCT_CATEGORY('Sn60Pb40 (4)','Sn60Pb40 (4)',(#14883));
#14863=PRODUCT_RELATED_PRODUCT_CATEGORY('Sn60Pb40 (5)','Sn60Pb40 (5)',(#14884));
#14864=PRODUCT_RELATED_PRODUCT_CATEGORY('Sn60Pb40 (6)','Sn60Pb40 (6)',(#14885));
#14865=PRODUCT_RELATED_PRODUCT_CATEGORY('Sn60Pb40 (7)','Sn60Pb40 (7)',(#14886));
#14866=PRODUCT_RELATED_PRODUCT_CATEGORY('Sn60Pb40 (8)','Sn60Pb40 (8)',(#14887));
#14867=PRODUCT_RELATED_PRODUCT_CATEGORY('Sn60Pb40 (9)','Sn60Pb40 (9)',(#14888));
#14868=PRODUCT_RELATED_PRODUCT_CATEGORY('Sn60Pb40 (10)','Sn60Pb40 (10)',
(#14889));
#14869=PRODUCT_RELATED_PRODUCT_CATEGORY('Sn60Pb40 (11)','Sn60Pb40 (11)',
(#14890));
#14870=PRODUCT_RELATED_PRODUCT_CATEGORY('Sn60Pb40 (12)','Sn60Pb40 (12)',
(#14891));
#14871=PRODUCT_RELATED_PRODUCT_CATEGORY('Sn60Pb40 (13)','Sn60Pb40 (13)',
(#14892));
#14872=PRODUCT_RELATED_PRODUCT_CATEGORY('Screen 4.0"','Screen 4.0"',(#14893));
#14873=APPLICATION_PROTOCOL_DEFINITION('international standard',
'automotive_design',2009,#14874);
#14874=APPLICATION_CONTEXT(
'Core Data for Automotive Mechanical Design Process');
#14875=PRODUCT_CONTEXT('part definition',#14874,'mechanical');
#14876=PRODUCT('4.0" SPI TFT Module','4.0" SPI TFT Module v2',$,(#14875));
#14877=PRODUCT('ZL201-40_P2-54_L101_W2-54_H8-9',
'14-Pin Header - Male - 2.54mm v1',$,(#14875));
#14878=PRODUCT('14-Pin Header - Male - 2.54mm',
'14-Pin Header - Male - 2.54mm',$,(#14875));
#14879=PRODUCT('Sn60Pb40','Sn60Pb40',$,(#14875));
#14880=PRODUCT('Sn60Pb40 (1)','Sn60Pb40 (1)',$,(#14875));
#14881=PRODUCT('Sn60Pb40 (2)','Sn60Pb40 (2)',$,(#14875));
#14882=PRODUCT('Sn60Pb40 (3)','Sn60Pb40 (3)',$,(#14875));
#14883=PRODUCT('Sn60Pb40 (4)','Sn60Pb40 (4)',$,(#14875));
#14884=PRODUCT('Sn60Pb40 (5)','Sn60Pb40 (5)',$,(#14875));
#14885=PRODUCT('Sn60Pb40 (6)','Sn60Pb40 (6)',$,(#14875));
#14886=PRODUCT('Sn60Pb40 (7)','Sn60Pb40 (7)',$,(#14875));
#14887=PRODUCT('Sn60Pb40 (8)','Sn60Pb40 (8)',$,(#14875));
#14888=PRODUCT('Sn60Pb40 (9)','Sn60Pb40 (9)',$,(#14875));
#14889=PRODUCT('Sn60Pb40 (10)','Sn60Pb40 (10)',$,(#14875));
#14890=PRODUCT('Sn60Pb40 (11)','Sn60Pb40 (11)',$,(#14875));
#14891=PRODUCT('Sn60Pb40 (12)','Sn60Pb40 (12)',$,(#14875));
#14892=PRODUCT('Sn60Pb40 (13)','Sn60Pb40 (13)',$,(#14875));
#14893=PRODUCT('Screen 4.0"','Screen 4.0"',$,(#14875));
#14894=PRESENTATION_STYLE_ASSIGNMENT((#14901));
#14895=PRESENTATION_STYLE_ASSIGNMENT((#14902));
#14896=PRESENTATION_STYLE_ASSIGNMENT((#14903));
#14897=PRESENTATION_STYLE_ASSIGNMENT((#14904));
#14898=PRESENTATION_STYLE_ASSIGNMENT((#14905));
#14899=PRESENTATION_STYLE_ASSIGNMENT((#14906));
#14900=PRESENTATION_STYLE_ASSIGNMENT((NULL_STYLE(.NULL.)));
#14901=SURFACE_STYLE_USAGE(.BOTH.,#14907);
#14902=SURFACE_STYLE_USAGE(.BOTH.,#14908);
#14903=SURFACE_STYLE_USAGE(.BOTH.,#14909);
#14904=SURFACE_STYLE_USAGE(.BOTH.,#14910);
#14905=SURFACE_STYLE_USAGE(.BOTH.,#14911);
#14906=SURFACE_STYLE_USAGE(.BOTH.,#14912);
#14907=SURFACE_SIDE_STYLE('',(#14913));
#14908=SURFACE_SIDE_STYLE('',(#14914));
#14909=SURFACE_SIDE_STYLE('',(#14915));
#14910=SURFACE_SIDE_STYLE('',(#14916));
#14911=SURFACE_SIDE_STYLE('',(#14917));
#14912=SURFACE_SIDE_STYLE('',(#14918));
#14913=SURFACE_STYLE_FILL_AREA(#14919);
#14914=SURFACE_STYLE_FILL_AREA(#14920);
#14915=SURFACE_STYLE_FILL_AREA(#14921);
#14916=SURFACE_STYLE_FILL_AREA(#14922);
#14917=SURFACE_STYLE_FILL_AREA(#14923);
#14918=SURFACE_STYLE_FILL_AREA(#14924);
#14919=FILL_AREA_STYLE('Acier - Satin\X\E9',(#14925));
#14920=FILL_AREA_STYLE('Plastique - Mat (gris)',(#14926));
#14921=FILL_AREA_STYLE('Plastique - Mat (vert)',(#14927));
#14922=FILL_AREA_STYLE('Opaque(250,160,0)',(#14928));
#14923=FILL_AREA_STYLE('Opaque(20,20,20)',(#14929));
#14924=FILL_AREA_STYLE('Verre - Couleur lourde',(#14930));
#14925=FILL_AREA_STYLE_COLOUR('Acier - Satin\X\E9',#14931);
#14926=FILL_AREA_STYLE_COLOUR('Plastique - Mat (gris)',#14932);
#14927=FILL_AREA_STYLE_COLOUR('Plastique - Mat (vert)',#14933);
#14928=FILL_AREA_STYLE_COLOUR('Opaque(250,160,0)',#14934);
#14929=FILL_AREA_STYLE_COLOUR('Opaque(20,20,20)',#14935);
#14930=FILL_AREA_STYLE_COLOUR('Verre - Couleur lourde',#14936);
#14931=COLOUR_RGB('Acier - Satin\X\E9',0.627450980392157,0.627450980392157,
0.627450980392157);
#14932=COLOUR_RGB('Plastique - Mat (gris)',0.701960784313725,0.701960784313725,
0.701960784313725);
#14933=COLOUR_RGB('Plastique - Mat (vert)',0.266666666666667,0.588235294117647,
0.282352941176471);
#14934=COLOUR_RGB('Opaque(250,160,0)',0.980392156862745,0.627450980392157,
0.);
#14935=COLOUR_RGB('Opaque(20,20,20)',0.0784313725490196,0.0784313725490196,
0.0784313725490196);
#14936=COLOUR_RGB('Verre - Couleur lourde',0.0980392156862745,0.0980392156862745,
0.0980392156862745);
ENDSEC;
END-ISO-10303-21;
